date,ticker,bracket,bracket_type,model_name,probability,kalshi_result_yes,yes_price_9AM
2025-02-04,KXHIGHNY-25FEB04-B40.5,40-41F,central,GUMBEL,3.72353963978159e-08,False,0.01
2025-02-04,KXHIGHNY-25FEB04-B42.5,42-43F,central,GUMBEL,0.33716478821882606,False,0.01
2025-02-04,KXHIGHNY-25FEB04-B44.5,44-45F,central,GUMBEL,0.6571654379726092,False,0.01
2025-02-04,KXHIGHNY-25FEB04-B46.5,<=nanF,wing_low,GUMBEL,0.0,True,0.22
2025-02-04,KXHIGHNY-25FEB04-T40,<=40F,wing_low,GUMBEL,3.3698009272979274e-111,False,0.01
2025-02-04,KXHIGHNY-25FEB04-T47,>47F,wing_high,GUMBEL,0.005669736573168323,False,0.72
2025-02-04,KXHIGHNY-25FEB04-B40.5,40-41F,central,EMOS,6.24479819144279e-06,False,0.01
2025-02-04,KXHIGHNY-25FEB04-B42.5,42-43F,central,EMOS,0.007736717723258304,False,0.01
2025-02-04,KXHIGHNY-25FEB04-B44.5,44-45F,central,EMOS,0.4090322322843609,False,0.01
2025-02-04,KXHIGHNY-25FEB04-B46.5,<=nanF,wing_low,EMOS,0.0,True,0.22
2025-02-04,KXHIGHNY-25FEB04-T40,<=40F,wing_low,EMOS,5.369140551725966e-08,False,0.01
2025-02-04,KXHIGHNY-25FEB04-T47,>47F,wing_high,EMOS,0.5832247515027839,False,0.72
2025-02-04,KXHIGHNY-25FEB04-B40.5,40-41F,central,RF_DISTRIBUTION,0.0,False,0.01
2025-02-04,KXHIGHNY-25FEB04-B42.5,42-43F,central,RF_DISTRIBUTION,0.058823529411764705,False,0.01
2025-02-04,KXHIGHNY-25FEB04-B44.5,44-45F,central,RF_DISTRIBUTION,0.11764705882352941,False,0.01
2025-02-04,KXHIGHNY-25FEB04-B46.5,<=nanF,wing_low,RF_DISTRIBUTION,0.0,True,0.22
2025-02-04,KXHIGHNY-25FEB04-T40,<=40F,wing_low,RF_DISTRIBUTION,0.0,False,0.01
2025-02-04,KXHIGHNY-25FEB04-T47,>47F,wing_high,RF_DISTRIBUTION,0.823529411764706,False,0.72
2025-02-04,KXHIGHNY-25FEB04-B40.5,40-41F,central,HGBR_QUANTILE,0.019283746556473833,False,0.01
2025-02-04,KXHIGHNY-25FEB04-B42.5,42-43F,central,HGBR_QUANTILE,0.02203856749311295,False,0.01
2025-02-04,KXHIGHNY-25FEB04-B44.5,44-45F,central,HGBR_QUANTILE,0.02203856749311295,False,0.01
2025-02-04,KXHIGHNY-25FEB04-B46.5,<=nanF,wing_low,HGBR_QUANTILE,0.0,True,0.22
2025-02-04,KXHIGHNY-25FEB04-T40,<=40F,wing_low,HGBR_QUANTILE,0.10192837465564739,False,0.01
2025-02-04,KXHIGHNY-25FEB04-T47,>47F,wing_high,HGBR_QUANTILE,0.8347107438016529,False,0.72
2025-02-11,KXHIGHNY-25FEB11-B32.5,32-33F,central,GUMBEL,0.7490630332729276,False,0.02
2025-02-11,KXHIGHNY-25FEB11-B34.5,34-35F,central,GUMBEL,0.21266862532790565,True,0.29
2025-02-11,KXHIGHNY-25FEB11-B36.5,36-37F,central,GUMBEL,0.01631443591722992,False,0.46
2025-02-11,KXHIGHNY-25FEB11-B38.5,38-39F,central,GUMBEL,0.0011111679153520404,False,0.22
2025-02-11,KXHIGHNY-25FEB11-T32,<=32F,wing_low,GUMBEL,0.020762238419643586,False,0.01
2025-02-11,KXHIGHNY-25FEB11-T39,>39F,wing_high,GUMBEL,8.049914694119309e-05,False,0.06
2025-02-11,KXHIGHNY-25FEB11-B32.5,32-33F,central,EMOS,0.0005107858423904156,False,0.02
2025-02-11,KXHIGHNY-25FEB11-B34.5,34-35F,central,EMOS,0.08818951255174168,True,0.29
2025-02-11,KXHIGHNY-25FEB11-B36.5,36-37F,central,EMOS,0.6545204931265212,False,0.46
2025-02-11,KXHIGHNY-25FEB11-B38.5,38-39F,central,EMOS,0.21532938570257015,False,0.22
2025-02-11,KXHIGHNY-25FEB11-T32,<=32F,wing_low,EMOS,1.1864997962366252e-05,False,0.01
2025-02-11,KXHIGHNY-25FEB11-T39,>39F,wing_high,EMOS,0.04143795777881421,False,0.06
2025-02-11,KXHIGHNY-25FEB11-B32.5,32-33F,central,RF_DISTRIBUTION,0.3125,False,0.02
2025-02-11,KXHIGHNY-25FEB11-B34.5,34-35F,central,RF_DISTRIBUTION,0.09375,True,0.29
2025-02-11,KXHIGHNY-25FEB11-B36.5,36-37F,central,RF_DISTRIBUTION,0.25,False,0.46
2025-02-11,KXHIGHNY-25FEB11-B38.5,38-39F,central,RF_DISTRIBUTION,0.1875,False,0.22
2025-02-11,KXHIGHNY-25FEB11-T32,<=32F,wing_low,RF_DISTRIBUTION,0.15625,False,0.01
2025-02-11,KXHIGHNY-25FEB11-T39,>39F,wing_high,RF_DISTRIBUTION,0.0,False,0.06
2025-02-11,KXHIGHNY-25FEB11-B32.5,32-33F,central,HGBR_QUANTILE,0.0,False,0.02
2025-02-11,KXHIGHNY-25FEB11-B34.5,34-35F,central,HGBR_QUANTILE,0.1588785046728972,True,0.29
2025-02-11,KXHIGHNY-25FEB11-B36.5,36-37F,central,HGBR_QUANTILE,0.07476635514018691,False,0.46
2025-02-11,KXHIGHNY-25FEB11-B38.5,38-39F,central,HGBR_QUANTILE,0.07476635514018691,False,0.22
2025-02-11,KXHIGHNY-25FEB11-T32,<=32F,wing_low,HGBR_QUANTILE,0.0,False,0.01
2025-02-11,KXHIGHNY-25FEB11-T39,>39F,wing_high,HGBR_QUANTILE,0.6915887850467289,False,0.06
2025-02-18,KXHIGHNY-25FEB18-B25.5,25-26F,central,GUMBEL,0.33075965863024454,False,0.21
2025-02-18,KXHIGHNY-25FEB18-B27.5,27-28F,central,GUMBEL,0.5972666537618195,True,0.6
2025-02-18,KXHIGHNY-25FEB18-B29.5,29-30F,central,GUMBEL,0.06694339823981602,False,0.16
2025-02-18,KXHIGHNY-25FEB18-T23,<=23F,wing_low,GUMBEL,3.8680490355070024e-106,False,0.01
2025-02-18,KXHIGHNY-25FEB18-T30,>30F,wing_high,GUMBEL,0.005030289368119966,False,0.04
2025-02-18,KXHIGHNY-25FEB18-B25.5,25-26F,central,EMOS,0.0981948440706877,False,0.21
2025-02-18,KXHIGHNY-25FEB18-B27.5,27-28F,central,EMOS,0.6446401911812484,True,0.6
2025-02-18,KXHIGHNY-25FEB18-B29.5,29-30F,central,EMOS,0.21352630804010728,False,0.16
2025-02-18,KXHIGHNY-25FEB18-T23,<=23F,wing_low,EMOS,2.0532289586177093e-05,False,0.01
2025-02-18,KXHIGHNY-25FEB18-T30,>30F,wing_high,EMOS,0.043618124418370506,False,0.04
2025-02-18,KXHIGHNY-25FEB18-B25.5,25-26F,central,RF_DISTRIBUTION,0.3214285714285714,False,0.21
2025-02-18,KXHIGHNY-25FEB18-B27.5,27-28F,central,RF_DISTRIBUTION,0.4642857142857143,True,0.6
2025-02-18,KXHIGHNY-25FEB18-B29.5,29-30F,central,RF_DISTRIBUTION,0.03571428571428571,False,0.16
2025-02-18,KXHIGHNY-25FEB18-T23,<=23F,wing_low,RF_DISTRIBUTION,0.0,False,0.01
2025-02-18,KXHIGHNY-25FEB18-T30,>30F,wing_high,RF_DISTRIBUTION,0.17857142857142855,False,0.04
2025-02-18,KXHIGHNY-25FEB18-B25.5,25-26F,central,HGBR_QUANTILE,0.024861878453038673,False,0.21
2025-02-18,KXHIGHNY-25FEB18-B27.5,27-28F,central,HGBR_QUANTILE,0.027624309392265196,True,0.6
2025-02-18,KXHIGHNY-25FEB18-B29.5,29-30F,central,HGBR_QUANTILE,0.027624309392265196,False,0.16
2025-02-18,KXHIGHNY-25FEB18-T23,<=23F,wing_low,HGBR_QUANTILE,0.049723756906077346,False,0.01
2025-02-18,KXHIGHNY-25FEB18-T30,>30F,wing_high,HGBR_QUANTILE,0.8701657458563535,False,0.04
2025-02-25,KXHIGHNY-25FEB25-B50.5,50-51F,central,GUMBEL,5.467429465491677e-26,False,0.03
2025-02-25,KXHIGHNY-25FEB25-B52.5,52-53F,central,GUMBEL,0.01969892020747934,False,0.21
2025-02-25,KXHIGHNY-25FEB25-B54.5,54-55F,central,GUMBEL,0.7473988089684205,False,0.37
2025-02-25,KXHIGHNY-25FEB25-B56.5,56-57F,central,GUMBEL,0.21516075908171528,True,0.29
2025-02-25,KXHIGHNY-25FEB25-T50,<=50F,wing_low,GUMBEL,0.0,False,0.01
2025-02-25,KXHIGHNY-25FEB25-T57,>57F,wing_high,GUMBEL,0.01774151174238492,False,0.23
2025-02-25,KXHIGHNY-25FEB25-B50.5,50-51F,central,EMOS,1.2647834641571674e-05,False,0.03
2025-02-25,KXHIGHNY-25FEB25-B52.5,52-53F,central,EMOS,0.008009351334053741,False,0.21
2025-02-25,KXHIGHNY-25FEB25-B54.5,54-55F,central,EMOS,0.2636242986706613,False,0.37
2025-02-25,KXHIGHNY-25FEB25-B56.5,56-57F,central,EMOS,0.46839080546499556,True,0.29
2025-02-25,KXHIGHNY-25FEB25-T50,<=50F,wing_low,EMOS,1.6453807517473172e-07,False,0.01
2025-02-25,KXHIGHNY-25FEB25-T57,>57F,wing_high,EMOS,0.25996273215757265,False,0.23
2025-02-25,KXHIGHNY-25FEB25-B50.5,50-51F,central,RF_DISTRIBUTION,0.026315789473684213,False,0.03
2025-02-25,KXHIGHNY-25FEB25-B52.5,52-53F,central,RF_DISTRIBUTION,0.2368421052631579,False,0.21
2025-02-25,KXHIGHNY-25FEB25-B54.5,54-55F,central,RF_DISTRIBUTION,0.2894736842105263,False,0.37
2025-02-25,KXHIGHNY-25FEB25-B56.5,56-57F,central,RF_DISTRIBUTION,0.07894736842105264,True,0.29
2025-02-25,KXHIGHNY-25FEB25-T50,<=50F,wing_low,RF_DISTRIBUTION,0.0,False,0.01
2025-02-25,KXHIGHNY-25FEB25-T57,>57F,wing_high,RF_DISTRIBUTION,0.368421052631579,False,0.23
2025-02-25,KXHIGHNY-25FEB25-B50.5,50-51F,central,HGBR_QUANTILE,0.0,False,0.03
2025-02-25,KXHIGHNY-25FEB25-B52.5,52-53F,central,HGBR_QUANTILE,0.0,False,0.21
2025-02-25,KXHIGHNY-25FEB25-B54.5,54-55F,central,HGBR_QUANTILE,0.0,False,0.37
2025-02-25,KXHIGHNY-25FEB25-B56.5,56-57F,central,HGBR_QUANTILE,0.5268817204301075,True,0.29
2025-02-25,KXHIGHNY-25FEB25-T50,<=50F,wing_low,HGBR_QUANTILE,0.0,False,0.01
2025-02-25,KXHIGHNY-25FEB25-T57,>57F,wing_high,HGBR_QUANTILE,0.4731182795698925,False,0.23
2025-03-04,KXHIGHNY-25MAR04-B47.5,47-48F,central,GUMBEL,2.2951808603316922e-12,False,0.01
2025-03-04,KXHIGHNY-25MAR04-B49.5,49-50F,central,GUMBEL,0.1637533616604308,False,0.02
2025-03-04,KXHIGHNY-25MAR04-B51.5,51-52F,central,GUMBEL,0.7212536385412579,True,0.26
2025-03-04,KXHIGHNY-25MAR04-B53.5,53-54F,central,GUMBEL,0.10677940493529271,False,0.43
2025-03-04,KXHIGHNY-25MAR04-T47,<=47F,wing_low,GUMBEL,4.016485822793924e-173,False,0.01
2025-03-04,KXHIGHNY-25MAR04-T54,>54F,wing_high,GUMBEL,0.008213594860723485,False,0.32
2025-03-04,KXHIGHNY-25MAR04-B47.5,47-48F,central,EMOS,5.22883757679663e-08,False,0.01
2025-03-04,KXHIGHNY-25MAR04-B49.5,49-50F,central,EMOS,0.00021407895954280972,False,0.02
2025-03-04,KXHIGHNY-25MAR04-B51.5,51-52F,central,EMOS,0.0406090980991346,True,0.26
2025-03-04,KXHIGHNY-25MAR04-B53.5,53-54F,central,EMOS,0.3743835606612136,False,0.43
2025-03-04,KXHIGHNY-25MAR04-T47,<=47F,wing_low,EMOS,2.553485313989314e-10,False,0.01
2025-03-04,KXHIGHNY-25MAR04-T54,>54F,wing_high,EMOS,0.5847932097363847,False,0.32
2025-03-04,KXHIGHNY-25MAR04-B47.5,47-48F,central,RF_DISTRIBUTION,0.0,False,0.01
2025-03-04,KXHIGHNY-25MAR04-B49.5,49-50F,central,RF_DISTRIBUTION,0.0,False,0.02
2025-03-04,KXHIGHNY-25MAR04-B51.5,51-52F,central,RF_DISTRIBUTION,0.13999999999999999,True,0.26
2025-03-04,KXHIGHNY-25MAR04-B53.5,53-54F,central,RF_DISTRIBUTION,0.62,False,0.43
2025-03-04,KXHIGHNY-25MAR04-T47,<=47F,wing_low,RF_DISTRIBUTION,0.0,False,0.01
2025-03-04,KXHIGHNY-25MAR04-T54,>54F,wing_high,RF_DISTRIBUTION,0.24,False,0.32
2025-03-04,KXHIGHNY-25MAR04-B47.5,47-48F,central,HGBR_QUANTILE,0.022813688212927757,False,0.01
2025-03-04,KXHIGHNY-25MAR04-B49.5,49-50F,central,HGBR_QUANTILE,0.019011406844106467,False,0.02
2025-03-04,KXHIGHNY-25MAR04-B51.5,51-52F,central,HGBR_QUANTILE,0.022813688212927757,True,0.26
2025-03-04,KXHIGHNY-25MAR04-B53.5,53-54F,central,HGBR_QUANTILE,0.41444866920152096,False,0.43
2025-03-04,KXHIGHNY-25MAR04-T47,<=47F,wing_low,HGBR_QUANTILE,0.20912547528517114,False,0.01
2025-03-04,KXHIGHNY-25MAR04-T54,>54F,wing_high,HGBR_QUANTILE,0.311787072243346,False,0.32
2025-03-11,KXHIGHNY-25MAR11-B58.5,58-59F,central,GUMBEL,1.1323624365636788e-05,False,0.01
2025-03-11,KXHIGHNY-25MAR11-B60.5,60-61F,central,GUMBEL,0.4635145032687113,False,0.02
2025-03-11,KXHIGHNY-25MAR11-B62.5,62-63F,central,GUMBEL,0.4858873594624526,False,0.2
2025-03-11,KXHIGHNY-25MAR11-B64.5,64-65F,central,GUMBEL,0.04708820763362698,True,0.43
2025-03-11,KXHIGHNY-25MAR11-T58,<=58F,wing_low,GUMBEL,5.509198982491584e-74,False,0.01
2025-03-11,KXHIGHNY-25MAR11-T65,>65F,wing_high,GUMBEL,0.003498606010843508,False,0.39
2025-03-11,KXHIGHNY-25MAR11-B58.5,58-59F,central,EMOS,9.343097597608193e-07,False,0.01
2025-03-11,KXHIGHNY-25MAR11-B60.5,60-61F,central,EMOS,0.0015083962513297384,False,0.02
2025-03-11,KXHIGHNY-25MAR11-B62.5,62-63F,central,EMOS,0.11785216340347451,False,0.2
2025-03-11,KXHIGHNY-25MAR11-B64.5,64-65F,central,EMOS,0.46585305243371256,True,0.43
2025-03-11,KXHIGHNY-25MAR11-T58,<=58F,wing_low,EMOS,7.391613810750109e-09,False,0.01
2025-03-11,KXHIGHNY-25MAR11-T65,>65F,wing_high,EMOS,0.4147854462101096,False,0.39
2025-03-11,KXHIGHNY-25MAR11-B58.5,58-59F,central,RF_DISTRIBUTION,0.0,False,0.01
2025-03-11,KXHIGHNY-25MAR11-B60.5,60-61F,central,RF_DISTRIBUTION,0.06122448979591837,False,0.02
2025-03-11,KXHIGHNY-25MAR11-B62.5,62-63F,central,RF_DISTRIBUTION,0.30612244897959184,False,0.2
2025-03-11,KXHIGHNY-25MAR11-B64.5,64-65F,central,RF_DISTRIBUTION,0.14285714285714285,True,0.43
2025-03-11,KXHIGHNY-25MAR11-T58,<=58F,wing_low,RF_DISTRIBUTION,0.0,False,0.01
2025-03-11,KXHIGHNY-25MAR11-T65,>65F,wing_high,RF_DISTRIBUTION,0.489795918367347,False,0.39
2025-03-11,KXHIGHNY-25MAR11-B58.5,58-59F,central,HGBR_QUANTILE,0.0,False,0.01
2025-03-11,KXHIGHNY-25MAR11-B60.5,60-61F,central,HGBR_QUANTILE,0.271875,False,0.02
2025-03-11,KXHIGHNY-25MAR11-B62.5,62-63F,central,HGBR_QUANTILE,0.10937499999999999,False,0.2
2025-03-11,KXHIGHNY-25MAR11-B64.5,64-65F,central,HGBR_QUANTILE,0.3687500000000001,True,0.43
2025-03-11,KXHIGHNY-25MAR11-T58,<=58F,wing_low,HGBR_QUANTILE,0.0,False,0.01
2025-03-11,KXHIGHNY-25MAR11-T65,>65F,wing_high,HGBR_QUANTILE,0.25,False,0.39
2025-03-18,KXHIGHNY-25MAR18-B58.5,58-59F,central,GUMBEL,0.7670441462159063,False,0.36
2025-03-18,KXHIGHNY-25MAR18-B60.5,60-61F,central,GUMBEL,0.1676956469407449,True,0.39
2025-03-18,KXHIGHNY-25MAR18-B62.5,62-63F,central,GUMBEL,0.01248753733547947,False,0.16
2025-03-18,KXHIGHNY-25MAR18-B64.5,64-65F,central,GUMBEL,0.0008487591749698487,False,0.03
2025-03-18,KXHIGHNY-25MAR18-T58,<=58F,wing_low,GUMBEL,0.05186243018536077,False,0.17
2025-03-18,KXHIGHNY-25MAR18-T65,>65F,wing_high,GUMBEL,6.148014753870612e-05,False,0.02
2025-03-18,KXHIGHNY-25MAR18-B58.5,58-59F,central,EMOS,0.12344904481214183,False,0.36
2025-03-18,KXHIGHNY-25MAR18-B60.5,60-61F,central,EMOS,0.6666222353245428,True,0.39
2025-03-18,KXHIGHNY-25MAR18-B62.5,62-63F,central,EMOS,0.18840219369782263,False,0.16
2025-03-18,KXHIGHNY-25MAR18-B64.5,64-65F,central,EMOS,0.0027391183535018246,False,0.03
2025-03-18,KXHIGHNY-25MAR18-T58,<=58F,wing_low,EMOS,0.018678314864484562,False,0.17
2025-03-18,KXHIGHNY-25MAR18-T65,>65F,wing_high,EMOS,0.00010909294750640234,False,0.02
2025-03-18,KXHIGHNY-25MAR18-B58.5,58-59F,central,RF_DISTRIBUTION,0.29729729729729726,False,0.36
2025-03-18,KXHIGHNY-25MAR18-B60.5,60-61F,central,RF_DISTRIBUTION,0.37837837837837845,True,0.39
2025-03-18,KXHIGHNY-25MAR18-B62.5,62-63F,central,RF_DISTRIBUTION,0.2162162162162162,False,0.16
2025-03-18,KXHIGHNY-25MAR18-B64.5,64-65F,central,RF_DISTRIBUTION,0.0,False,0.03
2025-03-18,KXHIGHNY-25MAR18-T58,<=58F,wing_low,RF_DISTRIBUTION,0.1081081081081081,False,0.17
2025-03-18,KXHIGHNY-25MAR18-T65,>65F,wing_high,RF_DISTRIBUTION,0.0,False,0.02
2025-03-18,KXHIGHNY-25MAR18-B58.5,58-59F,central,HGBR_QUANTILE,0.08205128205128205,False,0.36
2025-03-18,KXHIGHNY-25MAR18-B60.5,60-61F,central,HGBR_QUANTILE,0.08205128205128205,True,0.39
2025-03-18,KXHIGHNY-25MAR18-B62.5,62-63F,central,HGBR_QUANTILE,0.05641025641025641,False,0.16
2025-03-18,KXHIGHNY-25MAR18-B64.5,64-65F,central,HGBR_QUANTILE,0.0,False,0.03
2025-03-18,KXHIGHNY-25MAR18-T58,<=58F,wing_low,HGBR_QUANTILE,0.7794871794871795,False,0.17
2025-03-18,KXHIGHNY-25MAR18-T65,>65F,wing_high,HGBR_QUANTILE,0.0,False,0.02
2025-03-25,KXHIGHNY-25MAR25-B55.5,55-56F,central,GUMBEL,0.3728367852775494,False,0.18
2025-03-25,KXHIGHNY-25MAR25-B57.5,57-58F,central,GUMBEL,0.5627224088468583,True,0.48
2025-03-25,KXHIGHNY-25MAR25-B59.5,59-60F,central,GUMBEL,0.05995330825289891,False,0.25
2025-03-25,KXHIGHNY-25MAR25-B61.5,61-62F,central,GUMBEL,0.004183472478732186,False,0.04
2025-03-25,KXHIGHNY-25MAR25-T55,<=55F,wing_low,GUMBEL,4.502665563654021e-07,False,0.12
2025-03-25,KXHIGHNY-25MAR25-T62,>62F,wing_high,GUMBEL,0.0003035748774048441,False,0.01
2025-03-25,KXHIGHNY-25MAR25-B55.5,55-56F,central,EMOS,0.04503641394884292,False,0.18
2025-03-25,KXHIGHNY-25MAR25-B57.5,57-58F,central,EMOS,0.569688313661495,True,0.48
2025-03-25,KXHIGHNY-25MAR25-B59.5,59-60F,central,EMOS,0.36817490944318393,False,0.25
2025-03-25,KXHIGHNY-25MAR25-B61.5,61-62F,central,EMOS,0.012080894822219412,False,0.04
2025-03-25,KXHIGHNY-25MAR25-T55,<=55F,wing_low,EMOS,0.004292620467675774,False,0.12
2025-03-25,KXHIGHNY-25MAR25-T62,>62F,wing_high,EMOS,0.0007268476565829887,False,0.01
2025-03-25,KXHIGHNY-25MAR25-B55.5,55-56F,central,RF_DISTRIBUTION,0.02857142857142857,False,0.18
2025-03-25,KXHIGHNY-25MAR25-B57.5,57-58F,central,RF_DISTRIBUTION,0.8,True,0.48
2025-03-25,KXHIGHNY-25MAR25-B59.5,59-60F,central,RF_DISTRIBUTION,0.17142857142857143,False,0.25
2025-03-25,KXHIGHNY-25MAR25-B61.5,61-62F,central,RF_DISTRIBUTION,0.0,False,0.04
2025-03-25,KXHIGHNY-25MAR25-T55,<=55F,wing_low,RF_DISTRIBUTION,0.0,False,0.12
2025-03-25,KXHIGHNY-25MAR25-T62,>62F,wing_high,RF_DISTRIBUTION,0.0,False,0.01
2025-03-25,KXHIGHNY-25MAR25-B55.5,55-56F,central,HGBR_QUANTILE,0.1168831168831169,False,0.18
2025-03-25,KXHIGHNY-25MAR25-B57.5,57-58F,central,HGBR_QUANTILE,0.1168831168831169,True,0.48
2025-03-25,KXHIGHNY-25MAR25-B59.5,59-60F,central,HGBR_QUANTILE,0.19047619047619047,False,0.25
2025-03-25,KXHIGHNY-25MAR25-B61.5,61-62F,central,HGBR_QUANTILE,0.021645021645021644,False,0.04
2025-03-25,KXHIGHNY-25MAR25-T55,<=55F,wing_low,HGBR_QUANTILE,0.49350649350649345,False,0.12
2025-03-25,KXHIGHNY-25MAR25-T62,>62F,wing_high,HGBR_QUANTILE,0.06060606060606061,False,0.01
2025-04-01,KXHIGHNY-25APR01-B57.5,57-58F,central,GUMBEL,0.3455824258801083,True,0.58
2025-04-01,KXHIGHNY-25APR01-B59.5,59-60F,central,GUMBEL,0.5851945720474012,False,0.37
2025-04-01,KXHIGHNY-25APR01-B61.5,61-62F,central,GUMBEL,0.06439140884589856,False,0.02
2025-04-01,KXHIGHNY-25APR01-B63.5,63-64F,central,GUMBEL,0.004504518744073205,False,0.02
2025-04-01,KXHIGHNY-25APR01-T57,<=57F,wing_low,GUMBEL,1.4627347486187725e-07,False,0.01
2025-04-01,KXHIGHNY-25APR01-T64,>64F,wing_high,GUMBEL,0.0003269282090438974,False,0.01
2025-04-01,KXHIGHNY-25APR01-B57.5,57-58F,central,EMOS,0.402728842166818,True,0.58
2025-04-01,KXHIGHNY-25APR01-B59.5,59-60F,central,EMOS,0.4316348004034376,False,0.37
2025-04-01,KXHIGHNY-25APR01-B61.5,61-62F,central,EMOS,0.022046298146132896,False,0.02
2025-04-01,KXHIGHNY-25APR01-B63.5,63-64F,central,EMOS,5.1618080640637396e-05,False,0.02
2025-04-01,KXHIGHNY-25APR01-T57,<=57F,wing_low,EMOS,0.1435376622051916,False,0.01
2025-04-01,KXHIGHNY-25APR01-T64,>64F,wing_high,EMOS,7.789977792920982e-07,False,0.01
2025-04-01,KXHIGHNY-25APR01-B57.5,57-58F,central,RF_DISTRIBUTION,0.3870967741935484,True,0.58
2025-04-01,KXHIGHNY-25APR01-B59.5,59-60F,central,RF_DISTRIBUTION,0.4193548387096774,False,0.37
2025-04-01,KXHIGHNY-25APR01-B61.5,61-62F,central,RF_DISTRIBUTION,0.0,False,0.02
2025-04-01,KXHIGHNY-25APR01-B63.5,63-64F,central,RF_DISTRIBUTION,0.12903225806451613,False,0.02
2025-04-01,KXHIGHNY-25APR01-T57,<=57F,wing_low,RF_DISTRIBUTION,0.06451612903225806,False,0.01
2025-04-01,KXHIGHNY-25APR01-T64,>64F,wing_high,RF_DISTRIBUTION,0.0,False,0.01
2025-04-01,KXHIGHNY-25APR01-B57.5,57-58F,central,HGBR_QUANTILE,0.1458966565349544,True,0.58
2025-04-01,KXHIGHNY-25APR01-B59.5,59-60F,central,HGBR_QUANTILE,0.0547112462006079,False,0.37
2025-04-01,KXHIGHNY-25APR01-B61.5,61-62F,central,HGBR_QUANTILE,0.03343465045592705,False,0.02
2025-04-01,KXHIGHNY-25APR01-B63.5,63-64F,central,HGBR_QUANTILE,0.03343465045592705,False,0.02
2025-04-01,KXHIGHNY-25APR01-T57,<=57F,wing_low,HGBR_QUANTILE,0.6261398176291794,False,0.01
2025-04-01,KXHIGHNY-25APR01-T64,>64F,wing_high,HGBR_QUANTILE,0.10638297872340424,False,0.01
2025-04-08,KXHIGHNY-25APR08-B46.5,46-47F,central,GUMBEL,0.062336300545321244,False,0.23
2025-04-08,KXHIGHNY-25APR08-B48.5,48-49F,central,GUMBEL,0.004355650325386873,False,0.04
2025-04-08,KXHIGHNY-25APR08-B50.5,50-51F,central,GUMBEL,0.0002947540563843498,False,0.01
2025-04-08,KXHIGHNY-25APR08-B52.5,52-53F,central,GUMBEL,1.9903206744609214e-05,False,0.01
2025-04-08,KXHIGHNY-25APR08-T46,<=46F,wing_low,GUMBEL,0.9329919508117648,True,0.69
2025-04-08,KXHIGHNY-25APR08-T53,>53F,wing_high,GUMBEL,1.4410543981435708e-06,False,0.01
2025-04-08,KXHIGHNY-25APR08-B46.5,46-47F,central,EMOS,0.2006910495101123,False,0.23
2025-04-08,KXHIGHNY-25APR08-B48.5,48-49F,central,EMOS,0.006765706979330771,False,0.04
2025-04-08,KXHIGHNY-25APR08-B50.5,50-51F,central,EMOS,1.0914918466595873e-05,False,0.01
2025-04-08,KXHIGHNY-25APR08-B52.5,52-53F,central,EMOS,8.038142773227711e-10,False,0.01
2025-04-08,KXHIGHNY-25APR08-T46,<=46F,wing_low,EMOS,0.7925323277861313,True,0.69
2025-04-08,KXHIGHNY-25APR08-T53,>53F,wing_high,EMOS,2.1448167286912707e-12,False,0.01
2025-04-08,KXHIGHNY-25APR08-B46.5,46-47F,central,RF_DISTRIBUTION,0.44230769230769235,False,0.23
2025-04-08,KXHIGHNY-25APR08-B48.5,48-49F,central,RF_DISTRIBUTION,0.15384615384615383,False,0.04
2025-04-08,KXHIGHNY-25APR08-B50.5,50-51F,central,RF_DISTRIBUTION,0.0,False,0.01
2025-04-08,KXHIGHNY-25APR08-B52.5,52-53F,central,RF_DISTRIBUTION,0.0,False,0.01
2025-04-08,KXHIGHNY-25APR08-T46,<=46F,wing_low,RF_DISTRIBUTION,0.4038461538461538,True,0.69
2025-04-08,KXHIGHNY-25APR08-T53,>53F,wing_high,RF_DISTRIBUTION,0.0,False,0.01
2025-04-08,KXHIGHNY-25APR08-B46.5,46-47F,central,HGBR_QUANTILE,0.6176470588235294,False,0.23
2025-04-08,KXHIGHNY-25APR08-B48.5,48-49F,central,HGBR_QUANTILE,0.0213903743315508,False,0.04
2025-04-08,KXHIGHNY-25APR08-B50.5,50-51F,central,HGBR_QUANTILE,0.02406417112299465,False,0.01
2025-04-08,KXHIGHNY-25APR08-B52.5,52-53F,central,HGBR_QUANTILE,0.02406417112299465,False,0.01
2025-04-08,KXHIGHNY-25APR08-T46,<=46F,wing_low,HGBR_QUANTILE,0.23529411764705882,True,0.69
2025-04-08,KXHIGHNY-25APR08-T53,>53F,wing_high,HGBR_QUANTILE,0.07754010695187165,False,0.01
2025-04-15,KXHIGHNY-25APR15-B62.5,62-63F,central,GUMBEL,3.778574159709611e-09,False,0.04
2025-04-15,KXHIGHNY-25APR15-B64.5,64-65F,central,GUMBEL,0.2699916223011611,False,0.23
2025-04-15,KXHIGHNY-25APR15-B66.5,66-67F,central,GUMBEL,0.6454024289363459,False,0.46
2025-04-15,KXHIGHNY-25APR15-B68.5,68-69F,central,GUMBEL,0.078655423770731,True,0.22
2025-04-15,KXHIGHNY-25APR15-T62,<=62F,wing_low,GUMBEL,1.7614117926379813e-125,False,0.02
2025-04-15,KXHIGHNY-25APR15-T69,>69F,wing_high,GUMBEL,0.0059505212131879546,False,0.1
2025-04-15,KXHIGHNY-25APR15-B62.5,62-63F,central,EMOS,5.265409031909362e-10,False,0.04
2025-04-15,KXHIGHNY-25APR15-B64.5,64-65F,central,EMOS,8.42564571410433e-06,False,0.23
2025-04-15,KXHIGHNY-25APR15-B66.5,66-67F,central,EMOS,0.005931968011125446,False,0.46
2025-04-15,KXHIGHNY-25APR15-B68.5,68-69F,central,EMOS,0.19288354524448306,True,0.22
2025-04-15,KXHIGHNY-25APR15-T62,<=62F,wing_low,EMOS,1.2760873378109946e-12,False,0.02
2025-04-15,KXHIGHNY-25APR15-T69,>69F,wing_high,EMOS,0.8011760605708604,False,0.1
2025-04-15,KXHIGHNY-25APR15-B62.5,62-63F,central,RF_DISTRIBUTION,0.0,False,0.04
2025-04-15,KXHIGHNY-25APR15-B64.5,64-65F,central,RF_DISTRIBUTION,0.10344827586206896,False,0.23
2025-04-15,KXHIGHNY-25APR15-B66.5,66-67F,central,RF_DISTRIBUTION,0.34482758620689663,False,0.46
2025-04-15,KXHIGHNY-25APR15-B68.5,68-69F,central,RF_DISTRIBUTION,0.3448275862068965,True,0.22
2025-04-15,KXHIGHNY-25APR15-T62,<=62F,wing_low,RF_DISTRIBUTION,0.0,False,0.02
2025-04-15,KXHIGHNY-25APR15-T69,>69F,wing_high,RF_DISTRIBUTION,0.20689655172413793,False,0.1
2025-04-15,KXHIGHNY-25APR15-B62.5,62-63F,central,HGBR_QUANTILE,0.027027027027027032,False,0.04
2025-04-15,KXHIGHNY-25APR15-B64.5,64-65F,central,HGBR_QUANTILE,0.024324324324324326,False,0.23
2025-04-15,KXHIGHNY-25APR15-B66.5,66-67F,central,HGBR_QUANTILE,0.027027027027027032,False,0.46
2025-04-15,KXHIGHNY-25APR15-B68.5,68-69F,central,HGBR_QUANTILE,0.027027027027027032,True,0.22
2025-04-15,KXHIGHNY-25APR15-T62,<=62F,wing_low,HGBR_QUANTILE,0.35135135135135137,False,0.02
2025-04-15,KXHIGHNY-25APR15-T69,>69F,wing_high,HGBR_QUANTILE,0.5432432432432432,False,0.1
2025-04-22,KXHIGHNY-25APR22-B74.5,74-75F,central,GUMBEL,6.153152709060415e-35,False,0.05
2025-04-22,KXHIGHNY-25APR22-B76.5,76-77F,central,GUMBEL,0.004900939651733863,False,0.24
2025-04-22,KXHIGHNY-25APR22-B78.5,78-79F,central,GUMBEL,0.6934297519212124,False,0.47
2025-04-22,KXHIGHNY-25APR22-B80.5,80-81F,central,GUMBEL,0.27771897342660723,False,0.21
2025-04-22,KXHIGHNY-25APR22-T74,<=74F,wing_low,GUMBEL,0.0,False,0.02
2025-04-22,KXHIGHNY-25APR22-T81,>81F,wing_high,GUMBEL,0.02395033500044652,True,0.04
2025-04-22,KXHIGHNY-25APR22-B74.5,74-75F,central,EMOS,2.133692520398215e-06,False,0.05
2025-04-22,KXHIGHNY-25APR22-B76.5,76-77F,central,EMOS,0.0026662240491822915,False,0.24
2025-04-22,KXHIGHNY-25APR22-B78.5,78-79F,central,EMOS,0.15988506012211368,False,0.47
2025-04-22,KXHIGHNY-25APR22-B80.5,80-81F,central,EMOS,0.480743381108507,False,0.21
2025-04-22,KXHIGHNY-25APR22-T74,<=74F,wing_low,EMOS,1.9128246156344054e-08,False,0.02
2025-04-22,KXHIGHNY-25APR22-T81,>81F,wing_high,EMOS,0.3567031818994305,True,0.04
2025-04-22,KXHIGHNY-25APR22-B74.5,74-75F,central,RF_DISTRIBUTION,0.026315789473684213,False,0.05
2025-04-22,KXHIGHNY-25APR22-B76.5,76-77F,central,RF_DISTRIBUTION,0.2631578947368421,False,0.24
2025-04-22,KXHIGHNY-25APR22-B78.5,78-79F,central,RF_DISTRIBUTION,0.31578947368421056,False,0.47
2025-04-22,KXHIGHNY-25APR22-B80.5,80-81F,central,RF_DISTRIBUTION,0.31578947368421056,False,0.21
2025-04-22,KXHIGHNY-25APR22-T74,<=74F,wing_low,RF_DISTRIBUTION,0.0,False,0.02
2025-04-22,KXHIGHNY-25APR22-T81,>81F,wing_high,RF_DISTRIBUTION,0.07894736842105264,True,0.04
2025-04-22,KXHIGHNY-25APR22-B74.5,74-75F,central,HGBR_QUANTILE,0.052173913043478265,False,0.05
2025-04-22,KXHIGHNY-25APR22-B76.5,76-77F,central,HGBR_QUANTILE,0.052173913043478265,False,0.24
2025-04-22,KXHIGHNY-25APR22-B78.5,78-79F,central,HGBR_QUANTILE,0.052173913043478265,False,0.47
2025-04-22,KXHIGHNY-25APR22-B80.5,80-81F,central,HGBR_QUANTILE,0.06956521739130435,False,0.21
2025-04-22,KXHIGHNY-25APR22-T74,<=74F,wing_low,HGBR_QUANTILE,0.773913043478261,False,0.02
2025-04-22,KXHIGHNY-25APR22-T81,>81F,wing_high,HGBR_QUANTILE,0.0,True,0.04
2025-04-29,KXHIGHNY-25APR29-B78.5,78-79F,central,GUMBEL,0.7212536385412615,True,0.25
2025-04-29,KXHIGHNY-25APR29-B80.5,80-81F,central,GUMBEL,0.1067794049352947,False,0.46
2025-04-29,KXHIGHNY-25APR29-B82.5,82-83F,central,GUMBEL,0.007656925919153124,False,0.29
2025-04-29,KXHIGHNY-25APR29-B84.5,84-85F,central,GUMBEL,0.000519076142574626,False,0.03
2025-04-29,KXHIGHNY-25APR29-T78,<=78F,wing_low,GUMBEL,0.16375336166272025,False,0.01
2025-04-29,KXHIGHNY-25APR29-T85,>85F,wing_high,GUMBEL,3.759279899584467e-05,False,0.02
2025-04-29,KXHIGHNY-25APR29-B78.5,78-79F,central,EMOS,0.44939191273557444,True,0.25
2025-04-29,KXHIGHNY-25APR29-B80.5,80-81F,central,EMOS,0.3248860208192335,False,0.46
2025-04-29,KXHIGHNY-25APR29-B82.5,82-83F,central,EMOS,0.012541589236373857,False,0.29
2025-04-29,KXHIGHNY-25APR29-B84.5,84-85F,central,EMOS,2.4919446904464068e-05,False,0.03
2025-04-29,KXHIGHNY-25APR29-T78,<=78F,wing_low,EMOS,0.2131551952931439,False,0.01
2025-04-29,KXHIGHNY-25APR29-T85,>85F,wing_high,EMOS,3.624687698076225e-07,False,0.02
2025-04-29,KXHIGHNY-25APR29-B78.5,78-79F,central,RF_DISTRIBUTION,0.3055555555555555,True,0.25
2025-04-29,KXHIGHNY-25APR29-B80.5,80-81F,central,RF_DISTRIBUTION,0.4166666666666667,False,0.46
2025-04-29,KXHIGHNY-25APR29-B82.5,82-83F,central,RF_DISTRIBUTION,0.02777777777777778,False,0.29
2025-04-29,KXHIGHNY-25APR29-B84.5,84-85F,central,RF_DISTRIBUTION,0.0,False,0.03
2025-04-29,KXHIGHNY-25APR29-T78,<=78F,wing_low,RF_DISTRIBUTION,0.25,False,0.01
2025-04-29,KXHIGHNY-25APR29-T85,>85F,wing_high,RF_DISTRIBUTION,0.0,False,0.02
2025-04-29,KXHIGHNY-25APR29-B78.5,78-79F,central,HGBR_QUANTILE,0.06284153005464481,True,0.25
2025-04-29,KXHIGHNY-25APR29-B80.5,80-81F,central,HGBR_QUANTILE,0.060109289617486336,False,0.46
2025-04-29,KXHIGHNY-25APR29-B82.5,82-83F,central,HGBR_QUANTILE,0.0,False,0.29
2025-04-29,KXHIGHNY-25APR29-B84.5,84-85F,central,HGBR_QUANTILE,0.0,False,0.03
2025-04-29,KXHIGHNY-25APR29-T78,<=78F,wing_low,HGBR_QUANTILE,0.8770491803278688,False,0.01
2025-04-29,KXHIGHNY-25APR29-T85,>85F,wing_high,HGBR_QUANTILE,0.0,False,0.02
2025-05-06,KXHIGHNY-25MAY06-B64.5,64-65F,central,GUMBEL,0.7617325936091274,True,0.44
2025-05-06,KXHIGHNY-25MAY06-B66.5,66-67F,central,GUMBEL,0.14223890531461425,False,0.28
2025-05-06,KXHIGHNY-25MAY06-B68.5,68-69F,central,GUMBEL,0.010422699301746108,False,0.05
2025-05-06,KXHIGHNY-25MAY06-B70.5,70-71F,central,GUMBEL,0.0007076259506871851,False,0.05
2025-05-06,KXHIGHNY-25MAY06-T64,<=64F,wing_low,GUMBEL,0.08484692258916537,False,0.2
2025-05-06,KXHIGHNY-25MAY06-T71,>71F,wing_high,GUMBEL,5.1253234659709435e-05,False,0.01
2025-05-06,KXHIGHNY-25MAY06-B64.5,64-65F,central,EMOS,0.48025718140146323,True,0.44
2025-05-06,KXHIGHNY-25MAY06-B66.5,66-67F,central,EMOS,0.1972864106592062,False,0.28
2025-05-06,KXHIGHNY-25MAY06-B68.5,68-69F,central,EMOS,0.0042242550139962596,False,0.05
2025-05-06,KXHIGHNY-25MAY06-B70.5,70-71F,central,EMOS,4.524659137593815e-06,False,0.05
2025-05-06,KXHIGHNY-25MAY06-T64,<=64F,wing_low,EMOS,0.3182275805491597,False,0.2
2025-05-06,KXHIGHNY-25MAY06-T71,>71F,wing_high,EMOS,4.771703695168113e-08,False,0.01
2025-05-06,KXHIGHNY-25MAY06-B64.5,64-65F,central,RF_DISTRIBUTION,0.28205128205128205,True,0.44
2025-05-06,KXHIGHNY-25MAY06-B66.5,66-67F,central,RF_DISTRIBUTION,0.1282051282051282,False,0.28
2025-05-06,KXHIGHNY-25MAY06-B68.5,68-69F,central,RF_DISTRIBUTION,0.07692307692307693,False,0.05
2025-05-06,KXHIGHNY-25MAY06-B70.5,70-71F,central,RF_DISTRIBUTION,0.02564102564102564,False,0.05
2025-05-06,KXHIGHNY-25MAY06-T64,<=64F,wing_low,RF_DISTRIBUTION,0.4871794871794872,False,0.2
2025-05-06,KXHIGHNY-25MAY06-T71,>71F,wing_high,RF_DISTRIBUTION,0.0,False,0.01
2025-05-06,KXHIGHNY-25MAY06-B64.5,64-65F,central,HGBR_QUANTILE,0.3469945355191257,True,0.44
2025-05-06,KXHIGHNY-25MAY06-B66.5,66-67F,central,HGBR_QUANTILE,0.06557377049180327,False,0.28
2025-05-06,KXHIGHNY-25MAY06-B68.5,68-69F,central,HGBR_QUANTILE,0.008196721311475409,False,0.05
2025-05-06,KXHIGHNY-25MAY06-B70.5,70-71F,central,HGBR_QUANTILE,0.008196721311475409,False,0.05
2025-05-06,KXHIGHNY-25MAY06-T64,<=64F,wing_low,HGBR_QUANTILE,0.546448087431694,False,0.2
2025-05-06,KXHIGHNY-25MAY06-T71,>71F,wing_high,HGBR_QUANTILE,0.02459016393442623,False,0.01
2025-05-13,KXHIGHNY-25MAY13-B70.5,70-71F,central,GUMBEL,0.21020040405543294,False,0.37
2025-05-13,KXHIGHNY-25MAY13-B72.5,72-73F,central,GUMBEL,0.016098066289296886,False,0.1
2025-05-13,KXHIGHNY-25MAY13-B74.5,74-75F,central,GUMBEL,0.0010963024052514925,False,0.11
2025-05-13,KXHIGHNY-25MAY13-B76.5,76-77F,central,GUMBEL,7.405929333681449e-05,False,0.06
2025-05-13,KXHIGHNY-25MAY13-T70,<=70F,wing_low,GUMBEL,0.772525805676571,True,0.47
2025-05-13,KXHIGHNY-25MAY13-T77,>77F,wing_high,GUMBEL,5.362280110832174e-06,False,0.01
2025-05-13,KXHIGHNY-25MAY13-B70.5,70-71F,central,EMOS,0.18251963916075054,False,0.37
2025-05-13,KXHIGHNY-25MAY13-B72.5,72-73F,central,EMOS,0.00672890107212148,False,0.1
2025-05-13,KXHIGHNY-25MAY13-B74.5,74-75F,central,EMOS,1.4753405419161363e-05,False,0.11
2025-05-13,KXHIGHNY-25MAY13-B76.5,76-77F,central,EMOS,1.8515344339072296e-09,False,0.06
2025-05-13,KXHIGHNY-25MAY13-T70,<=70F,wing_low,EMOS,0.8107367045031368,True,0.47
2025-05-13,KXHIGHNY-25MAY13-T77,>77F,wing_high,EMOS,7.037597063129215e-12,False,0.01
2025-05-13,KXHIGHNY-25MAY13-B70.5,70-71F,central,RF_DISTRIBUTION,0.0,False,0.37
2025-05-13,KXHIGHNY-25MAY13-B72.5,72-73F,central,RF_DISTRIBUTION,0.06779661016949153,False,0.1
2025-05-13,KXHIGHNY-25MAY13-B74.5,74-75F,central,RF_DISTRIBUTION,0.0,False,0.11
2025-05-13,KXHIGHNY-25MAY13-B76.5,76-77F,central,RF_DISTRIBUTION,0.0,False,0.06
2025-05-13,KXHIGHNY-25MAY13-T70,<=70F,wing_low,RF_DISTRIBUTION,0.9322033898305084,True,0.47
2025-05-13,KXHIGHNY-25MAY13-T77,>77F,wing_high,RF_DISTRIBUTION,0.0,False,0.01
2025-05-13,KXHIGHNY-25MAY13-B70.5,70-71F,central,HGBR_QUANTILE,0.010178117048346055,False,0.37
2025-05-13,KXHIGHNY-25MAY13-B72.5,72-73F,central,HGBR_QUANTILE,0.010178117048346055,False,0.1
2025-05-13,KXHIGHNY-25MAY13-B74.5,74-75F,central,HGBR_QUANTILE,0.0,False,0.11
2025-05-13,KXHIGHNY-25MAY13-B76.5,76-77F,central,HGBR_QUANTILE,0.0,False,0.06
2025-05-13,KXHIGHNY-25MAY13-T70,<=70F,wing_low,HGBR_QUANTILE,0.9796437659033079,True,0.47
2025-05-13,KXHIGHNY-25MAY13-T77,>77F,wing_high,HGBR_QUANTILE,0.0,False,0.01
2025-05-20,KXHIGHNY-25MAY20-B66.5,66-67F,central,GUMBEL,0.7644802520094769,True,0.49
2025-05-20,KXHIGHNY-25MAY20-B68.5,68-69F,central,GUMBEL,0.14848493513734018,False,0.36
2025-05-20,KXHIGHNY-25MAY20-B70.5,70-71F,central,GUMBEL,0.010922953789311074,False,0.03
2025-05-20,KXHIGHNY-25MAY20-B72.5,72-73F,central,GUMBEL,0.0007417897724933953,False,0.04
2025-05-20,KXHIGHNY-25MAY20-T66,<=66F,wing_low,GUMBEL,0.07531634059162162,False,0.18
2025-05-20,KXHIGHNY-25MAY20-T73,>73F,wing_high,GUMBEL,5.3728699756838694e-05,False,0.05
2025-05-20,KXHIGHNY-25MAY20-B66.5,66-67F,central,EMOS,0.46432513779150136,True,0.49
2025-05-20,KXHIGHNY-25MAY20-B68.5,68-69F,central,EMOS,0.2405622069883944,False,0.36
2025-05-20,KXHIGHNY-25MAY20-B70.5,70-71F,central,EMOS,0.007531986601471527,False,0.03
2025-05-20,KXHIGHNY-25MAY20-B72.5,72-73F,central,EMOS,1.3782557525062629e-05,False,0.04
2025-05-20,KXHIGHNY-25MAY20-T66,<=66F,wing_low,EMOS,0.2875666838643004,False,0.18
2025-05-20,KXHIGHNY-25MAY20-T73,>73F,wing_high,EMOS,2.0219680725382344e-07,False,0.05
2025-05-20,KXHIGHNY-25MAY20-B66.5,66-67F,central,RF_DISTRIBUTION,0.07547169811320754,True,0.49
2025-05-20,KXHIGHNY-25MAY20-B68.5,68-69F,central,RF_DISTRIBUTION,0.7735849056603774,False,0.36
2025-05-20,KXHIGHNY-25MAY20-B70.5,70-71F,central,RF_DISTRIBUTION,0.0,False,0.03
2025-05-20,KXHIGHNY-25MAY20-B72.5,72-73F,central,RF_DISTRIBUTION,0.0,False,0.04
2025-05-20,KXHIGHNY-25MAY20-T66,<=66F,wing_low,RF_DISTRIBUTION,0.1509433962264151,False,0.18
2025-05-20,KXHIGHNY-25MAY20-T73,>73F,wing_high,RF_DISTRIBUTION,0.0,False,0.05
2025-05-20,KXHIGHNY-25MAY20-B66.5,66-67F,central,HGBR_QUANTILE,0.032,True,0.49
2025-05-20,KXHIGHNY-25MAY20-B68.5,68-69F,central,HGBR_QUANTILE,0.47733333333333333,False,0.36
2025-05-20,KXHIGHNY-25MAY20-B70.5,70-71F,central,HGBR_QUANTILE,0.018666666666666668,False,0.03
2025-05-20,KXHIGHNY-25MAY20-B72.5,72-73F,central,HGBR_QUANTILE,0.0026666666666666666,False,0.04
2025-05-20,KXHIGHNY-25MAY20-T66,<=66F,wing_low,HGBR_QUANTILE,0.4693333333333333,False,0.18
2025-05-20,KXHIGHNY-25MAY20-T73,>73F,wing_high,HGBR_QUANTILE,0.0,False,0.05
2025-05-27,KXHIGHNY-25MAY27-B71.5,71-72F,central,GUMBEL,8.240647440955792e-17,False,0.02
2025-05-27,KXHIGHNY-25MAY27-B73.5,73-74F,central,GUMBEL,0.08205395008179518,True,0.46
2025-05-27,KXHIGHNY-25MAY27-B75.5,75-76F,central,GUMBEL,0.7626146102545565,False,0.46
2025-05-27,KXHIGHNY-25MAY27-B77.5,77-78F,central,GUMBEL,0.14399900890043638,False,0.2
2025-05-27,KXHIGHNY-25MAY27-T71,<=71F,wing_low,GUMBEL,5.86075793081229e-239,False,0.01
2025-05-27,KXHIGHNY-25MAY27-T78,>78F,wing_high,GUMBEL,0.011332430763211887,False,0.02
2025-05-27,KXHIGHNY-25MAY27-B71.5,71-72F,central,EMOS,0.0009982641158130434,False,0.02
2025-05-27,KXHIGHNY-25MAY27-B73.5,73-74F,central,EMOS,0.10355044031281543,True,0.46
2025-05-27,KXHIGHNY-25MAY27-B75.5,75-76F,central,EMOS,0.6229017541484663,False,0.46
2025-05-27,KXHIGHNY-25MAY27-B77.5,77-78F,central,EMOS,0.22189725215353256,False,0.2
2025-05-27,KXHIGHNY-25MAY27-T71,<=71F,wing_low,EMOS,3.382664553856121e-05,False,0.01
2025-05-27,KXHIGHNY-25MAY27-T78,>78F,wing_high,EMOS,0.050618462623834196,False,0.02
2025-05-27,KXHIGHNY-25MAY27-B71.5,71-72F,central,RF_DISTRIBUTION,0.0,False,0.02
2025-05-27,KXHIGHNY-25MAY27-B73.5,73-74F,central,RF_DISTRIBUTION,0.1282051282051282,True,0.46
2025-05-27,KXHIGHNY-25MAY27-B75.5,75-76F,central,RF_DISTRIBUTION,0.15384615384615385,False,0.46
2025-05-27,KXHIGHNY-25MAY27-B77.5,77-78F,central,RF_DISTRIBUTION,0.3846153846153846,False,0.2
2025-05-27,KXHIGHNY-25MAY27-T71,<=71F,wing_low,RF_DISTRIBUTION,0.0,False,0.01
2025-05-27,KXHIGHNY-25MAY27-T78,>78F,wing_high,RF_DISTRIBUTION,0.3333333333333333,False,0.02
2025-05-27,KXHIGHNY-25MAY27-B71.5,71-72F,central,HGBR_QUANTILE,0.04899135446685879,False,0.02
2025-05-27,KXHIGHNY-25MAY27-B73.5,73-74F,central,HGBR_QUANTILE,0.0547550432276657,True,0.46
2025-05-27,KXHIGHNY-25MAY27-B75.5,75-76F,central,HGBR_QUANTILE,0.0547550432276657,False,0.46
2025-05-27,KXHIGHNY-25MAY27-B77.5,77-78F,central,HGBR_QUANTILE,0.0547550432276657,False,0.2
2025-05-27,KXHIGHNY-25MAY27-T71,<=71F,wing_low,HGBR_QUANTILE,0.4726224783861671,False,0.01
2025-05-27,KXHIGHNY-25MAY27-T78,>78F,wing_high,HGBR_QUANTILE,0.31412103746397696,False,0.02
2025-06-03,KXHIGHNY-25JUN03-B78.5,78-79F,central,GUMBEL,0.48495766576511434,True,0.4
2025-06-03,KXHIGHNY-25JUN03-B80.5,80-81F,central,GUMBEL,0.46733798270918725,False,0.3
2025-06-03,KXHIGHNY-25JUN03-B82.5,82-83F,central,GUMBEL,0.04438914732673338,False,0.08
2025-06-03,KXHIGHNY-25JUN03-B84.5,84-85F,central,GUMBEL,0.003070400581594468,False,0.02
2025-06-03,KXHIGHNY-25JUN03-T78,<=78F,wing_low,GUMBEL,2.2132536698475166e-05,False,0.25
2025-06-03,KXHIGHNY-25JUN03-T85,>85F,wing_high,GUMBEL,0.00022267108067208774,False,0.01
2025-06-03,KXHIGHNY-25JUN03-B78.5,78-79F,central,EMOS,0.0960128207745104,True,0.4
2025-06-03,KXHIGHNY-25JUN03-B80.5,80-81F,central,EMOS,0.5646389591920681,False,0.3
2025-06-03,KXHIGHNY-25JUN03-B82.5,82-83F,central,EMOS,0.30515459089477853,False,0.08
2025-06-03,KXHIGHNY-25JUN03-B84.5,84-85F,central,EMOS,0.015086227584919398,False,0.02
2025-06-03,KXHIGHNY-25JUN03-T78,<=78F,wing_low,EMOS,0.017678295217661406,False,0.25
2025-06-03,KXHIGHNY-25JUN03-T85,>85F,wing_high,EMOS,0.0014291063360622538,False,0.01
2025-06-03,KXHIGHNY-25JUN03-B78.5,78-79F,central,RF_DISTRIBUTION,0.0625,True,0.4
2025-06-03,KXHIGHNY-25JUN03-B80.5,80-81F,central,RF_DISTRIBUTION,0.34375,False,0.3
2025-06-03,KXHIGHNY-25JUN03-B82.5,82-83F,central,RF_DISTRIBUTION,0.53125,False,0.08
2025-06-03,KXHIGHNY-25JUN03-B84.5,84-85F,central,RF_DISTRIBUTION,0.0,False,0.02
2025-06-03,KXHIGHNY-25JUN03-T78,<=78F,wing_low,RF_DISTRIBUTION,0.0625,False,0.25
2025-06-03,KXHIGHNY-25JUN03-T85,>85F,wing_high,RF_DISTRIBUTION,0.0,False,0.01
2025-06-03,KXHIGHNY-25JUN03-B78.5,78-79F,central,HGBR_QUANTILE,0.05588235294117647,True,0.4
2025-06-03,KXHIGHNY-25JUN03-B80.5,80-81F,central,HGBR_QUANTILE,0.0823529411764706,False,0.3
2025-06-03,KXHIGHNY-25JUN03-B82.5,82-83F,central,HGBR_QUANTILE,0.026470588235294117,False,0.08
2025-06-03,KXHIGHNY-25JUN03-B84.5,84-85F,central,HGBR_QUANTILE,0.008823529411764706,False,0.02
2025-06-03,KXHIGHNY-25JUN03-T78,<=78F,wing_low,HGBR_QUANTILE,0.8264705882352942,False,0.25
2025-06-03,KXHIGHNY-25JUN03-T85,>85F,wing_high,HGBR_QUANTILE,0.0,False,0.01
2025-06-10,KXHIGHNY-25JUN10-B75.5,75-76F,central,GUMBEL,0.656268751394528,False,0.31
2025-06-10,KXHIGHNY-25JUN10-B77.5,77-78F,central,GUMBEL,0.08174338415500237,False,0.46
2025-06-10,KXHIGHNY-25JUN10-B79.5,79-80F,central,GUMBEL,0.005775794160674641,False,0.09
2025-06-10,KXHIGHNY-25JUN10-B81.5,81-82F,central,GUMBEL,0.00039115541822831723,False,0.02
2025-06-10,KXHIGHNY-25JUN10-T75,<=75F,wing_low,GUMBEL,0.2557925883568632,True,0.18
2025-06-10,KXHIGHNY-25JUN10-T82,>82F,wing_high,GUMBEL,2.8326514703413963e-05,False,0.01
2025-06-10,KXHIGHNY-25JUN10-B75.5,75-76F,central,EMOS,0.25581981394356784,False,0.31
2025-06-10,KXHIGHNY-25JUN10-B77.5,77-78F,central,EMOS,0.02467517633211827,False,0.46
2025-06-10,KXHIGHNY-25JUN10-B79.5,79-80F,central,EMOS,0.00022148242669160922,False,0.09
2025-06-10,KXHIGHNY-25JUN10-B81.5,81-82F,central,EMOS,1.808251013150189e-07,False,0.02
2025-06-10,KXHIGHNY-25JUN10-T75,<=75F,wing_low,EMOS,0.719283344371392,True,0.18
2025-06-10,KXHIGHNY-25JUN10-T82,>82F,wing_high,EMOS,2.101128983526642e-09,False,0.01
2025-06-10,KXHIGHNY-25JUN10-B75.5,75-76F,central,RF_DISTRIBUTION,0.4565217391304347,False,0.31
2025-06-10,KXHIGHNY-25JUN10-B77.5,77-78F,central,RF_DISTRIBUTION,0.021739130434782608,False,0.46
2025-06-10,KXHIGHNY-25JUN10-B79.5,79-80F,central,RF_DISTRIBUTION,0.0,False,0.09
2025-06-10,KXHIGHNY-25JUN10-B81.5,81-82F,central,RF_DISTRIBUTION,0.0,False,0.02
2025-06-10,KXHIGHNY-25JUN10-T75,<=75F,wing_low,RF_DISTRIBUTION,0.5217391304347827,True,0.18
2025-06-10,KXHIGHNY-25JUN10-T82,>82F,wing_high,RF_DISTRIBUTION,0.0,False,0.01
2025-06-10,KXHIGHNY-25JUN10-B75.5,75-76F,central,HGBR_QUANTILE,0.2675,False,0.31
2025-06-10,KXHIGHNY-25JUN10-B77.5,77-78F,central,HGBR_QUANTILE,0.0,False,0.46
2025-06-10,KXHIGHNY-25JUN10-B79.5,79-80F,central,HGBR_QUANTILE,0.0,False,0.09
2025-06-10,KXHIGHNY-25JUN10-B81.5,81-82F,central,HGBR_QUANTILE,0.0,False,0.02
2025-06-10,KXHIGHNY-25JUN10-T75,<=75F,wing_low,HGBR_QUANTILE,0.7325,True,0.18
2025-06-10,KXHIGHNY-25JUN10-T82,>82F,wing_high,HGBR_QUANTILE,0.0,False,0.01
2025-06-17,KXHIGHNY-25JUN17-B69.5,69-70F,central,GUMBEL,0.25403621844284585,False,0.34
2025-06-17,KXHIGHNY-25JUN17-B71.5,71-72F,central,GUMBEL,0.02006066859521738,False,0.3
2025-06-17,KXHIGHNY-25JUN17-B73.5,73-74F,central,GUMBEL,0.001369106981168433,False,0.2
2025-06-17,KXHIGHNY-25JUN17-B75.5,75-76F,central,GUMBEL,9.250173896391267e-05,False,0.02
2025-06-17,KXHIGHNY-25JUN17-T69,<=69F,wing_low,GUMBEL,0.7244348065659528,True,0.14
2025-06-17,KXHIGHNY-25JUN17-T76,>76F,wing_high,GUMBEL,6.697675851596863e-06,False,0.01
2025-06-17,KXHIGHNY-25JUN17-B69.5,69-70F,central,EMOS,0.09064257705349309,False,0.34
2025-06-17,KXHIGHNY-25JUN17-B71.5,71-72F,central,EMOS,0.0026156357389144303,False,0.3
2025-06-17,KXHIGHNY-25JUN17-B73.5,73-74F,central,EMOS,7.288264279566664e-06,False,0.2
2025-06-17,KXHIGHNY-25JUN17-B75.5,75-76F,central,EMOS,1.9185688862053595e-09,False,0.02
2025-06-17,KXHIGHNY-25JUN17-T69,<=69F,wing_low,EMOS,0.9067344970119251,True,0.14
2025-06-17,KXHIGHNY-25JUN17-T76,>76F,wing_high,EMOS,1.2818915499081621e-11,False,0.01
2025-06-17,KXHIGHNY-25JUN17-B69.5,69-70F,central,RF_DISTRIBUTION,0.05,False,0.34
2025-06-17,KXHIGHNY-25JUN17-B71.5,71-72F,central,RF_DISTRIBUTION,0.0,False,0.3
2025-06-17,KXHIGHNY-25JUN17-B73.5,73-74F,central,RF_DISTRIBUTION,0.0,False,0.2
2025-06-17,KXHIGHNY-25JUN17-B75.5,75-76F,central,RF_DISTRIBUTION,0.0,False,0.02
2025-06-17,KXHIGHNY-25JUN17-T69,<=69F,wing_low,RF_DISTRIBUTION,0.95,True,0.14
2025-06-17,KXHIGHNY-25JUN17-T76,>76F,wing_high,RF_DISTRIBUTION,0.0,False,0.01
2025-06-17,KXHIGHNY-25JUN17-B69.5,69-70F,central,HGBR_QUANTILE,0.07474226804123711,False,0.34
2025-06-17,KXHIGHNY-25JUN17-B71.5,71-72F,central,HGBR_QUANTILE,0.010309278350515464,False,0.3
2025-06-17,KXHIGHNY-25JUN17-B73.5,73-74F,central,HGBR_QUANTILE,0.0,False,0.2
2025-06-17,KXHIGHNY-25JUN17-B75.5,75-76F,central,HGBR_QUANTILE,0.0,False,0.02
2025-06-17,KXHIGHNY-25JUN17-T69,<=69F,wing_low,HGBR_QUANTILE,0.9149484536082474,True,0.14
2025-06-17,KXHIGHNY-25JUN17-T76,>76F,wing_high,HGBR_QUANTILE,0.0,False,0.01
2025-06-24,KXHIGHNY-25JUN24-B100.5,100-101F,central,GUMBEL,0.6825334467372768,False,0.51
2025-06-24,KXHIGHNY-25JUN24-B102.5,102-103F,central,GUMBEL,0.28858334690883813,False,0.09
2025-06-24,KXHIGHNY-25JUN24-B104.5,104-105F,central,GUMBEL,0.023378257270795788,False,0.01
2025-06-24,KXHIGHNY-25JUN24-B98.5,98-99F,central,GUMBEL,0.0037907036294037347,True,0.34
2025-06-24,KXHIGHNY-25JUN24-T105,>105F,wing_high,GUMBEL,0.0017142454536855922,False,0.01
2025-06-24,KXHIGHNY-25JUN24-T98,<=98F,wing_low,GUMBEL,1.369969399811983e-36,False,0.05
2025-06-24,KXHIGHNY-25JUN24-B100.5,100-101F,central,EMOS,0.5706250959264404,False,0.51
2025-06-24,KXHIGHNY-25JUN24-B102.5,102-103F,central,EMOS,0.14752928693016343,False,0.09
2025-06-24,KXHIGHNY-25JUN24-B104.5,104-105F,central,EMOS,0.0036754025236692372,False,0.01
2025-06-24,KXHIGHNY-25JUN24-B98.5,98-99F,central,EMOS,0.21463307880969337,True,0.34
2025-06-24,KXHIGHNY-25JUN24-T105,>105F,wing_high,EMOS,0.00024861430326076966,False,0.01
2025-06-24,KXHIGHNY-25JUN24-T98,<=98F,wing_low,EMOS,0.06328852150677282,False,0.05
2025-06-24,KXHIGHNY-25JUN24-B100.5,100-101F,central,RF_DISTRIBUTION,0.0,False,0.51
2025-06-24,KXHIGHNY-25JUN24-B102.5,102-103F,central,RF_DISTRIBUTION,0.0,False,0.09
2025-06-24,KXHIGHNY-25JUN24-B104.5,104-105F,central,RF_DISTRIBUTION,0.0,False,0.01
2025-06-24,KXHIGHNY-25JUN24-B98.5,98-99F,central,RF_DISTRIBUTION,0.0,True,0.34
2025-06-24,KXHIGHNY-25JUN24-T105,>105F,wing_high,RF_DISTRIBUTION,0.0,False,0.01
2025-06-24,KXHIGHNY-25JUN24-T98,<=98F,wing_low,RF_DISTRIBUTION,1.0,False,0.05
2025-06-24,KXHIGHNY-25JUN24-B100.5,100-101F,central,HGBR_QUANTILE,0.0,False,0.51
2025-06-24,KXHIGHNY-25JUN24-B102.5,102-103F,central,HGBR_QUANTILE,0.0,False,0.09
2025-06-24,KXHIGHNY-25JUN24-B104.5,104-105F,central,HGBR_QUANTILE,0.0,False,0.01
2025-06-24,KXHIGHNY-25JUN24-B98.5,98-99F,central,HGBR_QUANTILE,0.0,True,0.34
2025-06-24,KXHIGHNY-25JUN24-T105,>105F,wing_high,HGBR_QUANTILE,0.0,False,0.01
2025-06-24,KXHIGHNY-25JUN24-T98,<=98F,wing_low,HGBR_QUANTILE,1.0,False,0.05
2025-07-01,KXHIGHNY-25JUL01-B84.5,84-85F,central,GUMBEL,4.824283679233936e-78,False,0.05
2025-07-01,KXHIGHNY-25JUL01-B86.5,86-87F,central,GUMBEL,6.026098223678983e-06,False,0.3
2025-07-01,KXHIGHNY-25JUL01-B88.5,88-89F,central,GUMBEL,0.4441938994885689,True,0.42
2025-07-01,KXHIGHNY-25JUL01-B90.5,90-91F,central,GUMBEL,0.5024873808986967,False,0.22
2025-07-01,KXHIGHNY-25JUL01-T84,<=84F,wing_low,GUMBEL,0.0,False,0.02
2025-07-01,KXHIGHNY-25JUL01-T91,>91F,wing_high,GUMBEL,0.053312693514510734,False,0.03
2025-07-01,KXHIGHNY-25JUL01-B84.5,84-85F,central,EMOS,2.602217804821515e-05,False,0.05
2025-07-01,KXHIGHNY-25JUL01-B86.5,86-87F,central,EMOS,0.007132129244130947,False,0.3
2025-07-01,KXHIGHNY-25JUL01-B88.5,88-89F,central,EMOS,0.17995672894235237,True,0.42
2025-07-01,KXHIGHNY-25JUL01-B90.5,90-91F,central,EMOS,0.42615919129948426,False,0.22
2025-07-01,KXHIGHNY-25JUL01-T84,<=84F,wing_low,EMOS,6.464715411672949e-07,False,0.02
2025-07-01,KXHIGHNY-25JUL01-T91,>91F,wing_high,EMOS,0.38672528186444305,False,0.03
2025-07-01,KXHIGHNY-25JUL01-B84.5,84-85F,central,RF_DISTRIBUTION,0.022222222222222223,False,0.05
2025-07-01,KXHIGHNY-25JUL01-B86.5,86-87F,central,RF_DISTRIBUTION,0.06666666666666667,False,0.3
2025-07-01,KXHIGHNY-25JUL01-B88.5,88-89F,central,RF_DISTRIBUTION,0.26666666666666666,True,0.42
2025-07-01,KXHIGHNY-25JUL01-B90.5,90-91F,central,RF_DISTRIBUTION,0.2222222222222222,False,0.22
2025-07-01,KXHIGHNY-25JUL01-T84,<=84F,wing_low,RF_DISTRIBUTION,0.0,False,0.02
2025-07-01,KXHIGHNY-25JUL01-T91,>91F,wing_high,RF_DISTRIBUTION,0.4222222222222222,False,0.03
2025-07-01,KXHIGHNY-25JUL01-B84.5,84-85F,central,HGBR_QUANTILE,0.0521978021978022,False,0.05
2025-07-01,KXHIGHNY-25JUL01-B86.5,86-87F,central,HGBR_QUANTILE,0.024725274725274724,False,0.3
2025-07-01,KXHIGHNY-25JUL01-B88.5,88-89F,central,HGBR_QUANTILE,0.027472527472527472,True,0.42
2025-07-01,KXHIGHNY-25JUL01-B90.5,90-91F,central,HGBR_QUANTILE,0.027472527472527472,False,0.22
2025-07-01,KXHIGHNY-25JUL01-T84,<=84F,wing_low,HGBR_QUANTILE,0.760989010989011,False,0.02
2025-07-01,KXHIGHNY-25JUL01-T91,>91F,wing_high,HGBR_QUANTILE,0.10714285714285714,False,0.03
2025-07-08,KXHIGHNY-25JUL08-B88.5,88-89F,central,GUMBEL,0.0,False,0.13
2025-07-08,KXHIGHNY-25JUL08-B90.5,90-91F,central,GUMBEL,3.756270925430267e-25,False,0.27
2025-07-08,KXHIGHNY-25JUL08-B92.5,92-93F,central,GUMBEL,0.02243623634936903,True,0.43
2025-07-08,KXHIGHNY-25JUL08-B94.5,94-95F,central,GUMBEL,0.7514297521508686,False,0.15
2025-07-08,KXHIGHNY-25JUL08-T88,<=88F,wing_low,GUMBEL,0.0,False,0.01
2025-07-08,KXHIGHNY-25JUL08-T95,>95F,wing_high,GUMBEL,0.22613401149976242,False,0.05
2025-07-08,KXHIGHNY-25JUL08-B88.5,88-89F,central,EMOS,1.67290222307428e-05,False,0.13
2025-07-08,KXHIGHNY-25JUL08-B90.5,90-91F,central,EMOS,0.005074739568219035,False,0.27
2025-07-08,KXHIGHNY-25JUL08-B92.5,92-93F,central,EMOS,0.1469778819246984,True,0.43
2025-07-08,KXHIGHNY-25JUL08-B94.5,94-95F,central,EMOS,0.4141768334795273,False,0.15
2025-07-08,KXHIGHNY-25JUL08-T88,<=88F,wing_low,EMOS,4.004674103157005e-07,False,0.01
2025-07-08,KXHIGHNY-25JUL08-T95,>95F,wing_high,EMOS,0.43375341553791424,False,0.05
2025-07-08,KXHIGHNY-25JUL08-B88.5,88-89F,central,RF_DISTRIBUTION,0.3170731707317073,False,0.13
2025-07-08,KXHIGHNY-25JUL08-B90.5,90-91F,central,RF_DISTRIBUTION,0.36585365853658536,False,0.27
2025-07-08,KXHIGHNY-25JUL08-B92.5,92-93F,central,RF_DISTRIBUTION,0.17073170731707318,True,0.43
2025-07-08,KXHIGHNY-25JUL08-B94.5,94-95F,central,RF_DISTRIBUTION,0.07317073170731707,False,0.15
2025-07-08,KXHIGHNY-25JUL08-T88,<=88F,wing_low,RF_DISTRIBUTION,0.07317073170731707,False,0.01
2025-07-08,KXHIGHNY-25JUL08-T95,>95F,wing_high,RF_DISTRIBUTION,0.0,False,0.05
2025-07-08,KXHIGHNY-25JUL08-B88.5,88-89F,central,HGBR_QUANTILE,0.04632152588555858,False,0.13
2025-07-08,KXHIGHNY-25JUL08-B90.5,90-91F,central,HGBR_QUANTILE,0.043596730245231606,False,0.27
2025-07-08,KXHIGHNY-25JUL08-B92.5,92-93F,central,HGBR_QUANTILE,0.027247956403269755,True,0.43
2025-07-08,KXHIGHNY-25JUL08-B94.5,94-95F,central,HGBR_QUANTILE,0.0,False,0.15
2025-07-08,KXHIGHNY-25JUL08-T88,<=88F,wing_low,HGBR_QUANTILE,0.8828337874659401,False,0.01
2025-07-08,KXHIGHNY-25JUL08-T95,>95F,wing_high,HGBR_QUANTILE,0.0,False,0.05
2025-07-15,KXHIGHNY-25JUL15-B82.5,82-83F,central,GUMBEL,0.06407198826220527,False,0.07
2025-07-15,KXHIGHNY-25JUL15-B84.5,84-85F,central,GUMBEL,0.7666069422319673,False,0.5
2025-07-15,KXHIGHNY-25JUL15-B86.5,86-87F,central,GUMBEL,0.15687449350511273,True,0.38
2025-07-15,KXHIGHNY-25JUL15-B88.5,88-89F,central,GUMBEL,0.01160133981937539,False,0.17
2025-07-15,KXHIGHNY-25JUL15-T82,<=82F,wing_low,GUMBEL,2.1121300920625194e-18,False,0.05
2025-07-15,KXHIGHNY-25JUL15-T89,>89F,wing_high,GUMBEL,0.0008452361813392484,False,0.02
2025-07-15,KXHIGHNY-25JUL15-B82.5,82-83F,central,EMOS,0.13948126750329592,False,0.07
2025-07-15,KXHIGHNY-25JUL15-B84.5,84-85F,central,EMOS,0.5845556046720607,False,0.5
2025-07-15,KXHIGHNY-25JUL15-B86.5,86-87F,central,EMOS,0.23468127202147043,True,0.38
2025-07-15,KXHIGHNY-25JUL15-B88.5,88-89F,central,EMOS,0.008967839221843294,False,0.17
2025-07-15,KXHIGHNY-25JUL15-T82,<=82F,wing_low,EMOS,0.03155966731023437,False,0.05
2025-07-15,KXHIGHNY-25JUL15-T89,>89F,wing_high,EMOS,0.0007543492710953312,False,0.02
2025-07-15,KXHIGHNY-25JUL15-B82.5,82-83F,central,RF_DISTRIBUTION,0.2058823529411765,False,0.07
2025-07-15,KXHIGHNY-25JUL15-B84.5,84-85F,central,RF_DISTRIBUTION,0.411764705882353,False,0.5
2025-07-15,KXHIGHNY-25JUL15-B86.5,86-87F,central,RF_DISTRIBUTION,0.32352941176470584,True,0.38
2025-07-15,KXHIGHNY-25JUL15-B88.5,88-89F,central,RF_DISTRIBUTION,0.029411764705882353,False,0.17
2025-07-15,KXHIGHNY-25JUL15-T82,<=82F,wing_low,RF_DISTRIBUTION,0.0,False,0.05
2025-07-15,KXHIGHNY-25JUL15-T89,>89F,wing_high,RF_DISTRIBUTION,0.029411764705882353,False,0.02
2025-07-15,KXHIGHNY-25JUL15-B82.5,82-83F,central,HGBR_QUANTILE,0.052173913043478265,False,0.07
2025-07-15,KXHIGHNY-25JUL15-B84.5,84-85F,central,HGBR_QUANTILE,0.052173913043478265,False,0.5
2025-07-15,KXHIGHNY-25JUL15-B86.5,86-87F,central,HGBR_QUANTILE,0.052173913043478265,True,0.38
2025-07-15,KXHIGHNY-25JUL15-B88.5,88-89F,central,HGBR_QUANTILE,0.043478260869565216,False,0.17
2025-07-15,KXHIGHNY-25JUL15-T82,<=82F,wing_low,HGBR_QUANTILE,0.5884057971014492,False,0.05
2025-07-15,KXHIGHNY-25JUL15-T89,>89F,wing_high,HGBR_QUANTILE,0.21159420289855074,False,0.02
2025-07-22,KXHIGHNY-25JUL22-B78.5,78-79F,central,GUMBEL,0.26761193492441865,False,0.29
2025-07-22,KXHIGHNY-25JUL22-B80.5,80-81F,central,GUMBEL,0.6472351462619664,True,0.43
2025-07-22,KXHIGHNY-25JUL22-B82.5,82-83F,central,GUMBEL,0.07916228178173736,False,0.16
2025-07-22,KXHIGHNY-25JUL22-B84.5,84-85F,central,GUMBEL,0.005585047008058953,False,0.01
2025-07-22,KXHIGHNY-25JUL22-T78,<=78F,wing_low,GUMBEL,3.314207849174132e-09,False,0.04
2025-07-22,KXHIGHNY-25JUL22-T85,>85F,wing_high,GUMBEL,0.0004055867096106614,False,0.01
2025-07-22,KXHIGHNY-25JUL22-B78.5,78-79F,central,EMOS,0.4149782971712901,False,0.29
2025-07-22,KXHIGHNY-25JUL22-B80.5,80-81F,central,EMOS,0.29026774638088526,True,0.43
2025-07-22,KXHIGHNY-25JUL22-B82.5,82-83F,central,EMOS,0.019731601608715062,False,0.16
2025-07-22,KXHIGHNY-25JUL22-B84.5,84-85F,central,EMOS,0.0001282359783464608,False,0.01
2025-07-22,KXHIGHNY-25JUL22-T78,<=78F,wing_low,EMOS,0.27488978324877267,False,0.04
2025-07-22,KXHIGHNY-25JUL22-T85,>85F,wing_high,EMOS,4.3356119904113e-06,False,0.01
2025-07-22,KXHIGHNY-25JUL22-B78.5,78-79F,central,RF_DISTRIBUTION,0.4222222222222222,False,0.29
2025-07-22,KXHIGHNY-25JUL22-B80.5,80-81F,central,RF_DISTRIBUTION,0.2888888888888889,True,0.43
2025-07-22,KXHIGHNY-25JUL22-B82.5,82-83F,central,RF_DISTRIBUTION,0.08888888888888889,False,0.16
2025-07-22,KXHIGHNY-25JUL22-B84.5,84-85F,central,RF_DISTRIBUTION,0.0,False,0.01
2025-07-22,KXHIGHNY-25JUL22-T78,<=78F,wing_low,RF_DISTRIBUTION,0.19999999999999998,False,0.04
2025-07-22,KXHIGHNY-25JUL22-T85,>85F,wing_high,RF_DISTRIBUTION,0.0,False,0.01
2025-07-22,KXHIGHNY-25JUL22-B78.5,78-79F,central,HGBR_QUANTILE,0.34985422740524785,False,0.29
2025-07-22,KXHIGHNY-25JUL22-B80.5,80-81F,central,HGBR_QUANTILE,0.0903790087463557,True,0.43
2025-07-22,KXHIGHNY-25JUL22-B82.5,82-83F,central,HGBR_QUANTILE,0.0,False,0.16
2025-07-22,KXHIGHNY-25JUL22-B84.5,84-85F,central,HGBR_QUANTILE,0.0,False,0.01
2025-07-22,KXHIGHNY-25JUL22-T78,<=78F,wing_low,HGBR_QUANTILE,0.5597667638483965,False,0.04
2025-07-22,KXHIGHNY-25JUL22-T85,>85F,wing_high,HGBR_QUANTILE,0.0,False,0.01
2025-07-29,KXHIGHNY-25JUL29-B93.5,93-94F,central,GUMBEL,2.862322802558651e-99,False,0.03
2025-07-29,KXHIGHNY-25JUL29-B95.5,95-96F,central,GUMBEL,2.2229629857793843e-07,False,0.35
2025-07-29,KXHIGHNY-25JUL29-B97.5,97-98F,central,GUMBEL,0.35548672358422506,True,0.52
2025-07-29,KXHIGHNY-25JUL29-B99.5,99-100F,central,GUMBEL,0.5770675762816301,False,0.15
2025-07-29,KXHIGHNY-25JUL29-T100,>100F,wing_high,GUMBEL,0.06744547783784617,False,0.03
2025-07-29,KXHIGHNY-25JUL29-T93,<=93F,wing_low,GUMBEL,0.0,False,0.01
2025-07-29,KXHIGHNY-25JUL29-B93.5,93-94F,central,EMOS,0.007969942765962978,False,0.03
2025-07-29,KXHIGHNY-25JUL29-B95.5,95-96F,central,EMOS,0.22129226732479418,False,0.35
2025-07-29,KXHIGHNY-25JUL29-B97.5,97-98F,central,EMOS,0.5860515953070702,True,0.52
2025-07-29,KXHIGHNY-25JUL29-B99.5,99-100F,central,EMOS,0.14904632365521364,False,0.15
2025-07-29,KXHIGHNY-25JUL29-T100,>100F,wing_high,EMOS,0.03498936440681391,False,0.03
2025-07-29,KXHIGHNY-25JUL29-T93,<=93F,wing_low,EMOS,0.0006505065401451248,False,0.01
2025-07-29,KXHIGHNY-25JUL29-B93.5,93-94F,central,RF_DISTRIBUTION,0.32,False,0.03
2025-07-29,KXHIGHNY-25JUL29-B95.5,95-96F,central,RF_DISTRIBUTION,0.04,False,0.35
2025-07-29,KXHIGHNY-25JUL29-B97.5,97-98F,central,RF_DISTRIBUTION,0.0,True,0.52
2025-07-29,KXHIGHNY-25JUL29-B99.5,99-100F,central,RF_DISTRIBUTION,0.0,False,0.15
2025-07-29,KXHIGHNY-25JUL29-T100,>100F,wing_high,RF_DISTRIBUTION,0.0,False,0.03
2025-07-29,KXHIGHNY-25JUL29-T93,<=93F,wing_low,RF_DISTRIBUTION,0.64,False,0.01
2025-07-29,KXHIGHNY-25JUL29-B93.5,93-94F,central,HGBR_QUANTILE,0.034031413612565446,False,0.03
2025-07-29,KXHIGHNY-25JUL29-B95.5,95-96F,central,HGBR_QUANTILE,0.028795811518324606,False,0.35
2025-07-29,KXHIGHNY-25JUL29-B97.5,97-98F,central,HGBR_QUANTILE,0.0,True,0.52
2025-07-29,KXHIGHNY-25JUL29-B99.5,99-100F,central,HGBR_QUANTILE,0.0,False,0.15
2025-07-29,KXHIGHNY-25JUL29-T100,>100F,wing_high,HGBR_QUANTILE,0.0,False,0.03
2025-07-29,KXHIGHNY-25JUL29-T93,<=93F,wing_low,HGBR_QUANTILE,0.93717277486911,False,0.01
2025-08-05,KXHIGHNY-25AUG05-B85.5,85-86F,central,GUMBEL,0.7429366285208859,True,0.63
2025-08-05,KXHIGHNY-25AUG05-B87.5,87-88F,central,GUMBEL,0.1203834296271708,False,0.3
2025-08-05,KXHIGHNY-25AUG05-B89.5,89-90F,central,GUMBEL,0.008703064810335503,False,0.02
2025-08-05,KXHIGHNY-25AUG05-T85,<=85F,wing_low,GUMBEL,0.12797687704160782,False,0.07
2025-08-05,KXHIGHNY-25AUG05-B85.5,85-86F,central,EMOS,0.2632669896680945,True,0.63
2025-08-05,KXHIGHNY-25AUG05-B87.5,87-88F,central,EMOS,0.026781103419571857,False,0.3
2025-08-05,KXHIGHNY-25AUG05-B89.5,89-90F,central,EMOS,0.00025478929346367947,False,0.02
2025-08-05,KXHIGHNY-25AUG05-T85,<=85F,wing_low,EMOS,0.70969711761887,False,0.07
2025-08-05,KXHIGHNY-25AUG05-B85.5,85-86F,central,RF_DISTRIBUTION,0.0,True,0.63
2025-08-05,KXHIGHNY-25AUG05-B87.5,87-88F,central,RF_DISTRIBUTION,0.11320754716981134,False,0.3
2025-08-05,KXHIGHNY-25AUG05-B89.5,89-90F,central,RF_DISTRIBUTION,0.0,False,0.02
2025-08-05,KXHIGHNY-25AUG05-T85,<=85F,wing_low,RF_DISTRIBUTION,0.8867924528301887,False,0.07
2025-08-05,KXHIGHNY-25AUG05-B85.5,85-86F,central,HGBR_QUANTILE,0.14450867052023122,True,0.63
2025-08-05,KXHIGHNY-25AUG05-B87.5,87-88F,central,HGBR_QUANTILE,0.0028901734104046246,False,0.3
2025-08-05,KXHIGHNY-25AUG05-B89.5,89-90F,central,HGBR_QUANTILE,0.0,False,0.02
2025-08-05,KXHIGHNY-25AUG05-T85,<=85F,wing_low,HGBR_QUANTILE,0.852601156069364,False,0.07
2025-08-12,KXHIGHNY-25AUG12-B86.5,86-87F,central,GUMBEL,6.026098223678983e-06,False,0.01
2025-08-12,KXHIGHNY-25AUG12-B88.5,88-89F,central,GUMBEL,0.4441938994885689,False,0.37
2025-08-12,KXHIGHNY-25AUG12-B90.5,90-91F,central,GUMBEL,0.5024873808986967,True,0.54
2025-08-12,KXHIGHNY-25AUG12-B92.5,92-93F,central,GUMBEL,0.04962066529313869,False,0.07
2025-08-12,KXHIGHNY-25AUG12-T86,<=86F,wing_low,GUMBEL,4.824283679233936e-78,False,0.01
2025-08-12,KXHIGHNY-25AUG12-T93,>93F,wing_high,GUMBEL,0.0036920282213720457,False,0.03
2025-08-12,KXHIGHNY-25AUG12-B86.5,86-87F,central,EMOS,0.006438553083383807,False,0.01
2025-08-12,KXHIGHNY-25AUG12-B88.5,88-89F,central,EMOS,0.20178085665748874,False,0.37
2025-08-12,KXHIGHNY-25AUG12-B90.5,90-91F,central,EMOS,0.5898589623719257,True,0.54
2025-08-12,KXHIGHNY-25AUG12-B92.5,92-93F,central,EMOS,0.16207905285485985,False,0.07
2025-08-12,KXHIGHNY-25AUG12-T86,<=86F,wing_low,EMOS,0.0004888404722662783,False,0.01
2025-08-12,KXHIGHNY-25AUG12-T93,>93F,wing_high,EMOS,0.03935373456007552,False,0.03
2025-08-12,KXHIGHNY-25AUG12-B86.5,86-87F,central,RF_DISTRIBUTION,0.38636363636363635,False,0.01
2025-08-12,KXHIGHNY-25AUG12-B88.5,88-89F,central,RF_DISTRIBUTION,0.27272727272727276,False,0.37
2025-08-12,KXHIGHNY-25AUG12-B90.5,90-91F,central,RF_DISTRIBUTION,0.0,True,0.54
2025-08-12,KXHIGHNY-25AUG12-B92.5,92-93F,central,RF_DISTRIBUTION,0.09090909090909091,False,0.07
2025-08-12,KXHIGHNY-25AUG12-T86,<=86F,wing_low,RF_DISTRIBUTION,0.022727272727272728,False,0.01
2025-08-12,KXHIGHNY-25AUG12-T93,>93F,wing_high,RF_DISTRIBUTION,0.22727272727272727,False,0.03
2025-08-12,KXHIGHNY-25AUG12-B86.5,86-87F,central,HGBR_QUANTILE,0.05202312138728324,False,0.01
2025-08-12,KXHIGHNY-25AUG12-B88.5,88-89F,central,HGBR_QUANTILE,0.05491329479768786,False,0.37
2025-08-12,KXHIGHNY-25AUG12-B90.5,90-91F,central,HGBR_QUANTILE,0.049132947976878616,True,0.54
2025-08-12,KXHIGHNY-25AUG12-B92.5,92-93F,central,HGBR_QUANTILE,0.05202312138728324,False,0.07
2025-08-12,KXHIGHNY-25AUG12-T86,<=86F,wing_low,HGBR_QUANTILE,0.684971098265896,False,0.01
2025-08-12,KXHIGHNY-25AUG12-T93,>93F,wing_high,HGBR_QUANTILE,0.1069364161849711,False,0.03
2025-08-19,KXHIGHNY-25AUG19-B75.5,75-76F,central,GUMBEL,0.7671607877769333,False,0.57
2025-08-19,KXHIGHNY-25AUG19-B77.5,77-78F,central,GUMBEL,0.1646812677790529,True,0.37
2025-08-19,KXHIGHNY-25AUG19-B79.5,79-80F,central,GUMBEL,0.012239388544110774,False,0.03
2025-08-19,KXHIGHNY-25AUG19-B81.5,81-82F,central,GUMBEL,0.0008317813299487664,False,0.06
2025-08-19,KXHIGHNY-25AUG19-T75,<=75F,wing_low,GUMBEL,0.05502652476710031,False,0.05
2025-08-19,KXHIGHNY-25AUG19-T82,>82F,wing_high,GUMBEL,6.0249802853906687e-05,False,0.05
2025-08-19,KXHIGHNY-25AUG19-B75.5,75-76F,central,EMOS,0.3720971615196774,False,0.57
2025-08-19,KXHIGHNY-25AUG19-B77.5,77-78F,central,EMOS,0.4064902537385637,True,0.37
2025-08-19,KXHIGHNY-25AUG19-B79.5,79-80F,central,EMOS,0.0406543452600544,False,0.03
2025-08-19,KXHIGHNY-25AUG19-B81.5,81-82F,central,EMOS,0.00036644456301496966,False,0.06
2025-08-19,KXHIGHNY-25AUG19-T75,<=75F,wing_low,EMOS,0.18037749478465823,False,0.05
2025-08-19,KXHIGHNY-25AUG19-T82,>82F,wing_high,EMOS,1.4300134031353999e-05,False,0.05
2025-08-19,KXHIGHNY-25AUG19-B75.5,75-76F,central,RF_DISTRIBUTION,0.6486486486486487,False,0.57
2025-08-19,KXHIGHNY-25AUG19-B77.5,77-78F,central,RF_DISTRIBUTION,0.1081081081081081,True,0.37
2025-08-19,KXHIGHNY-25AUG19-B79.5,79-80F,central,RF_DISTRIBUTION,0.05405405405405405,False,0.03
2025-08-19,KXHIGHNY-25AUG19-B81.5,81-82F,central,RF_DISTRIBUTION,0.0,False,0.06
2025-08-19,KXHIGHNY-25AUG19-T75,<=75F,wing_low,RF_DISTRIBUTION,0.18918918918918917,False,0.05
2025-08-19,KXHIGHNY-25AUG19-T82,>82F,wing_high,RF_DISTRIBUTION,0.0,False,0.05
2025-08-19,KXHIGHNY-25AUG19-B75.5,75-76F,central,HGBR_QUANTILE,0.09311740890688261,False,0.57
2025-08-19,KXHIGHNY-25AUG19-B77.5,77-78F,central,HGBR_QUANTILE,0.06072874493927126,True,0.37
2025-08-19,KXHIGHNY-25AUG19-B79.5,79-80F,central,HGBR_QUANTILE,0.06072874493927126,False,0.03
2025-08-19,KXHIGHNY-25AUG19-B81.5,81-82F,central,HGBR_QUANTILE,0.03238866396761134,False,0.06
2025-08-19,KXHIGHNY-25AUG19-T75,<=75F,wing_low,HGBR_QUANTILE,0.6801619433198379,False,0.05
2025-08-19,KXHIGHNY-25AUG19-T82,>82F,wing_high,HGBR_QUANTILE,0.07287449392712551,False,0.05
2025-08-26,KXHIGHNY-25AUG26-B77.5,77-78F,central,GUMBEL,0.26761193492441865,False,0.12
2025-08-26,KXHIGHNY-25AUG26-B79.5,79-80F,central,GUMBEL,0.6472351462619664,True,0.6
2025-08-26,KXHIGHNY-25AUG26-B81.5,81-82F,central,GUMBEL,0.07916228178173736,False,0.29
2025-08-26,KXHIGHNY-25AUG26-B83.5,83-84F,central,GUMBEL,0.005585047008058953,False,0.03
2025-08-26,KXHIGHNY-25AUG26-T77,<=77F,wing_low,GUMBEL,3.314207849174132e-09,False,0.01
2025-08-26,KXHIGHNY-25AUG26-T84,>84F,wing_high,GUMBEL,0.0004055867096106614,False,0.04
2025-08-26,KXHIGHNY-25AUG26-B77.5,77-78F,central,EMOS,0.2234209238877891,False,0.12
2025-08-26,KXHIGHNY-25AUG26-B79.5,79-80F,central,EMOS,0.5786726610144898,True,0.6
2025-08-26,KXHIGHNY-25AUG26-B81.5,81-82F,central,EMOS,0.13145001962659547,False,0.29
2025-08-26,KXHIGHNY-25AUG26-B83.5,83-84F,central,EMOS,0.0025893259281262277,False,0.03
2025-08-26,KXHIGHNY-25AUG26-T77,<=77F,wing_low,EMOS,0.06371844679181506,False,0.01
2025-08-26,KXHIGHNY-25AUG26-T84,>84F,wing_high,EMOS,0.00014862275118441892,False,0.04
2025-08-26,KXHIGHNY-25AUG26-B77.5,77-78F,central,RF_DISTRIBUTION,0.0,False,0.12
2025-08-26,KXHIGHNY-25AUG26-B79.5,79-80F,central,RF_DISTRIBUTION,0.9473684210526316,True,0.6
2025-08-26,KXHIGHNY-25AUG26-B81.5,81-82F,central,RF_DISTRIBUTION,0.026315789473684213,False,0.29
2025-08-26,KXHIGHNY-25AUG26-B83.5,83-84F,central,RF_DISTRIBUTION,0.0,False,0.03
2025-08-26,KXHIGHNY-25AUG26-T77,<=77F,wing_low,RF_DISTRIBUTION,0.026315789473684213,False,0.01
2025-08-26,KXHIGHNY-25AUG26-T84,>84F,wing_high,RF_DISTRIBUTION,0.0,False,0.04
2025-08-26,KXHIGHNY-25AUG26-B77.5,77-78F,central,HGBR_QUANTILE,0.07857142857142857,False,0.12
2025-08-26,KXHIGHNY-25AUG26-B79.5,79-80F,central,HGBR_QUANTILE,0.28928571428571426,True,0.6
2025-08-26,KXHIGHNY-25AUG26-B81.5,81-82F,central,HGBR_QUANTILE,0.021428571428571425,False,0.29
2025-08-26,KXHIGHNY-25AUG26-B83.5,83-84F,central,HGBR_QUANTILE,0.017857142857142856,False,0.03
2025-08-26,KXHIGHNY-25AUG26-T77,<=77F,wing_low,HGBR_QUANTILE,0.5714285714285715,False,0.01
2025-08-26,KXHIGHNY-25AUG26-T84,>84F,wing_high,HGBR_QUANTILE,0.021428571428571425,False,0.04
2025-09-08,KXHIGHNY-25SEP08-B72.5,72-73F,central,GUMBEL,0.7364096185742408,True,0.6
2025-09-08,KXHIGHNY-25SEP08-B74.5,74-75F,central,GUMBEL,0.11587361766774018,False,0.17
2025-09-08,KXHIGHNY-25SEP08-B76.5,76-77F,central,GUMBEL,0.00835457344885615,False,0.03
2025-09-08,KXHIGHNY-25SEP08-B78.5,78-79F,central,GUMBEL,0.0005665834924973856,False,0.03
2025-09-08,KXHIGHNY-25SEP08-T72,<=72F,wing_low,GUMBEL,0.1387545723701339,False,0.26
2025-09-08,KXHIGHNY-25SEP08-T79,>79F,wing_high,GUMBEL,4.1034446531584834e-05,False,0.01
2025-09-08,KXHIGHNY-25SEP08-B72.5,72-73F,central,EMOS,0.43810391089616063,True,0.6
2025-09-08,KXHIGHNY-25SEP08-B74.5,74-75F,central,EMOS,0.20005739344001006,False,0.17
2025-09-08,KXHIGHNY-25SEP08-B76.5,76-77F,central,EMOS,0.007714319000152865,False,0.03
2025-09-08,KXHIGHNY-25SEP08-B78.5,78-79F,central,EMOS,2.4569863840146822e-05,False,0.03
2025-09-08,KXHIGHNY-25SEP08-T72,<=72F,wing_low,EMOS,0.3540992607626283,False,0.26
2025-09-08,KXHIGHNY-25SEP08-T79,>79F,wing_high,EMOS,5.460372080038461e-07,False,0.01
2025-09-08,KXHIGHNY-25SEP08-B72.5,72-73F,central,RF_DISTRIBUTION,0.5172413793103449,True,0.6
2025-09-08,KXHIGHNY-25SEP08-B74.5,74-75F,central,RF_DISTRIBUTION,0.0,False,0.17
2025-09-08,KXHIGHNY-25SEP08-B76.5,76-77F,central,RF_DISTRIBUTION,0.0,False,0.03
2025-09-08,KXHIGHNY-25SEP08-B78.5,78-79F,central,RF_DISTRIBUTION,0.0,False,0.03
2025-09-08,KXHIGHNY-25SEP08-T72,<=72F,wing_low,RF_DISTRIBUTION,0.4827586206896552,False,0.26
2025-09-08,KXHIGHNY-25SEP08-T79,>79F,wing_high,RF_DISTRIBUTION,0.0,False,0.01
2025-09-08,KXHIGHNY-25SEP08-B72.5,72-73F,central,HGBR_QUANTILE,0.11111111111111112,True,0.6
2025-09-08,KXHIGHNY-25SEP08-B74.5,74-75F,central,HGBR_QUANTILE,0.026143790849673203,False,0.17
2025-09-08,KXHIGHNY-25SEP08-B76.5,76-77F,central,HGBR_QUANTILE,0.016339869281045753,False,0.03
2025-09-08,KXHIGHNY-25SEP08-B78.5,78-79F,central,HGBR_QUANTILE,0.0,False,0.03
2025-09-08,KXHIGHNY-25SEP08-T72,<=72F,wing_low,HGBR_QUANTILE,0.8464052287581699,False,0.26
2025-09-08,KXHIGHNY-25SEP08-T79,>79F,wing_high,HGBR_QUANTILE,0.0,False,0.01
2025-09-15,KXHIGHNY-25SEP15-B75.5,75-76F,central,GUMBEL,5.3013980499541764e-48,False,0.03
2025-09-15,KXHIGHNY-25SEP15-B77.5,77-78F,central,GUMBEL,0.0006430229856718468,False,0.11
2025-09-15,KXHIGHNY-25SEP15-B79.5,79-80F,central,GUMBEL,0.6082066314236892,True,0.68
2025-09-15,KXHIGHNY-25SEP15-B81.5,81-82F,central,GUMBEL,0.35820579378522954,False,0.2
2025-09-15,KXHIGHNY-25SEP15-T75,<=75F,wing_low,GUMBEL,0.0,False,0.01
2025-09-15,KXHIGHNY-25SEP15-T82,>82F,wing_high,GUMBEL,0.03294455180540934,False,0.03
2025-09-15,KXHIGHNY-25SEP15-B75.5,75-76F,central,EMOS,0.0053124535488689156,False,0.03
2025-09-15,KXHIGHNY-25SEP15-B77.5,77-78F,central,EMOS,0.19971609609243896,False,0.11
2025-09-15,KXHIGHNY-25SEP15-B79.5,79-80F,central,EMOS,0.6093423395385957,True,0.68
2025-09-15,KXHIGHNY-25SEP15-B81.5,81-82F,central,EMOS,0.15231216152948127,False,0.2
2025-09-15,KXHIGHNY-25SEP15-T75,<=75F,wing_low,EMOS,0.00034674236052710804,False,0.01
2025-09-15,KXHIGHNY-25SEP15-T82,>82F,wing_high,EMOS,0.032970206930088,False,0.03
2025-09-15,KXHIGHNY-25SEP15-B75.5,75-76F,central,RF_DISTRIBUTION,0.0,False,0.03
2025-09-15,KXHIGHNY-25SEP15-B77.5,77-78F,central,RF_DISTRIBUTION,0.0,False,0.11
2025-09-15,KXHIGHNY-25SEP15-B79.5,79-80F,central,RF_DISTRIBUTION,0.9642857142857143,True,0.68
2025-09-15,KXHIGHNY-25SEP15-B81.5,81-82F,central,RF_DISTRIBUTION,0.0,False,0.2
2025-09-15,KXHIGHNY-25SEP15-T75,<=75F,wing_low,RF_DISTRIBUTION,0.0,False,0.01
2025-09-15,KXHIGHNY-25SEP15-T82,>82F,wing_high,RF_DISTRIBUTION,0.03571428571428571,False,0.03
2025-09-15,KXHIGHNY-25SEP15-B75.5,75-76F,central,HGBR_QUANTILE,0.04804804804804805,False,0.03
2025-09-15,KXHIGHNY-25SEP15-B77.5,77-78F,central,HGBR_QUANTILE,0.04804804804804805,False,0.11
2025-09-15,KXHIGHNY-25SEP15-B79.5,79-80F,central,HGBR_QUANTILE,0.3513513513513513,True,0.68
2025-09-15,KXHIGHNY-25SEP15-B81.5,81-82F,central,HGBR_QUANTILE,0.12912912912912913,False,0.2
2025-09-15,KXHIGHNY-25SEP15-T75,<=75F,wing_low,HGBR_QUANTILE,0.3933933933933934,False,0.01
2025-09-15,KXHIGHNY-25SEP15-T82,>82F,wing_high,HGBR_QUANTILE,0.03003003003003003,False,0.03
2025-09-22,KXHIGHNY-25SEP22-B72.5,72-73F,central,GUMBEL,0.37852214780959614,True,0.18
2025-09-22,KXHIGHNY-25SEP22-B74.5,74-75F,central,GUMBEL,0.033001149136340335,False,0.58
2025-09-22,KXHIGHNY-25SEP22-B76.5,76-77F,central,GUMBEL,0.002268307327510488,False,0.18
2025-09-22,KXHIGHNY-25SEP22-B78.5,78-79F,central,GUMBEL,0.00015332861947758847,False,0.05
2025-09-22,KXHIGHNY-25SEP22-T72,<=72F,wing_low,GUMBEL,0.5860439648412972,False,0.02
2025-09-22,KXHIGHNY-25SEP22-T79,>79F,wing_high,GUMBEL,1.1102265778273335e-05,False,0.01
2025-09-22,KXHIGHNY-25SEP22-B72.5,72-73F,central,EMOS,0.3584646242193933,True,0.18
2025-09-22,KXHIGHNY-25SEP22-B74.5,74-75F,central,EMOS,0.0568747924956365,False,0.58
2025-09-22,KXHIGHNY-25SEP22-B76.5,76-77F,central,EMOS,0.0007053084363143552,False,0.18
2025-09-22,KXHIGHNY-25SEP22-B78.5,78-79F,central,EMOS,6.649119767389127e-07,False,0.05
2025-09-22,KXHIGHNY-25SEP22-T72,<=72F,wing_low,EMOS,0.583954602190925,False,0.02
2025-09-22,KXHIGHNY-25SEP22-T79,>79F,wing_high,EMOS,7.74575411375783e-09,False,0.01
2025-09-22,KXHIGHNY-25SEP22-B72.5,72-73F,central,RF_DISTRIBUTION,0.44642857142857145,True,0.18
2025-09-22,KXHIGHNY-25SEP22-B74.5,74-75F,central,RF_DISTRIBUTION,0.0,False,0.58
2025-09-22,KXHIGHNY-25SEP22-B76.5,76-77F,central,RF_DISTRIBUTION,0.0,False,0.18
2025-09-22,KXHIGHNY-25SEP22-B78.5,78-79F,central,RF_DISTRIBUTION,0.0,False,0.05
2025-09-22,KXHIGHNY-25SEP22-T72,<=72F,wing_low,RF_DISTRIBUTION,0.5535714285714286,False,0.02
2025-09-22,KXHIGHNY-25SEP22-T79,>79F,wing_high,RF_DISTRIBUTION,0.0,False,0.01
2025-09-22,KXHIGHNY-25SEP22-B72.5,72-73F,central,HGBR_QUANTILE,0.23076923076923078,True,0.18
2025-09-22,KXHIGHNY-25SEP22-B74.5,74-75F,central,HGBR_QUANTILE,0.08579881656804733,False,0.58
2025-09-22,KXHIGHNY-25SEP22-B76.5,76-77F,central,HGBR_QUANTILE,0.014792899408284025,False,0.18
2025-09-22,KXHIGHNY-25SEP22-B78.5,78-79F,central,HGBR_QUANTILE,0.014792899408284025,False,0.05
2025-09-22,KXHIGHNY-25SEP22-T72,<=72F,wing_low,HGBR_QUANTILE,0.636094674556213,False,0.02
2025-09-22,KXHIGHNY-25SEP22-T79,>79F,wing_high,HGBR_QUANTILE,0.01775147928994083,False,0.01
2025-09-29,KXHIGHNY-25SEP29-B77.5,77-78F,central,GUMBEL,0.49417740460381426,True,0.23
2025-09-29,KXHIGHNY-25SEP29-B79.5,79-80F,central,GUMBEL,0.04833834725198061,False,0.62
2025-09-29,KXHIGHNY-25SEP29-B81.5,81-82F,central,GUMBEL,0.0033509637860030805,False,0.17
2025-09-29,KXHIGHNY-25SEP29-B83.5,83-84F,central,GUMBEL,0.00022664322020993222,False,0.02
2025-09-29,KXHIGHNY-25SEP29-T77,<=77F,wing_low,GUMBEL,0.4538902296408161,False,0.02
2025-09-29,KXHIGHNY-25SEP29-T84,>84F,wing_high,GUMBEL,1.6411497176016532e-05,False,0.01
2025-09-29,KXHIGHNY-25SEP29-B77.5,77-78F,central,EMOS,0.3542130423477239,True,0.23
2025-09-29,KXHIGHNY-25SEP29-B79.5,79-80F,central,EMOS,0.05396809681281546,False,0.62
2025-09-29,KXHIGHNY-25SEP29-B81.5,81-82F,central,EMOS,0.000636664691450985,False,0.17
2025-09-29,KXHIGHNY-25SEP29-B83.5,83-84F,central,EMOS,5.653954866067291e-07,False,0.02
2025-09-29,KXHIGHNY-25SEP29-T77,<=77F,wing_low,EMOS,0.5911816243851356,False,0.02
2025-09-29,KXHIGHNY-25SEP29-T84,>84F,wing_high,EMOS,6.367387514508486e-09,False,0.01
2025-09-29,KXHIGHNY-25SEP29-B77.5,77-78F,central,RF_DISTRIBUTION,0.3846153846153846,True,0.23
2025-09-29,KXHIGHNY-25SEP29-B79.5,79-80F,central,RF_DISTRIBUTION,0.09615384615384615,False,0.62
2025-09-29,KXHIGHNY-25SEP29-B81.5,81-82F,central,RF_DISTRIBUTION,0.0,False,0.17
2025-09-29,KXHIGHNY-25SEP29-B83.5,83-84F,central,RF_DISTRIBUTION,0.0,False,0.02
2025-09-29,KXHIGHNY-25SEP29-T77,<=77F,wing_low,RF_DISTRIBUTION,0.5192307692307693,False,0.02
2025-09-29,KXHIGHNY-25SEP29-T84,>84F,wing_high,RF_DISTRIBUTION,0.0,False,0.01
2025-09-29,KXHIGHNY-25SEP29-B77.5,77-78F,central,HGBR_QUANTILE,0.3813813813813814,True,0.23
2025-09-29,KXHIGHNY-25SEP29-B79.5,79-80F,central,HGBR_QUANTILE,0.03303303303303303,False,0.62
2025-09-29,KXHIGHNY-25SEP29-B81.5,81-82F,central,HGBR_QUANTILE,0.003003003003003003,False,0.17
2025-09-29,KXHIGHNY-25SEP29-B83.5,83-84F,central,HGBR_QUANTILE,0.0,False,0.02
2025-09-29,KXHIGHNY-25SEP29-T77,<=77F,wing_low,HGBR_QUANTILE,0.5825825825825826,False,0.02
2025-09-29,KXHIGHNY-25SEP29-T84,>84F,wing_high,HGBR_QUANTILE,0.0,False,0.01
2025-10-06,KXHIGHNY-25OCT06-B77.5,77-78F,central,GUMBEL,0.3901758416122583,False,0.18
2025-10-06,KXHIGHNY-25OCT06-B79.5,79-80F,central,GUMBEL,0.5482586068038507,True,0.47
2025-10-06,KXHIGHNY-25OCT06-B81.5,81-82F,central,GUMBEL,0.05728391716534876,False,0.33
2025-10-06,KXHIGHNY-25OCT06-B83.5,83-84F,central,GUMBEL,0.003991161764621221,False,0.07
2025-10-06,KXHIGHNY-25OCT06-T77,<=77F,wing_low,GUMBEL,8.82843163738079e-07,False,0.01
2025-10-06,KXHIGHNY-25OCT06-T84,>84F,wing_high,GUMBEL,0.00028958981075710716,False,0.03
2025-10-06,KXHIGHNY-25OCT06-B77.5,77-78F,central,EMOS,0.24989968219514863,False,0.18
2025-10-06,KXHIGHNY-25OCT06-B79.5,79-80F,central,EMOS,0.5761596857508582,True,0.47
2025-10-06,KXHIGHNY-25OCT06-B81.5,81-82F,central,EMOS,0.10120089985811191,False,0.33
2025-10-06,KXHIGHNY-25OCT06-B83.5,83-84F,central,EMOS,0.001333438486600471,False,0.07
2025-10-06,KXHIGHNY-25OCT06-T77,<=77F,wing_low,EMOS,0.07134756528919682,False,0.01
2025-10-06,KXHIGHNY-25OCT06-T84,>84F,wing_high,EMOS,5.872842008396945e-05,False,0.03
2025-10-06,KXHIGHNY-25OCT06-B77.5,77-78F,central,RF_DISTRIBUTION,0.0,False,0.18
2025-10-06,KXHIGHNY-25OCT06-B79.5,79-80F,central,RF_DISTRIBUTION,1.0,True,0.47
2025-10-06,KXHIGHNY-25OCT06-B81.5,81-82F,central,RF_DISTRIBUTION,0.0,False,0.33
2025-10-06,KXHIGHNY-25OCT06-B83.5,83-84F,central,RF_DISTRIBUTION,0.0,False,0.07
2025-10-06,KXHIGHNY-25OCT06-T77,<=77F,wing_low,RF_DISTRIBUTION,0.0,False,0.01
2025-10-06,KXHIGHNY-25OCT06-T84,>84F,wing_high,RF_DISTRIBUTION,0.0,False,0.03
2025-10-06,KXHIGHNY-25OCT06-B77.5,77-78F,central,HGBR_QUANTILE,0.07017543859649122,False,0.18
2025-10-06,KXHIGHNY-25OCT06-B79.5,79-80F,central,HGBR_QUANTILE,0.3508771929824561,True,0.47
2025-10-06,KXHIGHNY-25OCT06-B81.5,81-82F,central,HGBR_QUANTILE,0.0,False,0.33
2025-10-06,KXHIGHNY-25OCT06-B83.5,83-84F,central,HGBR_QUANTILE,0.0,False,0.07
2025-10-06,KXHIGHNY-25OCT06-T77,<=77F,wing_low,HGBR_QUANTILE,0.5789473684210527,False,0.01
2025-10-06,KXHIGHNY-25OCT06-T84,>84F,wing_high,HGBR_QUANTILE,0.0,False,0.03
2025-10-13,KXHIGHNY-25OCT13-B58.5,58-59F,central,GUMBEL,0.5668350352385025,True,0.46
2025-10-13,KXHIGHNY-25OCT13-B60.5,60-61F,central,GUMBEL,0.06073773321271558,False,0.2
2025-10-13,KXHIGHNY-25OCT13-B62.5,62-63F,central,GUMBEL,0.004240097134349363,False,0.03
2025-10-13,KXHIGHNY-25OCT13-B64.5,64-65F,central,GUMBEL,0.00028691660855761913,False,0.01
2025-10-13,KXHIGHNY-25OCT13-T58,<=58F,wing_low,GUMBEL,0.36787944117144583,False,0.39
2025-10-13,KXHIGHNY-25OCT13-T65,>65F,wing_high,GUMBEL,2.0776634429120477e-05,False,0.01
2025-10-13,KXHIGHNY-25OCT13-B58.5,58-59F,central,EMOS,0.25731374892182224,True,0.46
2025-10-13,KXHIGHNY-25OCT13-B60.5,60-61F,central,EMOS,0.01948414751912038,False,0.2
2025-10-13,KXHIGHNY-25OCT13-B62.5,62-63F,central,EMOS,0.0001078060253848376,False,0.03
2025-10-13,KXHIGHNY-25OCT13-B64.5,64-65F,central,EMOS,4.225861815462362e-08,False,0.01
2025-10-13,KXHIGHNY-25OCT13-T58,<=58F,wing_low,EMOS,0.7230942549666415,False,0.39
2025-10-13,KXHIGHNY-25OCT13-T65,>65F,wing_high,EMOS,3.084128917065441e-10,False,0.01
2025-10-13,KXHIGHNY-25OCT13-B58.5,58-59F,central,RF_DISTRIBUTION,0.6739130434782609,True,0.46
2025-10-13,KXHIGHNY-25OCT13-B60.5,60-61F,central,RF_DISTRIBUTION,0.0,False,0.2
2025-10-13,KXHIGHNY-25OCT13-B62.5,62-63F,central,RF_DISTRIBUTION,0.0,False,0.03
2025-10-13,KXHIGHNY-25OCT13-B64.5,64-65F,central,RF_DISTRIBUTION,0.0,False,0.01
2025-10-13,KXHIGHNY-25OCT13-T58,<=58F,wing_low,RF_DISTRIBUTION,0.32608695652173914,False,0.39
2025-10-13,KXHIGHNY-25OCT13-T65,>65F,wing_high,RF_DISTRIBUTION,0.0,False,0.01
2025-10-13,KXHIGHNY-25OCT13-B58.5,58-59F,central,HGBR_QUANTILE,0.6057441253263708,True,0.46
2025-10-13,KXHIGHNY-25OCT13-B60.5,60-61F,central,HGBR_QUANTILE,0.01566579634464752,False,0.2
2025-10-13,KXHIGHNY-25OCT13-B62.5,62-63F,central,HGBR_QUANTILE,0.013054830287206269,False,0.03
2025-10-13,KXHIGHNY-25OCT13-B64.5,64-65F,central,HGBR_QUANTILE,0.013054830287206269,False,0.01
2025-10-13,KXHIGHNY-25OCT13-T58,<=58F,wing_low,HGBR_QUANTILE,0.21671018276762402,False,0.39
2025-10-13,KXHIGHNY-25OCT13-T65,>65F,wing_high,HGBR_QUANTILE,0.13577023498694518,False,0.01
2025-10-20,KXHIGHNY-25OCT20-B64.5,64-65F,central,GUMBEL,0.006261794599714632,False,0.01
2025-10-20,KXHIGHNY-25OCT20-B66.5,66-67F,central,GUMBEL,0.703717937925715,False,0.01
2025-10-20,KXHIGHNY-25OCT20-B68.5,68-69F,central,GUMBEL,0.26716072231473986,True,0.99
2025-10-20,KXHIGHNY-25OCT20-B70.5,70-71F,central,GUMBEL,0.021299506502631904,False,0.01
2025-10-20,KXHIGHNY-25OCT20-T64,<=64F,wing_low,GUMBEL,2.319270759195138e-33,False,0.01
2025-10-20,KXHIGHNY-25OCT20-T71,>71F,wing_high,GUMBEL,0.0015600386571985592,False,0.01
2025-10-20,KXHIGHNY-25OCT20-B64.5,64-65F,central,EMOS,0.05532662822697813,False,0.01
2025-10-20,KXHIGHNY-25OCT20-B66.5,66-67F,central,EMOS,0.5384110133636884,False,0.01
2025-10-20,KXHIGHNY-25OCT20-B68.5,68-69F,central,EMOS,0.37845510156258994,True,0.99
2025-10-20,KXHIGHNY-25OCT20-B70.5,70-71F,central,EMOS,0.019147371302215156,False,0.01
2025-10-20,KXHIGHNY-25OCT20-T64,<=64F,wing_low,EMOS,0.006996814539315208,False,0.01
2025-10-20,KXHIGHNY-25OCT20-T71,>71F,wing_high,EMOS,0.001663071005213251,False,0.01
2025-10-20,KXHIGHNY-25OCT20-B64.5,64-65F,central,RF_DISTRIBUTION,0.0,False,0.01
2025-10-20,KXHIGHNY-25OCT20-B66.5,66-67F,central,RF_DISTRIBUTION,0.5263157894736842,False,0.01
2025-10-20,KXHIGHNY-25OCT20-B68.5,68-69F,central,RF_DISTRIBUTION,0.4736842105263158,True,0.99
2025-10-20,KXHIGHNY-25OCT20-B70.5,70-71F,central,RF_DISTRIBUTION,0.0,False,0.01
2025-10-20,KXHIGHNY-25OCT20-T64,<=64F,wing_low,RF_DISTRIBUTION,0.0,False,0.01
2025-10-20,KXHIGHNY-25OCT20-T71,>71F,wing_high,RF_DISTRIBUTION,0.0,False,0.01
2025-10-20,KXHIGHNY-25OCT20-B64.5,64-65F,central,HGBR_QUANTILE,0.033707865168539325,False,0.01
2025-10-20,KXHIGHNY-25OCT20-B66.5,66-67F,central,HGBR_QUANTILE,0.033707865168539325,False,0.01
2025-10-20,KXHIGHNY-25OCT20-B68.5,68-69F,central,HGBR_QUANTILE,0.33146067415730335,True,0.99
2025-10-20,KXHIGHNY-25OCT20-B70.5,70-71F,central,HGBR_QUANTILE,0.0898876404494382,False,0.01
2025-10-20,KXHIGHNY-25OCT20-T64,<=64F,wing_low,HGBR_QUANTILE,0.4044943820224719,False,0.01
2025-10-20,KXHIGHNY-25OCT20-T71,>71F,wing_high,HGBR_QUANTILE,0.10674157303370786,False,0.01
2025-10-27,KXHIGHNY-25OCT27-B52.5,52-53F,central,GUMBEL,0.005262581625488158,False,0.01
2025-10-27,KXHIGHNY-25OCT27-B54.5,54-55F,central,GUMBEL,0.6964328246108229,True,0.29
2025-10-27,KXHIGHNY-25OCT27-B56.5,56-57F,central,GUMBEL,0.27467105517611945,False,0.61
2025-10-27,KXHIGHNY-25OCT27-B58.5,58-59F,central,GUMBEL,0.02202008562274338,False,0.13
2025-10-27,KXHIGHNY-25OCT27-T52,<=52F,wing_low,GUMBEL,1.7663146917953074e-34,False,0.01
2025-10-27,KXHIGHNY-25OCT27-T59,>59F,wing_high,GUMBEL,0.0016134529648260676,False,0.01
2025-10-27,KXHIGHNY-25OCT27-B52.5,52-53F,central,EMOS,0.01794770063616824,False,0.01
2025-10-27,KXHIGHNY-25OCT27-B54.5,54-55F,central,EMOS,0.373069019159829,True,0.29
2025-10-27,KXHIGHNY-25OCT27-B56.5,56-57F,central,EMOS,0.5444618553559442,False,0.61
2025-10-27,KXHIGHNY-25OCT27-B58.5,58-59F,central,EMOS,0.05600482303633692,False,0.13
2025-10-27,KXHIGHNY-25OCT27-T52,<=52F,wing_low,EMOS,0.001502916212627676,False,0.01
2025-10-27,KXHIGHNY-25OCT27-T59,>59F,wing_high,EMOS,0.007013685599094072,False,0.01
2025-10-27,KXHIGHNY-25OCT27-B52.5,52-53F,central,RF_DISTRIBUTION,0.0,False,0.01
2025-10-27,KXHIGHNY-25OCT27-B54.5,54-55F,central,RF_DISTRIBUTION,0.6153846153846154,True,0.29
2025-10-27,KXHIGHNY-25OCT27-B56.5,56-57F,central,RF_DISTRIBUTION,0.34615384615384615,False,0.61
2025-10-27,KXHIGHNY-25OCT27-B58.5,58-59F,central,RF_DISTRIBUTION,0.03846153846153846,False,0.13
2025-10-27,KXHIGHNY-25OCT27-T52,<=52F,wing_low,RF_DISTRIBUTION,0.0,False,0.01
2025-10-27,KXHIGHNY-25OCT27-T59,>59F,wing_high,RF_DISTRIBUTION,0.0,False,0.01
2025-10-27,KXHIGHNY-25OCT27-B52.5,52-53F,central,HGBR_QUANTILE,0.004032258064516129,False,0.01
2025-10-27,KXHIGHNY-25OCT27-B54.5,54-55F,central,HGBR_QUANTILE,0.2379032258064516,True,0.29
2025-10-27,KXHIGHNY-25OCT27-B56.5,56-57F,central,HGBR_QUANTILE,0.18951612903225806,False,0.61
2025-10-27,KXHIGHNY-25OCT27-B58.5,58-59F,central,HGBR_QUANTILE,0.13306451612903228,False,0.13
2025-10-27,KXHIGHNY-25OCT27-T52,<=52F,wing_low,HGBR_QUANTILE,0.0846774193548387,False,0.01
2025-10-27,KXHIGHNY-25OCT27-T59,>59F,wing_high,HGBR_QUANTILE,0.35080645161290325,False,0.01
2025-11-27,KXHIGHNY-25NOV27-B47.5,47-48F,central,GUMBEL,4.0790487744435857e-07,False,0.07
2025-11-27,KXHIGHNY-25NOV27-B49.5,49-50F,central,GUMBEL,0.37035798651294904,True,0.94
2025-11-27,KXHIGHNY-25NOV27-B51.5,51-52F,central,GUMBEL,0.564779994296931,False,0.01
2025-11-27,KXHIGHNY-25NOV27-B53.5,53-54F,central,GUMBEL,0.060344294284704114,False,0.01
2025-11-27,KXHIGHNY-25NOV27-T47,<=47F,wing_low,GUMBEL,2.2986836143255094e-95,False,0.01
2025-11-27,KXHIGHNY-25NOV27-T54,>54F,wing_high,GUMBEL,0.004517317000538368,False,0.01
2025-11-27,KXHIGHNY-25NOV27-B47.5,47-48F,central,EMOS,0.008776391159978502,False,0.07
2025-11-27,KXHIGHNY-25NOV27-B49.5,49-50F,central,EMOS,0.2729074493811378,True,0.94
2025-11-27,KXHIGHNY-25NOV27-B51.5,51-52F,central,EMOS,0.6055949509013221,False,0.01
2025-11-27,KXHIGHNY-25NOV27-B53.5,53-54F,central,EMOS,0.09666185380296152,False,0.01
2025-11-27,KXHIGHNY-25NOV27-T47,<=47F,wing_low,EMOS,0.000599887401626962,False,0.01
2025-11-27,KXHIGHNY-25NOV27-T54,>54F,wing_high,EMOS,0.015459467352973058,False,0.01
2025-11-27,KXHIGHNY-25NOV27-B47.5,47-48F,central,RF_DISTRIBUTION,0.0,False,0.07
2025-11-27,KXHIGHNY-25NOV27-B49.5,49-50F,central,RF_DISTRIBUTION,0.11764705882352941,True,0.94
2025-11-27,KXHIGHNY-25NOV27-B51.5,51-52F,central,RF_DISTRIBUTION,0.7058823529411765,False,0.01
2025-11-27,KXHIGHNY-25NOV27-B53.5,53-54F,central,RF_DISTRIBUTION,0.058823529411764705,False,0.01
2025-11-27,KXHIGHNY-25NOV27-T47,<=47F,wing_low,RF_DISTRIBUTION,0.0,False,0.01
2025-11-27,KXHIGHNY-25NOV27-T54,>54F,wing_high,RF_DISTRIBUTION,0.11764705882352941,False,0.01
2025-11-27,KXHIGHNY-25NOV27-B47.5,47-48F,central,HGBR_QUANTILE,0.04436860068259386,False,0.07
2025-11-27,KXHIGHNY-25NOV27-B49.5,49-50F,central,HGBR_QUANTILE,0.08191126279863481,True,0.94
2025-11-27,KXHIGHNY-25NOV27-B51.5,51-52F,central,HGBR_QUANTILE,0.20136518771331055,False,0.01
2025-11-27,KXHIGHNY-25NOV27-B53.5,53-54F,central,HGBR_QUANTILE,0.051194539249146756,False,0.01
2025-11-27,KXHIGHNY-25NOV27-T47,<=47F,wing_low,HGBR_QUANTILE,0.06825938566552901,False,0.01
2025-11-27,KXHIGHNY-25NOV27-T54,>54F,wing_high,HGBR_QUANTILE,0.552901023890785,False,0.01
2026-01-17,KXHIGHNY-26JAN17-B36.5,36-37F,central,GUMBEL,0.6285516702005504,False,0.01
2026-01-17,KXHIGHNY-26JAN17-B38.5,38-39F,central,GUMBEL,0.07423040943241277,True,0.5
2026-01-17,KXHIGHNY-26JAN17-B40.5,40-41F,central,GUMBEL,0.005222186765773573,False,0.33
2026-01-17,KXHIGHNY-26JAN17-B42.5,42-43F,central,GUMBEL,0.0003535582779817803,False,0.08
2026-01-17,KXHIGHNY-26JAN17-T36,<=36F,wing_low,GUMBEL,0.29161657201748437,False,0.01
2026-01-17,KXHIGHNY-26JAN17-T43,>43F,wing_high,GUMBEL,2.5603305797150533e-05,False,0.04
2026-01-17,KXHIGHNY-26JAN17-B36.5,36-37F,central,EMOS,0.19231059629992475,False,0.01
2026-01-17,KXHIGHNY-26JAN17-B38.5,38-39F,central,EMOS,0.6177549293831494,True,0.5
2026-01-17,KXHIGHNY-26JAN17-B40.5,40-41F,central,EMOS,0.14304541842974228,False,0.33
2026-01-17,KXHIGHNY-26JAN17-B42.5,42-43F,central,EMOS,0.0023542619540586882,False,0.08
2026-01-17,KXHIGHNY-26JAN17-T36,<=36F,wing_low,EMOS,0.04442106780445513,False,0.01
2026-01-17,KXHIGHNY-26JAN17-T43,>43F,wing_high,EMOS,0.00011372612866982968,False,0.04
2026-01-17,KXHIGHNY-26JAN17-B36.5,36-37F,central,RF_DISTRIBUTION,0.41860465116279066,False,0.01
2026-01-17,KXHIGHNY-26JAN17-B38.5,38-39F,central,RF_DISTRIBUTION,0.37209302325581395,True,0.5
2026-01-17,KXHIGHNY-26JAN17-B40.5,40-41F,central,RF_DISTRIBUTION,0.046511627906976744,False,0.33
2026-01-17,KXHIGHNY-26JAN17-B42.5,42-43F,central,RF_DISTRIBUTION,0.0,False,0.08
2026-01-17,KXHIGHNY-26JAN17-T36,<=36F,wing_low,RF_DISTRIBUTION,0.16279069767441862,False,0.01
2026-01-17,KXHIGHNY-26JAN17-T43,>43F,wing_high,RF_DISTRIBUTION,0.0,False,0.04
2026-01-17,KXHIGHNY-26JAN17-B36.5,36-37F,central,HGBR_QUANTILE,0.04482758620689656,False,0.01
2026-01-17,KXHIGHNY-26JAN17-B38.5,38-39F,central,HGBR_QUANTILE,0.11379310344827587,True,0.5
2026-01-17,KXHIGHNY-26JAN17-B40.5,40-41F,central,HGBR_QUANTILE,0.16551724137931034,False,0.33
2026-01-17,KXHIGHNY-26JAN17-B42.5,42-43F,central,HGBR_QUANTILE,0.024137931034482762,False,0.08
2026-01-17,KXHIGHNY-26JAN17-T36,<=36F,wing_low,HGBR_QUANTILE,0.0,False,0.01
2026-01-17,KXHIGHNY-26JAN17-T43,>43F,wing_high,HGBR_QUANTILE,0.6517241379310345,False,0.04
2026-01-24,KXHIGHNY-26JAN24-B16.5,16-17F,central,GUMBEL,0.32337044616576366,True,0.18
2026-01-24,KXHIGHNY-26JAN24-B18.5,18-19F,central,GUMBEL,0.603241306339928,False,0.52
2026-01-24,KXHIGHNY-26JAN24-B20.5,20-21F,central,GUMBEL,0.06825544260185212,False,0.21
2026-01-24,KXHIGHNY-26JAN24-B22.5,22-23F,central,GUMBEL,0.004785384802429293,False,0.03
2026-01-24,KXHIGHNY-26JAN24-T16,<=16F,wing_low,GUMBEL,5.4679764955536724e-08,False,0.05
2026-01-24,KXHIGHNY-26JAN24-T23,>23F,wing_high,GUMBEL,0.0003473654102619239,False,0.01
2026-01-24,KXHIGHNY-26JAN24-B16.5,16-17F,central,EMOS,0.03373658514024862,True,0.18
2026-01-24,KXHIGHNY-26JAN24-B18.5,18-19F,central,EMOS,0.4550940696827127,False,0.52
2026-01-24,KXHIGHNY-26JAN24-B20.5,20-21F,central,EMOS,0.4669748610580609,False,0.21
2026-01-24,KXHIGHNY-26JAN24-B22.5,22-23F,central,EMOS,0.03645720535086036,False,0.03
2026-01-24,KXHIGHNY-26JAN24-T16,<=16F,wing_low,EMOS,0.003665565361545719,False,0.05
2026-01-24,KXHIGHNY-26JAN24-T23,>23F,wing_high,EMOS,0.004071713406571771,False,0.01
2026-01-24,KXHIGHNY-26JAN24-B16.5,16-17F,central,RF_DISTRIBUTION,0.0,True,0.18
2026-01-24,KXHIGHNY-26JAN24-B18.5,18-19F,central,RF_DISTRIBUTION,0.0,False,0.52
2026-01-24,KXHIGHNY-26JAN24-B20.5,20-21F,central,RF_DISTRIBUTION,0.0,False,0.21
2026-01-24,KXHIGHNY-26JAN24-B22.5,22-23F,central,RF_DISTRIBUTION,0.0,False,0.03
2026-01-24,KXHIGHNY-26JAN24-T16,<=16F,wing_low,RF_DISTRIBUTION,0.0,False,0.05
2026-01-24,KXHIGHNY-26JAN24-T23,>23F,wing_high,RF_DISTRIBUTION,1.0,False,0.01
2026-01-24,KXHIGHNY-26JAN24-B16.5,16-17F,central,HGBR_QUANTILE,0.0,True,0.18
2026-01-24,KXHIGHNY-26JAN24-B18.5,18-19F,central,HGBR_QUANTILE,0.0,False,0.52
2026-01-24,KXHIGHNY-26JAN24-B20.5,20-21F,central,HGBR_QUANTILE,0.0,False,0.21
2026-01-24,KXHIGHNY-26JAN24-B22.5,22-23F,central,HGBR_QUANTILE,0.017721518987341776,False,0.03
2026-01-24,KXHIGHNY-26JAN24-T16,<=16F,wing_low,HGBR_QUANTILE,0.0,False,0.05
2026-01-24,KXHIGHNY-26JAN24-T23,>23F,wing_high,HGBR_QUANTILE,0.9822784810126582,False,0.01
2026-01-31,KXHIGHNY-26JAN31-B19.5,19-20F,central,GUMBEL,0.6220270175949021,False,0.14
2026-01-31,KXHIGHNY-26JAN31-B21.5,21-22F,central,GUMBEL,0.3456200422319956,False,0.47
2026-01-31,KXHIGHNY-26JAN31-B23.5,23-24F,central,GUMBEL,0.02929561956234772,True,0.36
2026-01-31,KXHIGHNY-26JAN31-B25.5,25-26F,central,GUMBEL,0.002009505231701625,False,0.04
2026-01-31,KXHIGHNY-26JAN31-T19,<=19F,wing_low,GUMBEL,0.0009021654607262329,False,0.02
2026-01-31,KXHIGHNY-26JAN31-T26,>26F,wing_high,GUMBEL,0.00014564991832677343,False,0.02
2026-01-31,KXHIGHNY-26JAN31-B19.5,19-20F,central,EMOS,0.005742704716262261,False,0.14
2026-01-31,KXHIGHNY-26JAN31-B21.5,21-22F,central,EMOS,0.21692128602762623,False,0.47
2026-01-31,KXHIGHNY-26JAN31-B23.5,23-24F,central,EMOS,0.617403818277621,True,0.36
2026-01-31,KXHIGHNY-26JAN31-B25.5,25-26F,central,EMOS,0.13369532101091414,False,0.04
2026-01-31,KXHIGHNY-26JAN31-T19,<=19F,wing_low,EMOS,0.00036281751255928064,False,0.02
2026-01-31,KXHIGHNY-26JAN31-T26,>26F,wing_high,EMOS,0.02587405245501709,False,0.02
2026-01-31,KXHIGHNY-26JAN31-B19.5,19-20F,central,RF_DISTRIBUTION,0.06451612903225808,False,0.14
2026-01-31,KXHIGHNY-26JAN31-B21.5,21-22F,central,RF_DISTRIBUTION,0.6451612903225805,False,0.47
2026-01-31,KXHIGHNY-26JAN31-B23.5,23-24F,central,RF_DISTRIBUTION,0.19354838709677422,True,0.36
2026-01-31,KXHIGHNY-26JAN31-B25.5,25-26F,central,RF_DISTRIBUTION,0.03225806451612904,False,0.04
2026-01-31,KXHIGHNY-26JAN31-T19,<=19F,wing_low,RF_DISTRIBUTION,0.0,False,0.02
2026-01-31,KXHIGHNY-26JAN31-T26,>26F,wing_high,RF_DISTRIBUTION,0.06451612903225808,False,0.02
2026-01-31,KXHIGHNY-26JAN31-B19.5,19-20F,central,HGBR_QUANTILE,0.036211699164345405,False,0.14
2026-01-31,KXHIGHNY-26JAN31-B21.5,21-22F,central,HGBR_QUANTILE,0.033426183844011144,False,0.47
2026-01-31,KXHIGHNY-26JAN31-B23.5,23-24F,central,HGBR_QUANTILE,0.036211699164345405,True,0.36
2026-01-31,KXHIGHNY-26JAN31-B25.5,25-26F,central,HGBR_QUANTILE,0.033426183844011144,False,0.04
2026-01-31,KXHIGHNY-26JAN31-T19,<=19F,wing_low,HGBR_QUANTILE,0.0,False,0.02
2026-01-31,KXHIGHNY-26JAN31-T26,>26F,wing_high,HGBR_QUANTILE,0.8607242339832869,False,0.02
2026-02-07,KXHIGHNY-26FEB07-B24.5,24-25F,central,GUMBEL,0.3802713727285351,False,0.01
2026-02-07,KXHIGHNY-26FEB07-B26.5,26-27F,central,GUMBEL,0.5565356491174068,True,0.99
2026-02-07,KXHIGHNY-26FEB07-B28.5,28-29F,central,GUMBEL,0.05879492762430628,False,0.01
2026-02-07,KXHIGHNY-26FEB07-B30.5,30-31F,central,GUMBEL,0.004099946864742577,False,0.01
2026-02-07,KXHIGHNY-26FEB07-T24,<=24F,wing_low,GUMBEL,6.032268884935197e-07,False,0.01
2026-02-07,KXHIGHNY-26FEB07-T31,>31F,wing_high,GUMBEL,0.0002975004381206015,False,0.01
2026-02-07,KXHIGHNY-26FEB07-B24.5,24-25F,central,EMOS,0.05687414133916998,False,0.01
2026-02-07,KXHIGHNY-26FEB07-B26.5,26-27F,central,EMOS,0.5372543121654444,True,0.99
2026-02-07,KXHIGHNY-26FEB07-B28.5,28-29F,central,EMOS,0.37712453303677246,False,0.01
2026-02-07,KXHIGHNY-26FEB07-B30.5,30-31F,central,EMOS,0.019604038695361002,False,0.01
2026-02-07,KXHIGHNY-26FEB07-T24,<=24F,wing_low,EMOS,0.007395559086843042,False,0.01
2026-02-07,KXHIGHNY-26FEB07-T31,>31F,wing_high,EMOS,0.0017474156764091867,False,0.01
2026-02-07,KXHIGHNY-26FEB07-B24.5,24-25F,central,RF_DISTRIBUTION,0.05128205128205128,False,0.01
2026-02-07,KXHIGHNY-26FEB07-B26.5,26-27F,central,RF_DISTRIBUTION,0.10256410256410256,True,0.99
2026-02-07,KXHIGHNY-26FEB07-B28.5,28-29F,central,RF_DISTRIBUTION,0.41025641025641024,False,0.01
2026-02-07,KXHIGHNY-26FEB07-B30.5,30-31F,central,RF_DISTRIBUTION,0.0,False,0.01
2026-02-07,KXHIGHNY-26FEB07-T24,<=24F,wing_low,RF_DISTRIBUTION,0.43589743589743596,False,0.01
2026-02-07,KXHIGHNY-26FEB07-T31,>31F,wing_high,RF_DISTRIBUTION,0.0,False,0.01
2026-02-07,KXHIGHNY-26FEB07-B24.5,24-25F,central,HGBR_QUANTILE,0.04336043360433604,False,0.01
2026-02-07,KXHIGHNY-26FEB07-B26.5,26-27F,central,HGBR_QUANTILE,0.02981029810298103,True,0.99
2026-02-07,KXHIGHNY-26FEB07-B28.5,28-29F,central,HGBR_QUANTILE,0.02710027100271003,False,0.01
2026-02-07,KXHIGHNY-26FEB07-B30.5,30-31F,central,HGBR_QUANTILE,0.02710027100271003,False,0.01
2026-02-07,KXHIGHNY-26FEB07-T24,<=24F,wing_low,HGBR_QUANTILE,0.18699186991869918,False,0.01
2026-02-07,KXHIGHNY-26FEB07-T31,>31F,wing_high,HGBR_QUANTILE,0.6856368563685636,False,0.01
2026-02-14,KXHIGHNY-26FEB14-B40.5,40-41F,central,GUMBEL,0.09964413308272822,False,0.02
2026-02-14,KXHIGHNY-26FEB14-B42.5,42-43F,central,GUMBEL,0.7561736390116274,False,0.14
2026-02-14,KXHIGHNY-26FEB14-B44.5,44-45F,central,GUMBEL,0.13372547569526017,False,0.59
2026-02-14,KXHIGHNY-26FEB14-B46.5,46-47F,central,GUMBEL,0.009747307989147469,True,0.27
2026-02-14,KXHIGHNY-26FEB14-T40,<=40F,wing_low,GUMBEL,1.4633960775824912e-15,False,0.01
2026-02-14,KXHIGHNY-26FEB14-T47,>47F,wing_high,GUMBEL,0.0007094442212353114,False,0.04
2026-02-14,KXHIGHNY-26FEB14-B40.5,40-41F,central,EMOS,1.7234404231914826e-05,False,0.02
2026-02-14,KXHIGHNY-26FEB14-B42.5,42-43F,central,EMOS,0.0072048754450234715,False,0.14
2026-02-14,KXHIGHNY-26FEB14-B44.5,44-45F,central,EMOS,0.21213920690813226,False,0.59
2026-02-14,KXHIGHNY-26FEB14-B46.5,46-47F,central,EMOS,0.4520112334869257,True,0.27
2026-02-14,KXHIGHNY-26FEB14-T40,<=40F,wing_low,EMOS,3.113555730309316e-07,False,0.01
2026-02-14,KXHIGHNY-26FEB14-T47,>47F,wing_high,EMOS,0.32862713840011365,False,0.04
2026-02-14,KXHIGHNY-26FEB14-B40.5,40-41F,central,RF_DISTRIBUTION,0.04081632653061224,False,0.02
2026-02-14,KXHIGHNY-26FEB14-B42.5,42-43F,central,RF_DISTRIBUTION,0.32653061224489793,False,0.14
2026-02-14,KXHIGHNY-26FEB14-B44.5,44-45F,central,RF_DISTRIBUTION,0.0,False,0.59
2026-02-14,KXHIGHNY-26FEB14-B46.5,46-47F,central,RF_DISTRIBUTION,0.06122448979591837,True,0.27
2026-02-14,KXHIGHNY-26FEB14-T40,<=40F,wing_low,RF_DISTRIBUTION,0.02040816326530612,False,0.01
2026-02-14,KXHIGHNY-26FEB14-T47,>47F,wing_high,RF_DISTRIBUTION,0.5510204081632654,False,0.04
2026-02-14,KXHIGHNY-26FEB14-B40.5,40-41F,central,HGBR_QUANTILE,0.0,False,0.02
2026-02-14,KXHIGHNY-26FEB14-B42.5,42-43F,central,HGBR_QUANTILE,0.0,False,0.14
2026-02-14,KXHIGHNY-26FEB14-B44.5,44-45F,central,HGBR_QUANTILE,0.17592592592592593,False,0.59
2026-02-14,KXHIGHNY-26FEB14-B46.5,46-47F,central,HGBR_QUANTILE,0.2314814814814815,True,0.27
2026-02-14,KXHIGHNY-26FEB14-T40,<=40F,wing_low,HGBR_QUANTILE,0.0,False,0.01
2026-02-14,KXHIGHNY-26FEB14-T47,>47F,wing_high,HGBR_QUANTILE,0.5925925925925926,False,0.04
2026-02-21,KXHIGHNY-26FEB21-B43.5,43-44F,central,GUMBEL,0.1637533616604308,False,0.07
2026-02-21,KXHIGHNY-26FEB21-B45.5,45-46F,central,GUMBEL,0.7212536385412579,True,0.54
2026-02-21,KXHIGHNY-26FEB21-B47.5,47-48F,central,GUMBEL,0.10677940493529271,False,0.34
2026-02-21,KXHIGHNY-26FEB21-B49.5,49-50F,central,GUMBEL,0.0076569259191530134,False,0.05
2026-02-21,KXHIGHNY-26FEB21-T43,<=43F,wing_low,GUMBEL,2.2951808603316922e-12,False,0.02
2026-02-21,KXHIGHNY-26FEB21-T50,>50F,wing_high,GUMBEL,0.0005566689415704708,False,0.01
2026-02-21,KXHIGHNY-26FEB21-B43.5,43-44F,central,EMOS,0.1292204279103964,False,0.07
2026-02-21,KXHIGHNY-26FEB21-B45.5,45-46F,central,EMOS,0.6253177252376577,True,0.54
2026-02-21,KXHIGHNY-26FEB21-B47.5,47-48F,central,EMOS,0.2161558923950307,False,0.34
2026-02-21,KXHIGHNY-26FEB21-B49.5,49-50F,central,EMOS,0.0052814473088436875,False,0.05
2026-02-21,KXHIGHNY-26FEB21-T43,<=43F,wing_low,EMOS,0.02371254723932988,False,0.02
2026-02-21,KXHIGHNY-26FEB21-T50,>50F,wing_high,EMOS,0.00031195990874166406,False,0.01
2026-02-21,KXHIGHNY-26FEB21-B43.5,43-44F,central,RF_DISTRIBUTION,0.0,False,0.07
2026-02-21,KXHIGHNY-26FEB21-B45.5,45-46F,central,RF_DISTRIBUTION,0.48,True,0.54
2026-02-21,KXHIGHNY-26FEB21-B47.5,47-48F,central,RF_DISTRIBUTION,0.48,False,0.34
2026-02-21,KXHIGHNY-26FEB21-B49.5,49-50F,central,RF_DISTRIBUTION,0.04,False,0.05
2026-02-21,KXHIGHNY-26FEB21-T43,<=43F,wing_low,RF_DISTRIBUTION,0.0,False,0.02
2026-02-21,KXHIGHNY-26FEB21-T50,>50F,wing_high,RF_DISTRIBUTION,0.0,False,0.01
2026-02-21,KXHIGHNY-26FEB21-B43.5,43-44F,central,HGBR_QUANTILE,0.048,False,0.07
2026-02-21,KXHIGHNY-26FEB21-B45.5,45-46F,central,HGBR_QUANTILE,0.052000000000000005,True,0.54
2026-02-21,KXHIGHNY-26FEB21-B47.5,47-48F,central,HGBR_QUANTILE,0.06,False,0.34
2026-02-21,KXHIGHNY-26FEB21-B49.5,49-50F,central,HGBR_QUANTILE,0.06,False,0.05
2026-02-21,KXHIGHNY-26FEB21-T43,<=43F,wing_low,HGBR_QUANTILE,0.192,False,0.02
2026-02-21,KXHIGHNY-26FEB21-T50,>50F,wing_high,HGBR_QUANTILE,0.588,False,0.01
2026-02-28,KXHIGHNY-26FEB28-B50.5,50-51F,central,GUMBEL,0.0011111679153520404,False,0.34
2026-02-28,KXHIGHNY-26FEB28-B52.5,52-53F,central,GUMBEL,7.506410992641488e-05,False,0.08
2026-02-28,KXHIGHNY-26FEB28-B54.5,54-55F,central,GUMBEL,5.068094076521312e-06,True,0.01
2026-02-28,KXHIGHNY-26FEB28-B56.5,56-57F,central,GUMBEL,3.4216908639805865e-07,False,0.01
2026-02-28,KXHIGHNY-26FEB28-T50,<=50F,wing_low,GUMBEL,0.9988083329377068,False,0.57
2026-02-28,KXHIGHNY-26FEB28-T57,>57F,wing_high,GUMBEL,2.477385185883918e-08,False,0.01
2026-02-28,KXHIGHNY-26FEB28-B50.5,50-51F,central,EMOS,0.23510435113503886,False,0.34
2026-02-28,KXHIGHNY-26FEB28-B52.5,52-53F,central,EMOS,0.5781007539322709,False,0.08
2026-02-28,KXHIGHNY-26FEB28-B54.5,54-55F,central,EMOS,0.11753960445162598,True,0.01
2026-02-28,KXHIGHNY-26FEB28-B56.5,56-57F,central,EMOS,0.0019505701071870292,False,0.01
2026-02-28,KXHIGHNY-26FEB28-T50,<=50F,wing_low,EMOS,0.06720469088860756,False,0.57
2026-02-28,KXHIGHNY-26FEB28-T57,>57F,wing_high,EMOS,0.00010002948526975079,False,0.01
2026-02-28,KXHIGHNY-26FEB28-B50.5,50-51F,central,RF_DISTRIBUTION,0.022222222222222223,False,0.34
2026-02-28,KXHIGHNY-26FEB28-B52.5,52-53F,central,RF_DISTRIBUTION,0.3111111111111111,False,0.08
2026-02-28,KXHIGHNY-26FEB28-B54.5,54-55F,central,RF_DISTRIBUTION,0.044444444444444446,True,0.01
2026-02-28,KXHIGHNY-26FEB28-B56.5,56-57F,central,RF_DISTRIBUTION,0.0,False,0.01
2026-02-28,KXHIGHNY-26FEB28-T50,<=50F,wing_low,RF_DISTRIBUTION,0.6222222222222222,False,0.57
2026-02-28,KXHIGHNY-26FEB28-T57,>57F,wing_high,RF_DISTRIBUTION,0.0,False,0.01
2026-02-28,KXHIGHNY-26FEB28-B50.5,50-51F,central,HGBR_QUANTILE,0.21016949152542372,False,0.34
2026-02-28,KXHIGHNY-26FEB28-B52.5,52-53F,central,HGBR_QUANTILE,0.20677966101694914,False,0.08
2026-02-28,KXHIGHNY-26FEB28-B54.5,54-55F,central,HGBR_QUANTILE,0.01694915254237288,True,0.01
2026-02-28,KXHIGHNY-26FEB28-B56.5,56-57F,central,HGBR_QUANTILE,0.020338983050847456,False,0.01
2026-02-28,KXHIGHNY-26FEB28-T50,<=50F,wing_low,HGBR_QUANTILE,0.30508474576271194,False,0.57
2026-02-28,KXHIGHNY-26FEB28-T57,>57F,wing_high,HGBR_QUANTILE,0.2406779661016949,False,0.01
2026-03-07,KXHIGHNY-26MAR07-B50.5,50-51F,central,GUMBEL,0.05401987566522326,False,0.24
2026-03-07,KXHIGHNY-26MAR07-B52.5,52-53F,central,GUMBEL,0.003756809734856481,True,0.08
2026-03-07,KXHIGHNY-26MAR07-B54.5,54-55F,central,GUMBEL,0.00025414794864142554,False,0.03
2026-03-07,KXHIGHNY-26MAR07-B56.5,56-57F,central,GUMBEL,1.716091566361655e-05,False,0.02
2026-03-07,KXHIGHNY-26MAR07-T50,<=50F,wing_low,GUMBEL,0.9419507632334926,False,0.6
2026-03-07,KXHIGHNY-26MAR07-T57,>57F,wing_high,GUMBEL,1.2425021226336597e-06,False,0.02
2026-03-07,KXHIGHNY-26MAR07-B50.5,50-51F,central,EMOS,0.024579026351480977,False,0.24
2026-03-07,KXHIGHNY-26MAR07-B52.5,52-53F,central,EMOS,0.000196056347054744,True,0.08
2026-03-07,KXHIGHNY-26MAR07-B54.5,54-55F,central,EMOS,1.2371134040849729e-07,False,0.03
2026-03-07,KXHIGHNY-26MAR07-B56.5,56-57F,central,EMOS,6.0191868811267625e-12,False,0.02
2026-03-07,KXHIGHNY-26MAR07-T50,<=50F,wing_low,EMOS,0.9752247935840886,False,0.6
2026-03-07,KXHIGHNY-26MAR07-T57,>57F,wing_high,EMOS,1.6035426542139268e-14,False,0.02
2026-03-07,KXHIGHNY-26MAR07-B50.5,50-51F,central,RF_DISTRIBUTION,0.1,False,0.24
2026-03-07,KXHIGHNY-26MAR07-B52.5,52-53F,central,RF_DISTRIBUTION,0.0,True,0.08
2026-03-07,KXHIGHNY-26MAR07-B54.5,54-55F,central,RF_DISTRIBUTION,0.0,False,0.03
2026-03-07,KXHIGHNY-26MAR07-B56.5,56-57F,central,RF_DISTRIBUTION,0.0,False,0.02
2026-03-07,KXHIGHNY-26MAR07-T50,<=50F,wing_low,RF_DISTRIBUTION,0.9,False,0.6
2026-03-07,KXHIGHNY-26MAR07-T57,>57F,wing_high,RF_DISTRIBUTION,0.0,False,0.02
2026-03-07,KXHIGHNY-26MAR07-B50.5,50-51F,central,HGBR_QUANTILE,0.11815561959654179,False,0.24
2026-03-07,KXHIGHNY-26MAR07-B52.5,52-53F,central,HGBR_QUANTILE,0.069164265129683,True,0.08
2026-03-07,KXHIGHNY-26MAR07-B54.5,54-55F,central,HGBR_QUANTILE,0.014409221902017292,False,0.03
2026-03-07,KXHIGHNY-26MAR07-B56.5,56-57F,central,HGBR_QUANTILE,0.014409221902017292,False,0.02
2026-03-07,KXHIGHNY-26MAR07-T50,<=50F,wing_low,HGBR_QUANTILE,0.5965417867435159,False,0.6
2026-03-07,KXHIGHNY-26MAR07-T57,>57F,wing_high,HGBR_QUANTILE,0.1873198847262248,False,0.02
2026-03-14,KXHIGHNY-26MAR14-B49.5,49-50F,central,GUMBEL,0.674397173993262,False,0.39
2026-03-14,KXHIGHNY-26MAR14-B51.5,51-52F,central,GUMBEL,0.29653024775100134,True,0.33
2026-03-14,KXHIGHNY-26MAR14-B53.5,53-54F,central,GUMBEL,0.02416815762672464,False,0.16
2026-03-14,KXHIGHNY-26MAR14-B55.5,55-56F,central,GUMBEL,0.0016531376831830924,False,0.03
2026-03-14,KXHIGHNY-26MAR14-T49,<=49F,wing_low,GUMBEL,0.0031314856562780174,False,0.1
2026-03-14,KXHIGHNY-26MAR14-T56,>56F,wing_high,GUMBEL,0.00011979728955091584,False,0.02
2026-03-14,KXHIGHNY-26MAR14-B49.5,49-50F,central,EMOS,0.21730240752683613,False,0.39
2026-03-14,KXHIGHNY-26MAR14-B51.5,51-52F,central,EMOS,0.5733328523443685,True,0.33
2026-03-14,KXHIGHNY-26MAR14-B53.5,53-54F,central,EMOS,0.14245748915218756,False,0.16
2026-03-14,KXHIGHNY-26MAR14-B55.5,55-56F,central,EMOS,0.003301018075395695,False,0.03
2026-03-14,KXHIGHNY-26MAR14-T49,<=49F,wing_low,EMOS,0.06339401394773565,False,0.1
2026-03-14,KXHIGHNY-26MAR14-T56,>56F,wing_high,EMOS,0.00021221895347646062,False,0.02
2026-03-14,KXHIGHNY-26MAR14-B49.5,49-50F,central,RF_DISTRIBUTION,0.052631578947368425,False,0.39
2026-03-14,KXHIGHNY-26MAR14-B51.5,51-52F,central,RF_DISTRIBUTION,0.4736842105263158,True,0.33
2026-03-14,KXHIGHNY-26MAR14-B53.5,53-54F,central,RF_DISTRIBUTION,0.4736842105263158,False,0.16
2026-03-14,KXHIGHNY-26MAR14-B55.5,55-56F,central,RF_DISTRIBUTION,0.0,False,0.03
2026-03-14,KXHIGHNY-26MAR14-T49,<=49F,wing_low,RF_DISTRIBUTION,0.0,False,0.1
2026-03-14,KXHIGHNY-26MAR14-T56,>56F,wing_high,RF_DISTRIBUTION,0.0,False,0.02
2026-03-14,KXHIGHNY-26MAR14-B49.5,49-50F,central,HGBR_QUANTILE,0.08928571428571429,False,0.39
2026-03-14,KXHIGHNY-26MAR14-B51.5,51-52F,central,HGBR_QUANTILE,0.08928571428571429,True,0.33
2026-03-14,KXHIGHNY-26MAR14-B53.5,53-54F,central,HGBR_QUANTILE,0.13690476190476192,False,0.16
2026-03-14,KXHIGHNY-26MAR14-B55.5,55-56F,central,HGBR_QUANTILE,0.04166666666666667,False,0.03
2026-03-14,KXHIGHNY-26MAR14-T49,<=49F,wing_low,HGBR_QUANTILE,0.2261904761904762,False,0.1
2026-03-14,KXHIGHNY-26MAR14-T56,>56F,wing_high,HGBR_QUANTILE,0.41666666666666663,False,0.02
2026-03-21,KXHIGHNY-26MAR21-B53.5,53-54F,central,GUMBEL,6.619201631875857e-05,False,0.07
2026-03-21,KXHIGHNY-26MAR21-B55.5,55-56F,central,GUMBEL,0.5221437827740482,False,0.31
2026-03-21,KXHIGHNY-26MAR21-B57.5,57-58F,central,GUMBEL,0.4348751152302329,False,0.42
2026-03-21,KXHIGHNY-26MAR21-B59.5,59-60F,central,GUMBEL,0.039957917988788894,True,0.18
2026-03-21,KXHIGHNY-26MAR21-T53,<=53F,wing_low,GUMBEL,1.256038331924387e-62,False,0.01
2026-03-21,KXHIGHNY-26MAR21-T60,>60F,wing_high,GUMBEL,0.0029569919906112796,False,0.06
2026-03-21,KXHIGHNY-26MAR21-B53.5,53-54F,central,EMOS,0.004645729118652901,False,0.07
2026-03-21,KXHIGHNY-26MAR21-B55.5,55-56F,central,EMOS,0.15259164008391696,False,0.31
2026-03-21,KXHIGHNY-26MAR21-B57.5,57-58F,central,EMOS,0.5507957066230724,False,0.42
2026-03-21,KXHIGHNY-26MAR21-B59.5,59-60F,central,EMOS,0.22010108960962024,True,0.18
2026-03-21,KXHIGHNY-26MAR21-T53,<=53F,wing_low,EMOS,0.000368073001534043,False,0.01
2026-03-21,KXHIGHNY-26MAR21-T60,>60F,wing_high,EMOS,0.0714977615632034,False,0.06
2026-03-21,KXHIGHNY-26MAR21-B53.5,53-54F,central,RF_DISTRIBUTION,0.0,False,0.07
2026-03-21,KXHIGHNY-26MAR21-B55.5,55-56F,central,RF_DISTRIBUTION,0.0,False,0.31
2026-03-21,KXHIGHNY-26MAR21-B57.5,57-58F,central,RF_DISTRIBUTION,1.0,False,0.42
2026-03-21,KXHIGHNY-26MAR21-B59.5,59-60F,central,RF_DISTRIBUTION,0.0,True,0.18
2026-03-21,KXHIGHNY-26MAR21-T53,<=53F,wing_low,RF_DISTRIBUTION,0.0,False,0.01
2026-03-21,KXHIGHNY-26MAR21-T60,>60F,wing_high,RF_DISTRIBUTION,0.0,False,0.06
2026-03-21,KXHIGHNY-26MAR21-B53.5,53-54F,central,HGBR_QUANTILE,0.06808510638297872,False,0.07
2026-03-21,KXHIGHNY-26MAR21-B55.5,55-56F,central,HGBR_QUANTILE,0.09787234042553192,False,0.31
2026-03-21,KXHIGHNY-26MAR21-B57.5,57-58F,central,HGBR_QUANTILE,0.5021276595744681,False,0.42
2026-03-21,KXHIGHNY-26MAR21-B59.5,59-60F,central,HGBR_QUANTILE,0.20851063829787234,True,0.18
2026-03-21,KXHIGHNY-26MAR21-T53,<=53F,wing_low,HGBR_QUANTILE,0.0,False,0.01
2026-03-21,KXHIGHNY-26MAR21-T60,>60F,wing_high,HGBR_QUANTILE,0.12340425531914892,False,0.06
2026-03-28,KXHIGHNY-26MAR28-B40.5,40-41F,central,GUMBEL,0.04310232986733476,False,0.06
2026-03-28,KXHIGHNY-26MAR28-B42.5,42-43F,central,GUMBEL,0.7656386546943924,False,0.38
2026-03-28,KXHIGHNY-26MAR28-B44.5,44-45F,central,GUMBEL,0.17702954808965266,True,0.49
2026-03-28,KXHIGHNY-26MAR28-B46.5,46-47F,central,GUMBEL,0.013262344050906205,False,0.11
2026-03-28,KXHIGHNY-26MAR28-T40,<=40F,wing_low,GUMBEL,5.951507741206676e-21,False,0.01
2026-03-28,KXHIGHNY-26MAR28-T47,>47F,wing_high,GUMBEL,0.0009671232977139788,False,0.02
2026-03-28,KXHIGHNY-26MAR28-B40.5,40-41F,central,EMOS,0.027334291613162965,False,0.06
2026-03-28,KXHIGHNY-26MAR28-B42.5,42-43F,central,EMOS,0.3572907993535357,False,0.38
2026-03-28,KXHIGHNY-26MAR28-B44.5,44-45F,central,EMOS,0.5143829558389884,True,0.49
2026-03-28,KXHIGHNY-26MAR28-B46.5,46-47F,central,EMOS,0.08174050865736308,False,0.11
2026-03-28,KXHIGHNY-26MAR28-T40,<=40F,wing_low,EMOS,0.003529378642869602,False,0.01
2026-03-28,KXHIGHNY-26MAR28-T47,>47F,wing_high,EMOS,0.015722065894080303,False,0.02
2026-03-28,KXHIGHNY-26MAR28-B40.5,40-41F,central,RF_DISTRIBUTION,0.0,False,0.06
2026-03-28,KXHIGHNY-26MAR28-B42.5,42-43F,central,RF_DISTRIBUTION,0.11111111111111112,False,0.38
2026-03-28,KXHIGHNY-26MAR28-B44.5,44-45F,central,RF_DISTRIBUTION,0.037037037037037035,True,0.49
2026-03-28,KXHIGHNY-26MAR28-B46.5,46-47F,central,RF_DISTRIBUTION,0.6296296296296297,False,0.11
2026-03-28,KXHIGHNY-26MAR28-T40,<=40F,wing_low,RF_DISTRIBUTION,0.0,False,0.01
2026-03-28,KXHIGHNY-26MAR28-T47,>47F,wing_high,RF_DISTRIBUTION,0.22222222222222224,False,0.02
2026-03-28,KXHIGHNY-26MAR28-B40.5,40-41F,central,HGBR_QUANTILE,0.021276595744680847,False,0.06
2026-03-28,KXHIGHNY-26MAR28-B42.5,42-43F,central,HGBR_QUANTILE,0.024822695035460994,False,0.38
2026-03-28,KXHIGHNY-26MAR28-B44.5,44-45F,central,HGBR_QUANTILE,0.18439716312056736,True,0.49
2026-03-28,KXHIGHNY-26MAR28-B46.5,46-47F,central,HGBR_QUANTILE,0.1028368794326241,False,0.11
2026-03-28,KXHIGHNY-26MAR28-T40,<=40F,wing_low,HGBR_QUANTILE,0.0035460992907801418,False,0.01
2026-03-28,KXHIGHNY-26MAR28-T47,>47F,wing_high,HGBR_QUANTILE,0.6631205673758865,False,0.02
2026-04-04,KXHIGHNY-26APR04-B68.5,68-69F,central,GUMBEL,0.35300950151638283,False,0.25
2026-04-04,KXHIGHNY-26APR04-B70.5,70-71F,central,GUMBEL,0.5791046411571306,False,0.34
2026-04-04,KXHIGHNY-26APR04-B72.5,72-73F,central,GUMBEL,0.06315067081210612,True,0.19
2026-04-04,KXHIGHNY-26APR04-B74.5,74-75F,central,GUMBEL,0.0044145995390758586,False,0.06
2026-04-04,KXHIGHNY-26APR04-T68,<=68F,wing_low,GUMBEL,2.0042359475900545e-07,False,0.19
2026-04-04,KXHIGHNY-26APR04-T75,>75F,wing_high,GUMBEL,0.0003203865517098503,False,0.02
2026-04-04,KXHIGHNY-26APR04-B68.5,68-69F,central,EMOS,0.2930268863415712,False,0.25
2026-04-04,KXHIGHNY-26APR04-B70.5,70-71F,central,EMOS,0.48694394281796,False,0.34
2026-04-04,KXHIGHNY-26APR04-B72.5,72-73F,central,EMOS,0.0936867458008412,True,0.19
2026-04-04,KXHIGHNY-26APR04-B74.5,74-75F,central,EMOS,0.0020688824076403644,False,0.06
2026-04-04,KXHIGHNY-26APR04-T68,<=68F,wing_low,EMOS,0.12413241273084742,False,0.19
2026-04-04,KXHIGHNY-26APR04-T75,>75F,wing_high,EMOS,0.0001411299011397773,False,0.02
2026-04-04,KXHIGHNY-26APR04-B68.5,68-69F,central,RF_DISTRIBUTION,0.0,False,0.25
2026-04-04,KXHIGHNY-26APR04-B70.5,70-71F,central,RF_DISTRIBUTION,0.3714285714285715,False,0.34
2026-04-04,KXHIGHNY-26APR04-B72.5,72-73F,central,RF_DISTRIBUTION,0.6285714285714286,True,0.19
2026-04-04,KXHIGHNY-26APR04-B74.5,74-75F,central,RF_DISTRIBUTION,0.0,False,0.06
2026-04-04,KXHIGHNY-26APR04-T68,<=68F,wing_low,RF_DISTRIBUTION,0.0,False,0.19
2026-04-04,KXHIGHNY-26APR04-T75,>75F,wing_high,RF_DISTRIBUTION,0.0,False,0.02
2026-04-04,KXHIGHNY-26APR04-B68.5,68-69F,central,HGBR_QUANTILE,0.11023622047244096,False,0.25
2026-04-04,KXHIGHNY-26APR04-B70.5,70-71F,central,HGBR_QUANTILE,0.12992125984251968,False,0.34
2026-04-04,KXHIGHNY-26APR04-B72.5,72-73F,central,HGBR_QUANTILE,0.19291338582677164,True,0.19
2026-04-04,KXHIGHNY-26APR04-B74.5,74-75F,central,HGBR_QUANTILE,0.031496062992125984,False,0.06
2026-04-04,KXHIGHNY-26APR04-T68,<=68F,wing_low,HGBR_QUANTILE,0.484251968503937,False,0.19
2026-04-04,KXHIGHNY-26APR04-T75,>75F,wing_high,HGBR_QUANTILE,0.051181102362204724,False,0.02
2026-04-11,KXHIGHNY-26APR11-B61.5,61-62F,central,GUMBEL,0.5814821913272876,False,0.35
2026-04-11,KXHIGHNY-26APR11-B63.5,63-64F,central,GUMBEL,0.38228377521646606,True,0.44
2026-04-11,KXHIGHNY-26APR11-B65.5,65-66F,central,GUMBEL,0.033440223936305524,False,0.15
2026-04-11,KXHIGHNY-26APR11-B67.5,67-68F,central,GUMBEL,0.0022990438926507872,False,0.02
2026-04-11,KXHIGHNY-26APR11-T61,<=61F,wing_low,GUMBEL,0.0003281038780330103,False,0.05
2026-04-11,KXHIGHNY-26APR11-T68,>68F,wing_high,GUMBEL,0.00016666174925694666,False,0.01
2026-04-11,KXHIGHNY-26APR11-B61.5,61-62F,central,EMOS,0.3516357909679693,False,0.35
2026-04-11,KXHIGHNY-26APR11-B63.5,63-64F,central,EMOS,0.4066273601336282,True,0.44
2026-04-11,KXHIGHNY-26APR11-B65.5,65-66F,central,EMOS,0.05449750230846172,False,0.15
2026-04-11,KXHIGHNY-26APR11-B67.5,67-68F,central,EMOS,0.0008378438194770811,False,0.02
2026-04-11,KXHIGHNY-26APR11-T61,<=61F,wing_low,EMOS,0.18635413743007673,False,0.05
2026-04-11,KXHIGHNY-26APR11-T68,>68F,wing_high,EMOS,4.7365340387016064e-05,False,0.01
2026-04-11,KXHIGHNY-26APR11-B61.5,61-62F,central,RF_DISTRIBUTION,0.08108108108108109,False,0.35
2026-04-11,KXHIGHNY-26APR11-B63.5,63-64F,central,RF_DISTRIBUTION,0.9189189189189189,True,0.44
2026-04-11,KXHIGHNY-26APR11-B65.5,65-66F,central,RF_DISTRIBUTION,0.0,False,0.15
2026-04-11,KXHIGHNY-26APR11-B67.5,67-68F,central,RF_DISTRIBUTION,0.0,False,0.02
2026-04-11,KXHIGHNY-26APR11-T61,<=61F,wing_low,RF_DISTRIBUTION,0.0,False,0.05
2026-04-11,KXHIGHNY-26APR11-T68,>68F,wing_high,RF_DISTRIBUTION,0.0,False,0.01
2026-04-11,KXHIGHNY-26APR11-B61.5,61-62F,central,HGBR_QUANTILE,0.04285714285714286,False,0.35
2026-04-11,KXHIGHNY-26APR11-B63.5,63-64F,central,HGBR_QUANTILE,0.43214285714285716,True,0.44
2026-04-11,KXHIGHNY-26APR11-B65.5,65-66F,central,HGBR_QUANTILE,0.03571428571428572,False,0.15
2026-04-11,KXHIGHNY-26APR11-B67.5,67-68F,central,HGBR_QUANTILE,0.03928571428571429,False,0.02
2026-04-11,KXHIGHNY-26APR11-T61,<=61F,wing_low,HGBR_QUANTILE,0.29285714285714287,False,0.05
2026-04-11,KXHIGHNY-26APR11-T68,>68F,wing_high,HGBR_QUANTILE,0.15714285714285717,False,0.01
2026-04-18,KXHIGHNY-26APR18-B61.5,61-62F,central,GUMBEL,1.981463214026399e-10,False,0.03
2026-04-18,KXHIGHNY-26APR18-B63.5,63-64F,central,GUMBEL,0.22126314040325798,False,0.1
2026-04-18,KXHIGHNY-26APR18-B65.5,65-66F,central,GUMBEL,0.6819122182428944,True,0.27
2026-04-18,KXHIGHNY-26APR18-B67.5,67-68F,central,GUMBEL,0.08997267864180492,False,0.44
2026-04-18,KXHIGHNY-26APR18-T61,<=61F,wing_low,GUMBEL,1.9134319533146573e-144,False,0.01
2026-04-18,KXHIGHNY-26APR18-T68,>68F,wing_high,GUMBEL,0.006851962513896415,False,0.2
2026-04-18,KXHIGHNY-26APR18-B61.5,61-62F,central,EMOS,0.02357839398195967,False,0.03
2026-04-18,KXHIGHNY-26APR18-B63.5,63-64F,central,EMOS,0.3270779368044566,False,0.1
2026-04-18,KXHIGHNY-26APR18-B65.5,65-66F,central,EMOS,0.5264723701128999,True,0.27
2026-04-18,KXHIGHNY-26APR18-B67.5,67-68F,central,EMOS,0.09858754062663784,False,0.44
2026-04-18,KXHIGHNY-26APR18-T61,<=61F,wing_low,EMOS,0.0030149769031098555,False,0.01
2026-04-18,KXHIGHNY-26APR18-T68,>68F,wing_high,EMOS,0.021268781570936115,False,0.2
2026-04-18,KXHIGHNY-26APR18-B61.5,61-62F,central,RF_DISTRIBUTION,0.0,False,0.03
2026-04-18,KXHIGHNY-26APR18-B63.5,63-64F,central,RF_DISTRIBUTION,0.925,False,0.1
2026-04-18,KXHIGHNY-26APR18-B65.5,65-66F,central,RF_DISTRIBUTION,0.075,True,0.27
2026-04-18,KXHIGHNY-26APR18-B67.5,67-68F,central,RF_DISTRIBUTION,0.0,False,0.44
2026-04-18,KXHIGHNY-26APR18-T61,<=61F,wing_low,RF_DISTRIBUTION,0.0,False,0.01
2026-04-18,KXHIGHNY-26APR18-T68,>68F,wing_high,RF_DISTRIBUTION,0.0,False,0.2
2026-04-18,KXHIGHNY-26APR18-B61.5,61-62F,central,HGBR_QUANTILE,0.02147239263803681,False,0.03
2026-04-18,KXHIGHNY-26APR18-B63.5,63-64F,central,HGBR_QUANTILE,0.02147239263803681,False,0.1
2026-04-18,KXHIGHNY-26APR18-B65.5,65-66F,central,HGBR_QUANTILE,0.7024539877300614,True,0.27
2026-04-18,KXHIGHNY-26APR18-B67.5,67-68F,central,HGBR_QUANTILE,0.0061349693251533735,False,0.44
2026-04-18,KXHIGHNY-26APR18-T61,<=61F,wing_low,HGBR_QUANTILE,0.1871165644171779,False,0.01
2026-04-18,KXHIGHNY-26APR18-T68,>68F,wing_high,HGBR_QUANTILE,0.06134969325153374,False,0.2
