ticker,target_date,price_source,yes_price_open,yes_price_9AM,yes_price_11AM,yes_price_1PM,yes_price_3PM
HIGHNY-24OCT01-B66.5,2024-10-01,kalshi_candlesticks,0.16,0.11,0.11,0.05,0.04
HIGHNY-24OCT01-B68.5,2024-10-01,kalshi_candlesticks,0.51,0.37,0.24,0.24,0.33
HIGHNY-24OCT01-B70.5,2024-10-01,kalshi_candlesticks,0.25,0.61,0.64,0.6,0.74
HIGHNY-24OCT01-B72.5,2024-10-01,kalshi_candlesticks,0.01,0.05,0.05,0.05,0.01
HIGHNY-24OCT01-T66,2024-10-01,kalshi_candlesticks,0.03,0.01,0.01,0.01,0.01
HIGHNY-24OCT01-T73,2024-10-01,kalshi_candlesticks,0.01,0.01,0.01,0.01,0.01
HIGHNY-24OCT02-B64.5,2024-10-02,kalshi_candlesticks,0.09,0.02,0.01,0.01,0.01
HIGHNY-24OCT02-B66.5,2024-10-02,kalshi_candlesticks,0.31,0.31,0.29,0.24,0.1
HIGHNY-24OCT02-B68.5,2024-10-02,kalshi_candlesticks,0.38,0.53,0.59,0.81,0.85
HIGHNY-24OCT02-B70.5,2024-10-02,kalshi_candlesticks,0.13,0.13,0.11,0.04,0.03
HIGHNY-24OCT02-T64,2024-10-02,kalshi_candlesticks,0.01,0.01,0.01,0.01,0.01
HIGHNY-24OCT02-T71,2024-10-02,kalshi_candlesticks,0.11,0.11,0.01,0.01,0.02
HIGHNY-24OCT03-B68.5,2024-10-03,kalshi_candlesticks,0.02,0.02,0.01,0.01,0.01
HIGHNY-24OCT03-B70.5,2024-10-03,kalshi_candlesticks,0.49,0.32,0.2,0.12,0.2
HIGHNY-24OCT03-B72.5,2024-10-03,kalshi_candlesticks,0.41,0.62,0.7,0.62,0.5
HIGHNY-24OCT03-B74.5,2024-10-03,kalshi_candlesticks,0.04,0.04,0.01,0.12,0.12
HIGHNY-24OCT03-T68,2024-10-03,kalshi_candlesticks,0.01,0.01,0.01,0.01,0.01
HIGHNY-24OCT03-T75,2024-10-03,kalshi_candlesticks,0.01,0.01,0.01,0.01,0.01
HIGHNY-24OCT04-B70.5,2024-10-04,kalshi_candlesticks,0.04,0.09,0.09,0.01,0.01
HIGHNY-24OCT04-B72.5,2024-10-04,kalshi_candlesticks,0.33,0.35,0.31,0.78,0.17
HIGHNY-24OCT04-B74.5,2024-10-04,kalshi_candlesticks,0.43,0.56,0.58,0.24,0.8
HIGHNY-24OCT04-B76.5,2024-10-04,kalshi_candlesticks,0.02,0.02,0.02,0.02,0.02
HIGHNY-24OCT04-T70,2024-10-04,kalshi_candlesticks,0.01,0.01,0.01,0.01,0.01
HIGHNY-24OCT04-T77,2024-10-04,kalshi_candlesticks,0.01,0.01,0.01,0.01,0.01
HIGHNY-24OCT05-B71.5,2024-10-05,kalshi_candlesticks,0.09,0.11,0.11,0.01,0.01
HIGHNY-24OCT05-B73.5,2024-10-05,kalshi_candlesticks,0.33,0.35,0.38,0.45,0.01
HIGHNY-24OCT05-B75.5,2024-10-05,kalshi_candlesticks,0.48,0.53,0.47,0.68,0.68
HIGHNY-24OCT05-B77.5,2024-10-05,kalshi_candlesticks,0.07,0.18,0.14,0.02,0.02
HIGHNY-24OCT05-T71,2024-10-05,kalshi_candlesticks,0.01,0.01,0.01,0.01,0.01
HIGHNY-24OCT05-T78,2024-10-05,kalshi_candlesticks,0.01,0.02,0.02,0.01,0.01
HIGHNY-24OCT06-B67.5,2024-10-06,kalshi_candlesticks,0.09,0.09,0.09,0.01,0.01
HIGHNY-24OCT06-B69.5,2024-10-06,kalshi_candlesticks,0.26,0.2,0.31,0.35,0.39
HIGHNY-24OCT06-B71.5,2024-10-06,kalshi_candlesticks,0.31,0.6,0.53,0.8,0.86
HIGHNY-24OCT06-B73.5,2024-10-06,kalshi_candlesticks,0.16,0.16,0.25,0.04,0.02
HIGHNY-24OCT06-T67,2024-10-06,kalshi_candlesticks,0.02,0.02,0.02,0.01,0.01
HIGHNY-24OCT06-T74,2024-10-06,kalshi_candlesticks,0.01,0.01,0.01,0.01,0.01
HIGHNY-24OCT07-B68.5,2024-10-07,kalshi_candlesticks,0.09,0.09,0.01,0.01,0.01
HIGHNY-24OCT07-B70.5,2024-10-07,kalshi_candlesticks,0.31,0.28,0.03,0.01,0.01
HIGHNY-24OCT07-B72.5,2024-10-07,kalshi_candlesticks,0.52,0.45,0.24,0.04,0.01
HIGHNY-24OCT07-B74.5,2024-10-07,kalshi_candlesticks,0.17,0.46,0.59,0.59,0.36
HIGHNY-24OCT07-T68,2024-10-07,kalshi_candlesticks,0.01,0.01,0.01,0.01,0.01
HIGHNY-24OCT07-T75,2024-10-07,kalshi_candlesticks,0.12,0.12,0.1,0.1,0.1
HIGHNY-24OCT08-B64.5,2024-10-08,kalshi_candlesticks,0.02,0.02,0.01,0.01,0.01
HIGHNY-24OCT08-B66.5,2024-10-08,kalshi_candlesticks,0.34,0.13,0.1,0.07,0.03
HIGHNY-24OCT08-B68.5,2024-10-08,kalshi_candlesticks,0.52,0.49,0.53,0.7,0.7
HIGHNY-24OCT08-B70.5,2024-10-08,kalshi_candlesticks,0.19,0.39,0.41,0.41,0.03
HIGHNY-24OCT08-T64,2024-10-08,kalshi_candlesticks,0.01,0.01,0.01,0.01,0.01
HIGHNY-24OCT08-T71,2024-10-08,kalshi_candlesticks,0.03,0.03,0.03,0.03,0.01
HIGHNY-24OCT09-B63.5,2024-10-09,kalshi_candlesticks,0.01,0.01,0.09,0.09,0.09
HIGHNY-24OCT09-B65.5,2024-10-09,kalshi_candlesticks,0.32,0.35,0.32,0.49,0.04
HIGHNY-24OCT09-B67.5,2024-10-09,kalshi_candlesticks,0.54,0.53,0.52,0.69,0.74
HIGHNY-24OCT09-B69.5,2024-10-09,kalshi_candlesticks,0.94,0.07,0.2,0.02,0.22
HIGHNY-24OCT09-T63,2024-10-09,kalshi_candlesticks,0.01,0.01,0.01,0.01,0.01
HIGHNY-24OCT09-T70,2024-10-09,kalshi_candlesticks,0.01,0.01,0.01,0.01,0.01
HIGHNY-24OCT10-B57.5,2024-10-10,kalshi_candlesticks,0.09,0.03,0.03,0.01,0.01
HIGHNY-24OCT10-B59.5,2024-10-10,kalshi_candlesticks,0.45,0.3,0.21,0.21,0.07
HIGHNY-24OCT10-B61.5,2024-10-10,kalshi_candlesticks,0.44,0.47,0.64,0.65,0.65
HIGHNY-24OCT10-B63.5,2024-10-10,kalshi_candlesticks,0.11,0.21,0.22,0.45,0.06
HIGHNY-24OCT10-T57,2024-10-10,kalshi_candlesticks,0.01,0.01,0.01,0.01,0.01
HIGHNY-24OCT10-T64,2024-10-10,kalshi_candlesticks,0.03,0.03,0.03,0.03,0.01
HIGHNY-24OCT11-B64.5,2024-10-11,kalshi_candlesticks,0.06,0.01,0.01,0.01,0.01
HIGHNY-24OCT11-B66.5,2024-10-11,kalshi_candlesticks,0.44,0.24,0.24,0.25,0.1
HIGHNY-24OCT11-B68.5,2024-10-11,kalshi_candlesticks,0.39,0.5,0.31,0.57,0.25
HIGHNY-24OCT11-B70.5,2024-10-11,kalshi_candlesticks,0.13,0.32,0.62,0.41,0.74
HIGHNY-24OCT11-T64,2024-10-11,kalshi_candlesticks,0.01,0.01,0.01,0.01,0.01
HIGHNY-24OCT11-T71,2024-10-11,kalshi_candlesticks,0.01,0.05,0.12,0.12,0.12
HIGHNY-24OCT12-B71.5,2024-10-12,kalshi_candlesticks,0.21,0.36,0.26,0.21,0.03
HIGHNY-24OCT12-B73.5,2024-10-12,kalshi_candlesticks,0.47,0.52,0.54,0.53,0.83
HIGHNY-24OCT12-B75.5,2024-10-12,kalshi_candlesticks,0.3,0.17,0.2,0.19,0.19
HIGHNY-24OCT12-B77.5,2024-10-12,kalshi_candlesticks,0.01,0.01,0.01,0.01,0.01
HIGHNY-24OCT12-T71,2024-10-12,kalshi_candlesticks,0.01,0.01,0.01,0.01,0.01
HIGHNY-24OCT12-T78,2024-10-12,kalshi_candlesticks,0.01,0.01,0.01,0.01,0.01
HIGHNY-24OCT13-B65.5,2024-10-13,kalshi_candlesticks,0.01,0.01,0.01,0.01,0.01
HIGHNY-24OCT13-B67.5,2024-10-13,kalshi_candlesticks,0.01,0.01,0.01,0.01,0.01
HIGHNY-24OCT13-B69.5,2024-10-13,kalshi_candlesticks,0.15,0.01,0.02,0.02,0.06
HIGHNY-24OCT13-B71.5,2024-10-13,kalshi_candlesticks,0.21,0.38,0.23,0.2,0.52
HIGHNY-24OCT13-T65,2024-10-13,kalshi_candlesticks,0.01,0.01,0.01,0.01,0.01
HIGHNY-24OCT13-T72,2024-10-13,kalshi_candlesticks,0.5,0.8,0.74,0.77,0.64
HIGHNY-24OCT14-B59.5,2024-10-14,kalshi_candlesticks,0.01,0.01,0.01,0.01,0.01
HIGHNY-24OCT14-B61.5,2024-10-14,kalshi_candlesticks,0.01,0.05,0.05,0.05,0.05
HIGHNY-24OCT14-B63.5,2024-10-14,kalshi_candlesticks,0.15,0.23,0.22,0.05,0.05
HIGHNY-24OCT14-B65.5,2024-10-14,kalshi_candlesticks,0.44,0.62,0.75,0.88,0.94
HIGHNY-24OCT14-T59,2024-10-14,kalshi_candlesticks,0.01,0.01,0.01,0.01,0.01
HIGHNY-24OCT14-T66,2024-10-14,kalshi_candlesticks,0.53,0.2,0.09,0.19,0.04
HIGHNY-24OCT15-B52.5,2024-10-15,kalshi_candlesticks,0.01,0.01,0.01,0.01,0.01
HIGHNY-24OCT15-B54.5,2024-10-15,kalshi_candlesticks,0.46,0.04,0.04,0.01,0.01
HIGHNY-24OCT15-B56.5,2024-10-15,kalshi_candlesticks,0.54,0.43,0.41,0.58,0.59
HIGHNY-24OCT15-B58.5,2024-10-15,kalshi_candlesticks,0.35,0.45,0.48,0.33,0.36
HIGHNY-24OCT15-T52,2024-10-15,kalshi_candlesticks,0.01,0.01,0.01,0.01,0.01
HIGHNY-24OCT15-T59,2024-10-15,kalshi_candlesticks,0.01,0.04,0.05,0.02,0.01
HIGHNY-24OCT16-B51.5,2024-10-16,kalshi_candlesticks,0.08,0.01,0.01,0.01,0.01
HIGHNY-24OCT16-B53.5,2024-10-16,kalshi_candlesticks,0.35,0.07,0.01,0.01,0.01
HIGHNY-24OCT16-B55.5,2024-10-16,kalshi_candlesticks,0.46,0.38,0.21,0.06,0.01
HIGHNY-24OCT16-B57.5,2024-10-16,kalshi_candlesticks,0.17,0.53,0.71,0.85,0.89
HIGHNY-24OCT16-T51,2024-10-16,kalshi_candlesticks,0.01,0.01,0.01,0.01,0.01
HIGHNY-24OCT16-T58,2024-10-16,kalshi_candlesticks,0.02,0.1,0.11,0.2,0.12
HIGHNY-24OCT17-B55.5,2024-10-17,kalshi_candlesticks,0.14,0.02,0.02,0.01,0.01
HIGHNY-24OCT17-B57.5,2024-10-17,kalshi_candlesticks,0.41,0.12,0.1,0.08,0.06
HIGHNY-24OCT17-B59.5,2024-10-17,kalshi_candlesticks,0.49,0.43,0.61,0.66,0.89
HIGHNY-24OCT17-B61.5,2024-10-17,kalshi_candlesticks,0.13,0.46,0.28,0.31,0.07
HIGHNY-24OCT17-T55,2024-10-17,kalshi_candlesticks,0.01,0.01,0.01,0.01,0.01
HIGHNY-24OCT17-T62,2024-10-17,kalshi_candlesticks,0.01,0.09,0.08,0.08,0.08
HIGHNY-24OCT18-B61.5,2024-10-18,kalshi_candlesticks,0.01,0.01,0.01,0.01,0.01
HIGHNY-24OCT18-B63.5,2024-10-18,kalshi_candlesticks,0.07,0.13,0.62,0.01,0.03
HIGHNY-24OCT18-B65.5,2024-10-18,kalshi_candlesticks,0.4,0.52,0.43,0.41,0.68
HIGHNY-24OCT18-B67.5,2024-10-18,kalshi_candlesticks,0.35,0.35,0.42,0.57,0.57
HIGHNY-24OCT18-T61,2024-10-18,kalshi_candlesticks,0.01,0.01,0.01,0.01,0.01
HIGHNY-24OCT18-T68,2024-10-18,kalshi_candlesticks,0.15,0.05,0.05,0.1,0.03
HIGHNY-24OCT19-B65.5,2024-10-19,kalshi_candlesticks,0.01,0.01,0.01,0.01,0.01
HIGHNY-24OCT19-B67.5,2024-10-19,kalshi_candlesticks,0.16,0.17,0.18,0.04,0.03
HIGHNY-24OCT19-B69.5,2024-10-19,kalshi_candlesticks,0.53,0.62,0.54,0.79,0.85
HIGHNY-24OCT19-B71.5,2024-10-19,kalshi_candlesticks,0.39,0.27,0.25,0.1,0.08
HIGHNY-24OCT19-T65,2024-10-19,kalshi_candlesticks,0.01,0.01,0.01,0.01,0.01
HIGHNY-24OCT19-T72,2024-10-19,kalshi_candlesticks,0.01,0.01,0.02,0.02,0.05
HIGHNY-24OCT20-B68.5,2024-10-20,kalshi_candlesticks,0.15,0.15,0.01,0.01,0.01
HIGHNY-24OCT20-B70.5,2024-10-20,kalshi_candlesticks,0.13,0.04,0.04,0.04,0.01
HIGHNY-24OCT20-B72.5,2024-10-20,kalshi_candlesticks,0.39,0.14,0.14,0.3,0.59
HIGHNY-24OCT20-B74.5,2024-10-20,kalshi_candlesticks,0.5,0.49,0.59,0.53,0.41
HIGHNY-24OCT20-T68,2024-10-20,kalshi_candlesticks,0.01,0.01,0.01,0.01,0.01
HIGHNY-24OCT20-T75,2024-10-20,kalshi_candlesticks,0.15,0.3,0.26,0.21,0.04
HIGHNY-24OCT21-B73.5,2024-10-21,kalshi_candlesticks,0.01,0.01,0.01,0.01,0.01
HIGHNY-24OCT21-B75.5,2024-10-21,kalshi_candlesticks,0.01,0.01,0.05,0.01,0.01
HIGHNY-24OCT21-B77.5,2024-10-21,kalshi_candlesticks,0.21,0.08,0.06,0.18,0.56
HIGHNY-24OCT21-B79.5,2024-10-21,kalshi_candlesticks,0.57,0.49,0.49,0.64,0.25
HIGHNY-24OCT21-T73,2024-10-21,kalshi_candlesticks,0.01,0.01,0.01,0.01,0.01
HIGHNY-24OCT21-T80,2024-10-21,kalshi_candlesticks,0.46,0.41,0.25,0.1,0.09
HIGHNY-24OCT22-B74.5,2024-10-22,kalshi_candlesticks,0.01,0.01,0.01,0.01,0.01
HIGHNY-24OCT22-B76.5,2024-10-22,kalshi_candlesticks,0.25,0.01,0.01,0.01,0.01
HIGHNY-24OCT22-B78.5,2024-10-22,kalshi_candlesticks,0.31,0.31,0.23,0.03,0.01
HIGHNY-24OCT22-B80.5,2024-10-22,kalshi_candlesticks,0.2,0.6,0.62,0.41,0.73
HIGHNY-24OCT22-T74,2024-10-22,kalshi_candlesticks,0.01,0.01,0.01,0.01,0.01
HIGHNY-24OCT22-T81,2024-10-22,kalshi_candlesticks,0.11,0.11,0.12,0.57,0.23
HIGHNY-24OCT23-B71.5,2024-10-23,kalshi_candlesticks,0.01,0.01,0.01,0.01,0.01
HIGHNY-24OCT23-B73.5,2024-10-23,kalshi_candlesticks,0.16,0.16,0.06,0.29,0.05
HIGHNY-24OCT23-B75.5,2024-10-23,kalshi_candlesticks,0.53,0.53,0.65,0.66,0.59
HIGHNY-24OCT23-B77.5,2024-10-23,kalshi_candlesticks,0.38,0.38,0.32,0.14,0.14
HIGHNY-24OCT23-T71,2024-10-23,kalshi_candlesticks,0.01,0.01,0.01,0.01,0.01
HIGHNY-24OCT23-T78,2024-10-23,kalshi_candlesticks,0.01,0.01,0.01,0.01,0.01
KXHIGHNY-24OCT24-B60.5,2024-10-24,kalshi_candlesticks,,,,,
KXHIGHNY-24OCT24-B62.5,2024-10-24,kalshi_candlesticks,,,,,
KXHIGHNY-24OCT24-B64.5,2024-10-24,kalshi_candlesticks,0.14,0.14,0.14,0.03,0.03
KXHIGHNY-24OCT24-B66.5,2024-10-24,kalshi_candlesticks,0.1,0.1,0.39,0.26,0.24
KXHIGHNY-24OCT24-T60,2024-10-24,kalshi_candlesticks,0.01,0.01,0.01,0.01,0.01
KXHIGHNY-24OCT24-T67,2024-10-24,kalshi_candlesticks,0.3,0.3,0.62,0.8,0.99
KXHIGHNY-24OCT25-B59.5,2024-10-25,kalshi_candlesticks,0.05,0.05,0.05,0.05,0.05
KXHIGHNY-24OCT25-B61.5,2024-10-25,kalshi_candlesticks,0.27,0.1,0.02,0.09,0.37
KXHIGHNY-24OCT25-B63.5,2024-10-25,kalshi_candlesticks,0.5,0.53,0.57,0.67,0.55
KXHIGHNY-24OCT25-B65.5,2024-10-25,kalshi_candlesticks,0.3,0.41,0.39,0.31,0.08
KXHIGHNY-24OCT25-T59,2024-10-25,kalshi_candlesticks,0.05,0.05,0.05,0.05,0.05
KXHIGHNY-24OCT25-T66,2024-10-25,kalshi_candlesticks,0.03,0.04,0.62,0.62,0.62
KXHIGHNY-24OCT26-B63.5,2024-10-26,kalshi_candlesticks,0.35,0.52,0.5,0.36,0.51
KXHIGHNY-24OCT26-B65.5,2024-10-26,kalshi_candlesticks,0.51,0.41,0.43,0.5,0.15
KXHIGHNY-24OCT26-B67.5,2024-10-26,kalshi_candlesticks,0.04,0.02,0.03,0.42,0.05
KXHIGHNY-24OCT26-B69.5,2024-10-26,kalshi_candlesticks,0.01,0.01,0.01,0.01,0.01
KXHIGHNY-24OCT26-T63,2024-10-26,kalshi_candlesticks,0.1,0.11,0.02,0.02,0.01
KXHIGHNY-24OCT26-T70,2024-10-26,kalshi_candlesticks,0.09,0.09,0.09,0.09,0.01
KXHIGHNY-24OCT27-B53.5,2024-10-27,kalshi_candlesticks,0.01,0.01,0.01,0.01,0.01
KXHIGHNY-24OCT27-B55.5,2024-10-27,kalshi_candlesticks,0.06,0.26,0.24,0.25,0.6
KXHIGHNY-24OCT27-B57.5,2024-10-27,kalshi_candlesticks,0.4,0.63,0.64,0.74,0.32
KXHIGHNY-24OCT27-B59.5,2024-10-27,kalshi_candlesticks,0.05,0.18,0.2,0.18,0.03
KXHIGHNY-24OCT27-T53,2024-10-27,kalshi_candlesticks,0.9,0.9,0.9,0.9,0.9
KXHIGHNY-24OCT27-T60,2024-10-27,kalshi_candlesticks,0.05,0.05,0.05,0.05,0.03
KXHIGHNY-24OCT28-B55.5,2024-10-28,kalshi_candlesticks,0.01,0.01,0.01,0.01,0.01
KXHIGHNY-24OCT28-B57.5,2024-10-28,kalshi_candlesticks,0.17,0.15,0.18,0.04,0.01
KXHIGHNY-24OCT28-B59.5,2024-10-28,kalshi_candlesticks,0.55,0.55,0.55,0.59,0.01
KXHIGHNY-24OCT28-B61.5,2024-10-28,kalshi_candlesticks,0.28,0.39,0.34,0.34,0.89
KXHIGHNY-24OCT28-T55,2024-10-28,kalshi_candlesticks,0.01,0.01,0.01,0.01,0.01
KXHIGHNY-24OCT28-T62,2024-10-28,kalshi_candlesticks,0.01,0.04,0.09,0.09,0.08
KXHIGHNY-24OCT29-B60.5,2024-10-29,kalshi_candlesticks,0.01,0.01,0.01,0.01,0.01
KXHIGHNY-24OCT29-B62.5,2024-10-29,kalshi_candlesticks,0.23,0.14,0.08,0.12,0.58
KXHIGHNY-24OCT29-B64.5,2024-10-29,kalshi_candlesticks,0.54,0.52,0.38,0.6,0.45
KXHIGHNY-24OCT29-B66.5,2024-10-29,kalshi_candlesticks,0.23,0.38,0.55,0.67,0.19
KXHIGHNY-24OCT29-T60,2024-10-29,kalshi_candlesticks,0.01,0.01,0.01,0.01,0.01
KXHIGHNY-24OCT29-T67,2024-10-29,kalshi_candlesticks,0.03,0.03,0.03,0.13,0.01
KXHIGHNY-24OCT30-B69.5,2024-10-30,kalshi_candlesticks,0.09,0.09,0.09,0.09,0.09
KXHIGHNY-24OCT30-B71.5,2024-10-30,kalshi_candlesticks,0.2,0.04,0.15,0.08,0.02
KXHIGHNY-24OCT30-B73.5,2024-10-30,kalshi_candlesticks,0.45,0.79,0.65,0.6,0.41
KXHIGHNY-24OCT30-B75.5,2024-10-30,kalshi_candlesticks,0.4,0.32,0.38,0.35,0.8
KXHIGHNY-24OCT30-T69,2024-10-30,kalshi_candlesticks,0.01,0.01,0.01,0.01,0.01
KXHIGHNY-24OCT30-T76,2024-10-30,kalshi_candlesticks,0.06,0.01,0.01,0.02,0.04
KXHIGHNY-24OCT31-B74.5,2024-10-31,kalshi_candlesticks,0.05,0.05,0.05,0.05,0.05
KXHIGHNY-24OCT31-B76.5,2024-10-31,kalshi_candlesticks,0.37,0.1,0.09,0.01,0.01
KXHIGHNY-24OCT31-B78.5,2024-10-31,kalshi_candlesticks,0.52,0.39,0.38,0.42,0.43
KXHIGHNY-24OCT31-B80.5,2024-10-31,kalshi_candlesticks,0.3,0.46,0.52,0.6,0.52
KXHIGHNY-24OCT31-T74,2024-10-31,kalshi_candlesticks,0.03,0.03,0.03,0.03,0.03
KXHIGHNY-24OCT31-T81,2024-10-31,kalshi_candlesticks,0.05,0.15,0.08,0.13,0.14
KXHIGHNY-24NOV01-B72.5,2024-11-01,kalshi_candlesticks,0.05,0.01,0.01,0.01,0.01
KXHIGHNY-24NOV01-B74.5,2024-11-01,kalshi_candlesticks,0.27,0.03,0.01,0.01,0.01
KXHIGHNY-24NOV01-B76.5,2024-11-01,kalshi_candlesticks,0.34,0.35,0.21,0.29,0.01
KXHIGHNY-24NOV01-B78.5,2024-11-01,kalshi_candlesticks,0.42,0.44,0.6,0.57,0.75
KXHIGHNY-24NOV01-T72,2024-11-01,kalshi_candlesticks,0.01,0.01,0.01,0.01,0.01
KXHIGHNY-24NOV01-T79,2024-11-01,kalshi_candlesticks,0.04,0.14,0.15,0.14,0.29
KXHIGHNY-24NOV02-B55.5,2024-11-02,kalshi_candlesticks,0.01,0.07,0.07,0.07,0.07
KXHIGHNY-24NOV02-B57.5,2024-11-02,kalshi_candlesticks,0.21,0.06,0.01,0.04,0.04
KXHIGHNY-24NOV02-B59.5,2024-11-02,kalshi_candlesticks,0.53,0.27,0.31,0.25,0.34
KXHIGHNY-24NOV02-B61.5,2024-11-02,kalshi_candlesticks,0.28,0.63,0.55,0.62,0.95
KXHIGHNY-24NOV02-T55,2024-11-02,kalshi_candlesticks,0.01,0.1,0.1,0.1,0.1
KXHIGHNY-24NOV02-T62,2024-11-02,kalshi_candlesticks,0.24,0.26,0.12,0.27,0.19
KXHIGHNY-24NOV03-B52.5,2024-11-03,kalshi_candlesticks,0.1,0.05,0.03,0.14,0.11
KXHIGHNY-24NOV03-B54.5,2024-11-03,kalshi_candlesticks,0.31,0.38,0.34,0.43,0.37
KXHIGHNY-24NOV03-B56.5,2024-11-03,kalshi_candlesticks,0.46,0.44,0.5,0.55,0.45
KXHIGHNY-24NOV03-B58.5,2024-11-03,kalshi_candlesticks,0.16,0.2,0.2,0.1,0.01
KXHIGHNY-24NOV03-T52,2024-11-03,kalshi_candlesticks,0.1,0.07,0.07,0.07,0.07
KXHIGHNY-24NOV03-T59,2024-11-03,kalshi_candlesticks,0.1,0.05,0.15,0.05,0.05
KXHIGHNY-24NOV04-B55.5,2024-11-04,kalshi_candlesticks,0.03,0.03,0.07,0.04,0.01
KXHIGHNY-24NOV04-B57.5,2024-11-04,kalshi_candlesticks,0.32,0.56,0.62,0.35,0.75
KXHIGHNY-24NOV04-B59.5,2024-11-04,kalshi_candlesticks,0.31,0.39,0.33,0.5,0.2
KXHIGHNY-24NOV04-B61.5,2024-11-04,kalshi_candlesticks,0.21,0.16,0.11,0.07,0.1
KXHIGHNY-24NOV04-T55,2024-11-04,kalshi_candlesticks,0.01,0.01,0.01,0.01,0.01
KXHIGHNY-24NOV04-T62,2024-11-04,kalshi_candlesticks,0.01,0.02,0.07,0.01,0.01
KXHIGHNY-24NOV05-B67.5,2024-11-05,kalshi_candlesticks,0.05,0.01,0.02,0.01,0.01
KXHIGHNY-24NOV05-B69.5,2024-11-05,kalshi_candlesticks,0.06,0.35,0.02,0.02,0.01
KXHIGHNY-24NOV05-B71.5,2024-11-05,kalshi_candlesticks,0.17,0.43,0.34,0.67,0.76
KXHIGHNY-24NOV05-B73.5,2024-11-05,kalshi_candlesticks,0.18,0.41,0.49,0.4,0.23
KXHIGHNY-24NOV05-T67,2024-11-05,kalshi_candlesticks,0.03,0.13,0.01,0.05,0.01
KXHIGHNY-24NOV05-T74,2024-11-05,kalshi_candlesticks,0.35,0.11,0.11,0.12,0.06
KXHIGHNY-24NOV06-B73.5,2024-11-06,kalshi_candlesticks,0.02,0.01,0.01,0.01,0.01
KXHIGHNY-24NOV06-B75.5,2024-11-06,kalshi_candlesticks,0.11,0.14,0.02,0.01,0.01
KXHIGHNY-24NOV06-B77.5,2024-11-06,kalshi_candlesticks,0.56,0.63,0.74,0.62,0.01
KXHIGHNY-24NOV06-B79.5,2024-11-06,kalshi_candlesticks,0.3,0.24,0.29,0.35,0.78
KXHIGHNY-24NOV06-T73,2024-11-06,kalshi_candlesticks,0.01,0.01,0.01,0.01,0.01
KXHIGHNY-24NOV06-T80,2024-11-06,kalshi_candlesticks,0.02,0.03,0.02,0.14,0.15
KXHIGHNY-24NOV07-B70.5,2024-11-07,kalshi_candlesticks,0.28,0.01,0.01,0.01,0.01
KXHIGHNY-24NOV07-B72.5,2024-11-07,kalshi_candlesticks,0.54,0.45,0.4,0.19,0.93
KXHIGHNY-24NOV07-B74.5,2024-11-07,kalshi_candlesticks,0.21,0.48,0.36,0.74,0.12
KXHIGHNY-24NOV07-B76.5,2024-11-07,kalshi_candlesticks,0.11,0.2,0.3,0.23,0.01
KXHIGHNY-24NOV07-T70,2024-11-07,kalshi_candlesticks,0.01,0.01,0.01,0.01,0.01
KXHIGHNY-24NOV07-T77,2024-11-07,kalshi_candlesticks,0.01,0.05,0.06,0.03,0.01
KXHIGHNY-24NOV08-B63.5,2024-11-08,kalshi_candlesticks,0.01,0.01,0.01,0.01,0.01
KXHIGHNY-24NOV08-B65.5,2024-11-08,kalshi_candlesticks,0.18,0.07,0.02,0.12,0.01
KXHIGHNY-24NOV08-B67.5,2024-11-08,kalshi_candlesticks,0.54,0.63,0.72,0.79,0.83
KXHIGHNY-24NOV08-B69.5,2024-11-08,kalshi_candlesticks,0.35,0.29,0.28,0.3,0.2
KXHIGHNY-24NOV08-T63,2024-11-08,kalshi_candlesticks,0.01,0.04,0.04,0.01,0.01
KXHIGHNY-24NOV08-T70,2024-11-08,kalshi_candlesticks,0.01,0.03,0.08,0.03,0.02
KXHIGHNY-24NOV09-B50.5,2024-11-09,kalshi_candlesticks,0.01,0.01,0.01,0.01,0.01
KXHIGHNY-24NOV09-B52.5,2024-11-09,kalshi_candlesticks,0.1,0.02,0.04,0.02,0.01
KXHIGHNY-24NOV09-B54.5,2024-11-09,kalshi_candlesticks,0.53,0.3,0.18,0.24,0.61
KXHIGHNY-24NOV09-B56.5,2024-11-09,kalshi_candlesticks,0.37,0.57,0.57,0.62,0.43
KXHIGHNY-24NOV09-T50,2024-11-09,kalshi_candlesticks,0.01,0.01,0.01,0.01,0.01
KXHIGHNY-24NOV09-T57,2024-11-09,kalshi_candlesticks,0.12,0.13,0.3,0.19,0.01
KXHIGHNY-24NOV10-B55.5,2024-11-10,kalshi_candlesticks,0.14,0.05,0.03,0.01,0.01
KXHIGHNY-24NOV10-B57.5,2024-11-10,kalshi_candlesticks,0.29,0.11,0.14,0.21,0.31
KXHIGHNY-24NOV10-B59.5,2024-11-10,kalshi_candlesticks,0.58,0.6,0.63,0.61,0.67
KXHIGHNY-24NOV10-B61.5,2024-11-10,kalshi_candlesticks,0.07,0.32,0.32,0.11,0.05
KXHIGHNY-24NOV10-T55,2024-11-10,kalshi_candlesticks,0.01,0.02,0.02,0.02,0.01
KXHIGHNY-24NOV10-T62,2024-11-10,kalshi_candlesticks,0.01,0.02,0.02,0.01,0.02
KXHIGHNY-24NOV11-B63.5,2024-11-11,kalshi_candlesticks,0.01,0.1,0.01,0.01,0.01
KXHIGHNY-24NOV11-B65.5,2024-11-11,kalshi_candlesticks,0.3,0.41,0.31,0.02,0.01
KXHIGHNY-24NOV11-B67.5,2024-11-11,kalshi_candlesticks,0.47,0.43,0.61,0.84,0.97
KXHIGHNY-24NOV11-B69.5,2024-11-11,kalshi_candlesticks,0.1,0.1,0.14,0.24,0.03
KXHIGHNY-24NOV11-T63,2024-11-11,kalshi_candlesticks,0.01,0.03,0.03,0.01,0.01
KXHIGHNY-24NOV11-T70,2024-11-11,kalshi_candlesticks,0.02,0.01,0.01,0.01,0.01
KXHIGHNY-24NOV12-B49.5,2024-11-12,kalshi_candlesticks,0.01,0.01,0.01,0.01,0.01
KXHIGHNY-24NOV12-B51.5,2024-11-12,kalshi_candlesticks,0.11,0.01,0.01,0.01,0.01
KXHIGHNY-24NOV12-B53.5,2024-11-12,kalshi_candlesticks,0.18,0.01,0.01,0.01,0.02
KXHIGHNY-24NOV12-B55.5,2024-11-12,kalshi_candlesticks,0.15,0.03,0.02,0.02,0.01
KXHIGHNY-24NOV12-T49,2024-11-12,kalshi_candlesticks,0.01,0.01,0.01,0.01,0.01
KXHIGHNY-24NOV12-T56,2024-11-12,kalshi_candlesticks,0.68,0.98,0.98,0.99,0.99
KXHIGHNY-24NOV13-B44.5,2024-11-13,kalshi_candlesticks,0.01,0.04,0.01,0.02,0.01
KXHIGHNY-24NOV13-B46.5,2024-11-13,kalshi_candlesticks,0.2,0.09,0.02,0.02,0.01
KXHIGHNY-24NOV13-B48.5,2024-11-13,kalshi_candlesticks,0.58,0.58,0.41,0.25,0.67
KXHIGHNY-24NOV13-B50.5,2024-11-13,kalshi_candlesticks,0.35,0.29,0.5,0.55,0.41
KXHIGHNY-24NOV13-T44,2024-11-13,kalshi_candlesticks,0.01,0.01,0.01,0.01,0.01
KXHIGHNY-24NOV13-T51,2024-11-13,kalshi_candlesticks,0.05,0.22,0.16,0.1,0.01
KXHIGHNY-24NOV14-B44.5,2024-11-14,kalshi_candlesticks,0.05,0.07,0.01,0.01,0.01
KXHIGHNY-24NOV14-B46.5,2024-11-14,kalshi_candlesticks,0.1,0.27,0.09,0.24,0.73
KXHIGHNY-24NOV14-B48.5,2024-11-14,kalshi_candlesticks,0.5,0.59,0.63,0.6,0.26
KXHIGHNY-24NOV14-B50.5,2024-11-14,kalshi_candlesticks,0.21,0.17,0.31,0.16,0.02
KXHIGHNY-24NOV14-T44,2024-11-14,kalshi_candlesticks,0.01,0.01,0.01,0.01,0.01
KXHIGHNY-24NOV14-T51,2024-11-14,kalshi_candlesticks,0.08,0.07,0.02,0.01,0.01
KXHIGHNY-24NOV15-B52.5,2024-11-15,kalshi_candlesticks,0.04,0.01,0.01,0.01,0.01
KXHIGHNY-24NOV15-B54.5,2024-11-15,kalshi_candlesticks,0.1,0.06,0.01,0.05,0.01
KXHIGHNY-24NOV15-B56.5,2024-11-15,kalshi_candlesticks,0.24,0.4,0.23,0.42,0.11
KXHIGHNY-24NOV15-B58.5,2024-11-15,kalshi_candlesticks,0.97,0.61,0.7,0.5,0.79
KXHIGHNY-24NOV15-T52,2024-11-15,kalshi_candlesticks,0.02,0.01,0.02,0.02,0.02
KXHIGHNY-24NOV15-T59,2024-11-15,kalshi_candlesticks,0.15,0.13,0.15,0.09,0.15
KXHIGHNY-24NOV16-B57.5,2024-11-16,kalshi_candlesticks,0.01,0.11,0.01,0.01,0.01
KXHIGHNY-24NOV16-B59.5,2024-11-16,kalshi_candlesticks,0.97,0.45,0.12,0.04,0.01
KXHIGHNY-24NOV16-B61.5,2024-11-16,kalshi_candlesticks,0.42,0.54,0.72,0.74,0.93
KXHIGHNY-24NOV16-B63.5,2024-11-16,kalshi_candlesticks,0.19,0.15,0.13,0.25,0.07
KXHIGHNY-24NOV16-T57,2024-11-16,kalshi_candlesticks,0.01,0.01,0.01,0.01,0.01
KXHIGHNY-24NOV16-T64,2024-11-16,kalshi_candlesticks,0.01,0.05,0.03,0.02,0.01
KXHIGHNY-24NOV17-B58.5,2024-11-17,kalshi_candlesticks,0.01,0.01,0.01,0.01,0.01
KXHIGHNY-24NOV17-B60.5,2024-11-17,kalshi_candlesticks,0.38,0.03,0.02,0.01,0.01
KXHIGHNY-24NOV17-B62.5,2024-11-17,kalshi_candlesticks,0.53,0.53,0.67,0.64,0.86
KXHIGHNY-24NOV17-B64.5,2024-11-17,kalshi_candlesticks,0.31,0.47,0.37,0.33,0.09
KXHIGHNY-24NOV17-T58,2024-11-17,kalshi_candlesticks,0.01,0.01,0.01,0.01,0.01
KXHIGHNY-24NOV17-T65,2024-11-17,kalshi_candlesticks,0.02,0.02,0.01,0.02,0.01
KXHIGHNY-24NOV18-B60.5,2024-11-18,kalshi_candlesticks,0.01,0.01,0.01,0.01,0.01
KXHIGHNY-24NOV18-B62.5,2024-11-18,kalshi_candlesticks,0.32,0.21,0.09,0.01,0.01
KXHIGHNY-24NOV18-B64.5,2024-11-18,kalshi_candlesticks,0.55,0.74,0.78,0.85,0.62
KXHIGHNY-24NOV18-B66.5,2024-11-18,kalshi_candlesticks,0.32,0.19,0.14,0.16,0.4
KXHIGHNY-24NOV18-T60,2024-11-18,kalshi_candlesticks,0.01,0.01,0.01,0.01,0.01
KXHIGHNY-24NOV18-T67,2024-11-18,kalshi_candlesticks,0.01,0.03,0.02,0.01,0.01
KXHIGHNY-24NOV19-B54.5,2024-11-19,kalshi_candlesticks,0.2,0.01,0.01,0.01,0.01
KXHIGHNY-24NOV19-B56.5,2024-11-19,kalshi_candlesticks,0.05,0.25,0.15,0.05,0.01
KXHIGHNY-24NOV19-B58.5,2024-11-19,kalshi_candlesticks,0.97,0.53,0.66,0.81,0.26
KXHIGHNY-24NOV19-B60.5,2024-11-19,kalshi_candlesticks,0.2,0.29,0.18,0.15,0.67
KXHIGHNY-24NOV19-T54,2024-11-19,kalshi_candlesticks,0.01,0.01,0.01,0.01,0.01
KXHIGHNY-24NOV19-T61,2024-11-19,kalshi_candlesticks,0.02,0.07,0.03,0.02,0.04
KXHIGHNY-24NOV20-B55.5,2024-11-20,kalshi_candlesticks,0.09,0.07,0.01,0.01,0.01
KXHIGHNY-24NOV20-B57.5,2024-11-20,kalshi_candlesticks,0.61,0.2,0.1,0.01,0.01
KXHIGHNY-24NOV20-B59.5,2024-11-20,kalshi_candlesticks,0.3,0.51,0.69,0.62,0.87
KXHIGHNY-24NOV20-B61.5,2024-11-20,kalshi_candlesticks,0.15,0.25,0.25,0.37,0.07
KXHIGHNY-24NOV20-T55,2024-11-20,kalshi_candlesticks,0.01,0.01,0.01,0.01,0.01
KXHIGHNY-24NOV20-T62,2024-11-20,kalshi_candlesticks,0.01,0.07,0.07,0.04,0.01
KXHIGHNY-24NOV21-B48.5,2024-11-21,kalshi_candlesticks,0.01,0.01,0.01,0.01,0.01
KXHIGHNY-24NOV21-B50.5,2024-11-21,kalshi_candlesticks,0.01,0.01,0.01,0.01,0.01
KXHIGHNY-24NOV21-B52.5,2024-11-21,kalshi_candlesticks,0.55,0.01,0.01,0.01,0.01
KXHIGHNY-24NOV21-B54.5,2024-11-21,kalshi_candlesticks,0.2,0.9,0.96,0.98,0.98
KXHIGHNY-24NOV21-T48,2024-11-21,kalshi_candlesticks,0.01,0.01,0.01,0.01,0.01
KXHIGHNY-24NOV21-T55,2024-11-21,kalshi_candlesticks,0.47,0.04,0.01,0.01,0.01
KXHIGHNY-24NOV22-B41.5,2024-11-22,kalshi_candlesticks,0.03,0.41,0.66,0.8,0.75
KXHIGHNY-24NOV22-B43.5,2024-11-22,kalshi_candlesticks,0.39,0.36,0.15,0.04,0.01
KXHIGHNY-24NOV22-B45.5,2024-11-22,kalshi_candlesticks,0.51,0.04,0.03,0.01,0.01
KXHIGHNY-24NOV22-B47.5,2024-11-22,kalshi_candlesticks,0.1,0.01,0.01,0.01,0.01
KXHIGHNY-24NOV22-T41,2024-11-22,kalshi_candlesticks,0.01,0.06,0.2,0.15,0.19
KXHIGHNY-24NOV22-T48,2024-11-22,kalshi_candlesticks,0.01,0.01,0.01,0.01,0.01
KXHIGHNY-24NOV23-B46.5,2024-11-23,kalshi_candlesticks,0.07,0.08,0.03,0.06,0.01
KXHIGHNY-24NOV23-B48.5,2024-11-23,kalshi_candlesticks,0.39,0.6,0.48,0.51,0.79
KXHIGHNY-24NOV23-B50.5,2024-11-23,kalshi_candlesticks,0.55,0.45,0.5,0.39,0.22
KXHIGHNY-24NOV23-B52.5,2024-11-23,kalshi_candlesticks,0.06,0.02,0.08,0.01,0.01
KXHIGHNY-24NOV23-T46,2024-11-23,kalshi_candlesticks,0.01,0.04,0.01,0.01,0.01
KXHIGHNY-24NOV23-T53,2024-11-23,kalshi_candlesticks,0.01,0.01,0.01,0.01,0.01
KXHIGHNY-24NOV24-B49.5,2024-11-24,kalshi_candlesticks,0.15,0.19,0.03,0.01,0.01
KXHIGHNY-24NOV24-B51.5,2024-11-24,kalshi_candlesticks,0.42,0.54,0.7,0.59,0.01
KXHIGHNY-24NOV24-B53.5,2024-11-24,kalshi_candlesticks,0.36,0.37,0.21,0.42,0.98
KXHIGHNY-24NOV24-B55.5,2024-11-24,kalshi_candlesticks,0.06,0.03,0.01,0.03,0.03
KXHIGHNY-24NOV24-T49,2024-11-24,kalshi_candlesticks,0.01,0.01,0.01,0.01,0.01
KXHIGHNY-24NOV24-T56,2024-11-24,kalshi_candlesticks,0.01,0.01,0.01,0.01,0.01
KXHIGHNY-24NOV25-B50.5,2024-11-25,kalshi_candlesticks,0.1,0.06,0.01,0.03,0.01
KXHIGHNY-24NOV25-B52.5,2024-11-25,kalshi_candlesticks,0.43,0.48,0.49,0.62,0.73
KXHIGHNY-24NOV25-B54.5,2024-11-25,kalshi_candlesticks,0.34,0.41,0.48,0.39,0.32
KXHIGHNY-24NOV25-B56.5,2024-11-25,kalshi_candlesticks,0.07,0.03,0.02,0.02,0.01
KXHIGHNY-24NOV25-T50,2024-11-25,kalshi_candlesticks,0.01,0.03,0.03,0.01,0.01
KXHIGHNY-24NOV25-T57,2024-11-25,kalshi_candlesticks,0.06,0.03,0.01,0.01,0.01
KXHIGHNY-24NOV26-B54.5,2024-11-26,kalshi_candlesticks,0.04,0.01,0.01,0.01,0.01
KXHIGHNY-24NOV26-B56.5,2024-11-26,kalshi_candlesticks,0.33,0.17,0.19,0.5,0.23
KXHIGHNY-24NOV26-B58.5,2024-11-26,kalshi_candlesticks,0.44,0.45,0.54,0.47,0.8
KXHIGHNY-24NOV26-B60.5,2024-11-26,kalshi_candlesticks,0.15,0.38,0.19,0.09,0.07
KXHIGHNY-24NOV26-T54,2024-11-26,kalshi_candlesticks,0.1,0.01,0.01,0.01,0.01
KXHIGHNY-24NOV26-T61,2024-11-26,kalshi_candlesticks,0.06,0.03,0.01,0.01,0.01
KXHIGHNY-24NOV27-B46.5,2024-11-27,kalshi_candlesticks,0.02,0.01,0.01,0.01,0.01
KXHIGHNY-24NOV27-B48.5,2024-11-27,kalshi_candlesticks,0.1,0.06,0.01,0.01,0.01
KXHIGHNY-24NOV27-B50.5,2024-11-27,kalshi_candlesticks,0.49,0.39,0.34,0.18,0.3
KXHIGHNY-24NOV27-B52.5,2024-11-27,kalshi_candlesticks,0.33,0.5,0.64,0.71,0.71
KXHIGHNY-24NOV27-T46,2024-11-27,kalshi_candlesticks,0.01,0.02,0.02,0.01,0.01
KXHIGHNY-24NOV27-T53,2024-11-27,kalshi_candlesticks,0.02,0.08,0.08,0.11,0.01
KXHIGHNY-24NOV28-B44.5,2024-11-28,kalshi_candlesticks,0.03,0.01,0.01,0.01,0.01
KXHIGHNY-24NOV28-B46.5,2024-11-28,kalshi_candlesticks,0.13,0.02,0.02,0.01,0.01
KXHIGHNY-24NOV28-B48.5,2024-11-28,kalshi_candlesticks,0.61,0.08,0.02,0.02,0.84
KXHIGHNY-24NOV28-B50.5,2024-11-28,kalshi_candlesticks,0.33,0.36,0.22,0.35,0.13
KXHIGHNY-24NOV28-T44,2024-11-28,kalshi_candlesticks,0.01,0.01,0.01,0.01,0.01
KXHIGHNY-24NOV28-T51,2024-11-28,kalshi_candlesticks,0.13,0.62,0.78,0.6,0.02
KXHIGHNY-24NOV29-B42.5,2024-11-29,kalshi_candlesticks,0.17,0.06,0.01,0.01,0.01
KXHIGHNY-24NOV29-B44.5,2024-11-29,kalshi_candlesticks,0.21,0.5,0.36,0.01,0.01
KXHIGHNY-24NOV29-B46.5,2024-11-29,kalshi_candlesticks,0.37,0.45,0.6,0.77,0.96
KXHIGHNY-24NOV29-B48.5,2024-11-29,kalshi_candlesticks,0.12,0.03,0.04,0.16,0.07
KXHIGHNY-24NOV29-T42,2024-11-29,kalshi_candlesticks,0.01,0.01,0.01,0.01,0.01
KXHIGHNY-24NOV29-T49,2024-11-29,kalshi_candlesticks,0.01,0.01,0.01,0.01,0.01
KXHIGHNY-24NOV30-B36.5,2024-11-30,kalshi_candlesticks,0.11,0.06,0.03,0.01,0.01
KXHIGHNY-24NOV30-B38.5,2024-11-30,kalshi_candlesticks,0.36,0.42,0.4,0.57,0.61
KXHIGHNY-24NOV30-B40.5,2024-11-30,kalshi_candlesticks,0.33,0.47,0.54,0.43,0.38
KXHIGHNY-24NOV30-B42.5,2024-11-30,kalshi_candlesticks,0.12,0.08,0.06,0.02,0.04
KXHIGHNY-24NOV30-T36,2024-11-30,kalshi_candlesticks,0.01,0.03,0.03,0.03,0.03
KXHIGHNY-24NOV30-T43,2024-11-30,kalshi_candlesticks,0.02,0.01,0.01,0.01,0.01
KXHIGHNY-24DEC01-B33.5,2024-12-01,kalshi_candlesticks,0.01,0.01,0.01,0.01,0.01
KXHIGHNY-24DEC01-B35.5,2024-12-01,kalshi_candlesticks,0.08,0.05,0.05,0.12,0.01
KXHIGHNY-24DEC01-B37.5,2024-12-01,kalshi_candlesticks,0.43,0.47,0.57,0.67,0.91
KXHIGHNY-24DEC01-B39.5,2024-12-01,kalshi_candlesticks,0.32,0.45,0.35,0.25,0.17
KXHIGHNY-24DEC01-T33,2024-12-01,kalshi_candlesticks,0.01,0.01,0.01,0.01,0.01
KXHIGHNY-24DEC01-T40,2024-12-01,kalshi_candlesticks,0.07,0.1,0.05,0.02,0.01
KXHIGHNY-24DEC02-B36.5,2024-12-02,kalshi_candlesticks,0.06,0.02,0.05,0.01,0.01
KXHIGHNY-24DEC02-B38.5,2024-12-02,kalshi_candlesticks,0.19,0.46,0.56,0.51,0.85
KXHIGHNY-24DEC02-B40.5,2024-12-02,kalshi_candlesticks,0.48,0.46,0.43,0.42,0.09
KXHIGHNY-24DEC02-B42.5,2024-12-02,kalshi_candlesticks,0.26,0.07,0.05,0.02,0.01
KXHIGHNY-24DEC02-T36,2024-12-02,kalshi_candlesticks,0.01,0.01,0.01,0.01,0.01
KXHIGHNY-24DEC02-T43,2024-12-02,kalshi_candlesticks,0.02,0.02,0.01,0.01,0.01
KXHIGHNY-24DEC03-B37.5,2024-12-03,kalshi_candlesticks,0.07,0.04,0.01,0.01,0.01
KXHIGHNY-24DEC03-B39.5,2024-12-03,kalshi_candlesticks,0.22,0.41,0.31,0.16,0.01
KXHIGHNY-24DEC03-B41.5,2024-12-03,kalshi_candlesticks,0.5,0.51,0.62,0.68,0.98
KXHIGHNY-24DEC03-B43.5,2024-12-03,kalshi_candlesticks,0.19,0.07,0.1,0.11,0.02
KXHIGHNY-24DEC03-T37,2024-12-03,kalshi_candlesticks,0.04,0.01,0.01,0.01,0.01
KXHIGHNY-24DEC03-T44,2024-12-03,kalshi_candlesticks,0.11,0.01,0.03,0.01,0.01
KXHIGHNY-24DEC04-B37.5,2024-12-04,kalshi_candlesticks,0.02,0.05,0.01,0.01,0.01
KXHIGHNY-24DEC04-B39.5,2024-12-04,kalshi_candlesticks,0.15,0.45,0.24,0.23,0.61
KXHIGHNY-24DEC04-B41.5,2024-12-04,kalshi_candlesticks,0.44,0.5,0.66,0.69,0.39
KXHIGHNY-24DEC04-B43.5,2024-12-04,kalshi_candlesticks,0.33,0.1,0.08,0.08,0.01
KXHIGHNY-24DEC04-T37,2024-12-04,kalshi_candlesticks,0.01,0.01,0.01,0.01,0.01
KXHIGHNY-24DEC04-T44,2024-12-04,kalshi_candlesticks,0.05,0.02,0.02,0.01,0.01
KXHIGHNY-24DEC05-B36.5,2024-12-05,kalshi_candlesticks,0.03,0.19,0.01,0.01,0.01
KXHIGHNY-24DEC05-B38.5,2024-12-05,kalshi_candlesticks,0.11,0.45,0.01,0.01,0.01
KXHIGHNY-24DEC05-B40.5,2024-12-05,kalshi_candlesticks,0.45,0.37,0.88,0.98,0.98
KXHIGHNY-24DEC05-B42.5,2024-12-05,kalshi_candlesticks,0.33,0.06,0.11,0.04,0.02
KXHIGHNY-24DEC05-T36,2024-12-05,kalshi_candlesticks,0.01,0.01,0.01,0.01,0.01
KXHIGHNY-24DEC05-T43,2024-12-05,kalshi_candlesticks,0.13,0.02,0.01,0.01,0.01
KXHIGHNY-24DEC06-B31.5,2024-12-06,kalshi_candlesticks,0.1,0.01,0.01,0.01,0.01
KXHIGHNY-24DEC06-B33.5,2024-12-06,kalshi_candlesticks,0.41,0.6,0.57,0.62,0.22
KXHIGHNY-24DEC06-B35.5,2024-12-06,kalshi_candlesticks,0.52,0.45,0.42,0.35,0.79
KXHIGHNY-24DEC06-B37.5,2024-12-06,kalshi_candlesticks,0.07,0.06,0.05,0.01,0.01
KXHIGHNY-24DEC06-T31,2024-12-06,kalshi_candlesticks,0.01,0.01,0.01,0.01,0.01
KXHIGHNY-24DEC06-T38,2024-12-06,kalshi_candlesticks,0.01,0.01,0.01,0.02,0.01
KXHIGHNY-24DEC07-B34.5,2024-12-07,kalshi_candlesticks,0.06,0.02,0.02,0.01,0.01
KXHIGHNY-24DEC07-B36.5,2024-12-07,kalshi_candlesticks,0.13,0.02,0.03,0.01,0.01
KXHIGHNY-24DEC07-B38.5,2024-12-07,kalshi_candlesticks,0.44,0.51,0.35,0.14,0.01
KXHIGHNY-24DEC07-B40.5,2024-12-07,kalshi_candlesticks,0.34,0.38,0.55,0.7,0.86
KXHIGHNY-24DEC07-T34,2024-12-07,kalshi_candlesticks,0.01,0.01,0.01,0.01,0.01
KXHIGHNY-24DEC07-T41,2024-12-07,kalshi_candlesticks,0.05,0.12,0.11,0.12,0.08
KXHIGHNY-24DEC08-B46.5,2024-12-08,kalshi_candlesticks,0.07,0.01,0.01,0.01,0.01
KXHIGHNY-24DEC08-B48.5,2024-12-08,kalshi_candlesticks,0.13,0.03,0.02,0.01,0.01
KXHIGHNY-24DEC08-B50.5,2024-12-08,kalshi_candlesticks,0.44,0.35,0.06,0.01,0.01
KXHIGHNY-24DEC08-B52.5,2024-12-08,kalshi_candlesticks,0.33,0.38,0.59,0.09,0.01
KXHIGHNY-24DEC08-T46,2024-12-08,kalshi_candlesticks,0.01,0.01,0.01,0.01,0.01
KXHIGHNY-24DEC08-T53,2024-12-08,kalshi_candlesticks,0.06,0.35,0.33,0.96,0.99
KXHIGHNY-24DEC09-B44.5,2024-12-09,kalshi_candlesticks,0.01,0.01,0.01,0.01,0.01
KXHIGHNY-24DEC09-B46.5,2024-12-09,kalshi_candlesticks,0.13,0.03,0.03,0.01,0.01
KXHIGHNY-24DEC09-B48.5,2024-12-09,kalshi_candlesticks,0.49,0.2,0.01,0.01,0.01
KXHIGHNY-24DEC09-B50.5,2024-12-09,kalshi_candlesticks,0.33,0.47,0.06,0.48,0.97
KXHIGHNY-24DEC09-T44,2024-12-09,kalshi_candlesticks,0.01,0.01,0.01,0.01,0.01
KXHIGHNY-24DEC09-T51,2024-12-09,kalshi_candlesticks,0.08,0.34,0.89,0.76,0.03
KXHIGHNY-24DEC10-B48.5,2024-12-10,kalshi_candlesticks,0.05,0.01,0.02,0.05,0.14
KXHIGHNY-24DEC10-B50.5,2024-12-10,kalshi_candlesticks,0.12,0.08,0.1,0.11,0.26
KXHIGHNY-24DEC10-B52.5,2024-12-10,kalshi_candlesticks,0.38,0.38,0.44,0.65,0.53
KXHIGHNY-24DEC10-B54.5,2024-12-10,kalshi_candlesticks,0.33,0.37,0.38,0.22,0.15
KXHIGHNY-24DEC10-T48,2024-12-10,kalshi_candlesticks,0.01,0.01,0.01,0.01,0.01
KXHIGHNY-24DEC10-T55,2024-12-10,kalshi_candlesticks,0.12,0.19,0.1,0.06,0.04
KXHIGHNY-24DEC11-B58.5,2024-12-11,kalshi_candlesticks,0.1,0.09,0.01,0.03,0.01
KXHIGHNY-24DEC11-B60.5,2024-12-11,kalshi_candlesticks,0.3,0.35,0.25,0.59,0.87
KXHIGHNY-24DEC11-B62.5,2024-12-11,kalshi_candlesticks,0.52,0.5,0.54,0.43,0.03
KXHIGHNY-24DEC11-B64.5,2024-12-11,kalshi_candlesticks,0.1,0.2,0.2,0.02,0.01
KXHIGHNY-24DEC11-T58,2024-12-11,kalshi_candlesticks,0.08,0.01,0.01,0.01,0.01
KXHIGHNY-24DEC11-T65,2024-12-11,kalshi_candlesticks,0.01,0.02,0.01,0.01,0.01
KXHIGHNY-24DEC12-B35.5,2024-12-12,kalshi_candlesticks,0.01,0.01,0.01,0.01,0.01
KXHIGHNY-24DEC12-B37.5,2024-12-12,kalshi_candlesticks,0.01,0.01,0.01,0.01,0.01
KXHIGHNY-24DEC12-B39.5,2024-12-12,kalshi_candlesticks,0.04,0.01,0.01,0.01,0.01
KXHIGHNY-24DEC12-B41.5,2024-12-12,kalshi_candlesticks,0.1,0.97,0.9,0.93,0.99
KXHIGHNY-24DEC12-T35,2024-12-12,kalshi_candlesticks,0.01,0.01,0.01,0.01,0.01
KXHIGHNY-24DEC12-T42,2024-12-12,kalshi_candlesticks,0.89,0.02,0.05,0.02,0.01
KXHIGHNY-24DEC13-B31.5,2024-12-13,kalshi_candlesticks,0.05,0.07,0.07,0.2,0.27
KXHIGHNY-24DEC13-B33.5,2024-12-13,kalshi_candlesticks,0.4,0.56,0.65,0.55,0.77
KXHIGHNY-24DEC13-B35.5,2024-12-13,kalshi_candlesticks,0.44,0.39,0.28,0.16,0.01
KXHIGHNY-24DEC13-B37.5,2024-12-13,kalshi_candlesticks,0.1,0.05,0.02,0.01,0.01
KXHIGHNY-24DEC13-T31,2024-12-13,kalshi_candlesticks,0.03,0.02,0.01,0.01,0.01
KXHIGHNY-24DEC13-T38,2024-12-13,kalshi_candlesticks,0.02,0.01,0.01,0.01,0.01
KXHIGHNY-24DEC14-B32.5,2024-12-14,kalshi_candlesticks,0.15,0.06,0.06,0.06,0.08
KXHIGHNY-24DEC14-B34.5,2024-12-14,kalshi_candlesticks,0.55,0.61,0.6,0.71,0.91
KXHIGHNY-24DEC14-B36.5,2024-12-14,kalshi_candlesticks,0.35,0.35,0.39,0.25,0.01
KXHIGHNY-24DEC14-B38.5,2024-12-14,kalshi_candlesticks,0.06,0.03,0.01,0.01,0.01
KXHIGHNY-24DEC14-T32,2024-12-14,kalshi_candlesticks,0.01,0.01,0.01,0.01,0.01
KXHIGHNY-24DEC14-T39,2024-12-14,kalshi_candlesticks,0.03,0.01,0.01,0.01,0.01
KXHIGHNY-24DEC15-B35.5,2024-12-15,kalshi_candlesticks,0.05,0.01,0.01,0.01,0.01
KXHIGHNY-24DEC15-B37.5,2024-12-15,kalshi_candlesticks,0.35,0.19,0.21,0.12,0.01
KXHIGHNY-24DEC15-B39.5,2024-12-15,kalshi_candlesticks,0.44,0.42,0.58,0.64,0.88
KXHIGHNY-24DEC15-B41.5,2024-12-15,kalshi_candlesticks,0.15,0.38,0.23,0.18,0.08
KXHIGHNY-24DEC15-T35,2024-12-15,kalshi_candlesticks,0.01,0.01,0.01,0.01,0.01
KXHIGHNY-24DEC15-T42,2024-12-15,kalshi_candlesticks,0.04,0.04,0.01,0.02,0.01
KXHIGHNY-24DEC16-B45.5,2024-12-16,kalshi_candlesticks,0.04,0.01,0.01,0.01,0.01
KXHIGHNY-24DEC16-B47.5,2024-12-16,kalshi_candlesticks,0.1,0.04,0.03,0.02,0.06
KXHIGHNY-24DEC16-B49.5,2024-12-16,kalshi_candlesticks,0.95,0.3,0.43,0.45,0.52
KXHIGHNY-24DEC16-B51.5,2024-12-16,kalshi_candlesticks,0.46,0.46,0.5,0.39,0.36
KXHIGHNY-24DEC16-T45,2024-12-16,kalshi_candlesticks,0.04,0.04,0.04,0.04,0.04
KXHIGHNY-24DEC16-T52,2024-12-16,kalshi_candlesticks,0.22,0.19,0.13,0.13,0.12
KXHIGHNY-24DEC17-B53.5,2024-12-17,kalshi_candlesticks,0.08,0.04,0.02,0.01,0.01
KXHIGHNY-24DEC17-B55.5,2024-12-17,kalshi_candlesticks,0.37,0.25,0.33,0.26,0.01
KXHIGHNY-24DEC17-B57.5,2024-12-17,kalshi_candlesticks,0.6,0.49,0.56,0.65,0.72
KXHIGHNY-24DEC17-B59.5,2024-12-17,kalshi_candlesticks,0.12,0.25,0.1,0.09,0.43
KXHIGHNY-24DEC17-T53,2024-12-17,kalshi_candlesticks,0.01,0.01,0.01,0.01,0.01
KXHIGHNY-24DEC17-T60,2024-12-17,kalshi_candlesticks,0.04,0.04,0.01,0.01,0.01
KXHIGHNY-24DEC18-B45.5,2024-12-18,kalshi_candlesticks,0.04,0.01,0.01,0.01,0.01
KXHIGHNY-24DEC18-B47.5,2024-12-18,kalshi_candlesticks,0.12,0.04,0.01,0.01,0.01
KXHIGHNY-24DEC18-B49.5,2024-12-18,kalshi_candlesticks,0.46,0.21,0.05,0.01,0.01
KXHIGHNY-24DEC18-B51.5,2024-12-18,kalshi_candlesticks,0.34,0.4,0.57,0.06,0.01
KXHIGHNY-24DEC18-T45,2024-12-18,kalshi_candlesticks,0.03,0.01,0.01,0.01,0.01
KXHIGHNY-24DEC18-T52,2024-12-18,kalshi_candlesticks,0.08,0.14,0.4,0.91,0.99
KXHIGHNY-24DEC19-B40.5,2024-12-19,kalshi_candlesticks,0.01,0.01,0.01,0.01,0.01
KXHIGHNY-24DEC19-B42.5,2024-12-19,kalshi_candlesticks,0.03,0.01,0.01,0.01,0.01
KXHIGHNY-24DEC19-B44.5,2024-12-19,kalshi_candlesticks,0.24,0.7,0.45,0.71,0.98
KXHIGHNY-24DEC19-B46.5,2024-12-19,kalshi_candlesticks,0.47,0.27,0.41,0.29,0.01
KXHIGHNY-24DEC19-T40,2024-12-19,kalshi_candlesticks,0.01,0.02,0.02,0.02,0.02
KXHIGHNY-24DEC19-T47,2024-12-19,kalshi_candlesticks,0.15,0.03,0.02,0.01,0.01
KXHIGHNY-24DEC20-B35.5,2024-12-20,kalshi_candlesticks,0.06,0.03,0.01,0.01,0.01
KXHIGHNY-24DEC20-B37.5,2024-12-20,kalshi_candlesticks,0.28,0.46,0.48,0.69,0.98
KXHIGHNY-24DEC20-B39.5,2024-12-20,kalshi_candlesticks,0.4,0.39,0.58,0.28,0.02
KXHIGHNY-24DEC20-B41.5,2024-12-20,kalshi_candlesticks,0.18,0.11,0.06,0.03,0.02
KXHIGHNY-24DEC20-T35,2024-12-20,kalshi_candlesticks,0.03,0.01,0.01,0.01,0.01
KXHIGHNY-24DEC20-T42,2024-12-20,kalshi_candlesticks,0.07,0.03,0.03,0.01,0.01
KXHIGHNY-24DEC21-B29.5,2024-12-21,kalshi_candlesticks,0.02,0.01,0.01,0.01,0.01
KXHIGHNY-24DEC21-B31.5,2024-12-21,kalshi_candlesticks,0.24,0.07,0.07,0.07,0.02
KXHIGHNY-24DEC21-B33.5,2024-12-21,kalshi_candlesticks,0.19,0.8,0.94,0.95,0.97
KXHIGHNY-24DEC21-B35.5,2024-12-21,kalshi_candlesticks,0.16,0.05,0.01,0.01,0.01
KXHIGHNY-24DEC21-T29,2024-12-21,kalshi_candlesticks,0.01,0.01,0.01,0.01,0.01
KXHIGHNY-24DEC21-T36,2024-12-21,kalshi_candlesticks,0.16,0.02,0.02,0.01,0.01
KXHIGHNY-24DEC22-B21.5,2024-12-22,kalshi_candlesticks,0.03,0.14,0.15,0.53,0.85
KXHIGHNY-24DEC22-B23.5,2024-12-22,kalshi_candlesticks,0.15,0.44,0.5,0.24,0.03
KXHIGHNY-24DEC22-B25.5,2024-12-22,kalshi_candlesticks,0.6,0.43,0.37,0.03,0.01
KXHIGHNY-24DEC22-B27.5,2024-12-22,kalshi_candlesticks,0.34,0.06,0.01,0.01,0.01
KXHIGHNY-24DEC22-T21,2024-12-22,kalshi_candlesticks,0.01,0.03,0.03,0.06,0.1
KXHIGHNY-24DEC22-T28,2024-12-22,kalshi_candlesticks,0.07,0.03,0.03,0.01,0.01
KXHIGHNY-24DEC23-B26.5,2024-12-23,kalshi_candlesticks,0.15,0.35,0.3,0.34,0.32
KXHIGHNY-24DEC23-B28.5,2024-12-23,kalshi_candlesticks,0.25,0.31,0.4,0.42,0.52
KXHIGHNY-24DEC23-B30.5,2024-12-23,kalshi_candlesticks,0.41,0.23,0.24,0.13,0.18
KXHIGHNY-24DEC23-B32.5,2024-12-23,kalshi_candlesticks,0.23,0.09,0.05,0.01,0.02
KXHIGHNY-24DEC23-T26,2024-12-23,kalshi_candlesticks,0.02,0.1,0.04,0.06,0.01
KXHIGHNY-24DEC23-T33,2024-12-23,kalshi_candlesticks,0.03,0.01,0.01,0.02,0.02
KXHIGHNY-24DEC24-B34.5,2024-12-24,kalshi_candlesticks,0.11,0.02,0.07,0.08,0.01
KXHIGHNY-24DEC24-B36.5,2024-12-24,kalshi_candlesticks,0.25,0.34,0.43,0.33,0.24
KXHIGHNY-24DEC24-B38.5,2024-12-24,kalshi_candlesticks,0.2,0.48,0.37,0.4,0.58
KXHIGHNY-24DEC24-B40.5,2024-12-24,kalshi_candlesticks,0.05,0.24,0.12,0.12,0.08
KXHIGHNY-24DEC24-T34,2024-12-24,kalshi_candlesticks,0.01,0.01,0.01,0.01,0.01
KXHIGHNY-24DEC24-T41,2024-12-24,kalshi_candlesticks,0.02,0.09,0.04,0.02,0.01
KXHIGHNY-24DEC25-B31.5,2024-12-25,kalshi_candlesticks,0.1,0.01,0.01,0.01,0.01
KXHIGHNY-24DEC25-B33.5,2024-12-25,kalshi_candlesticks,0.21,0.08,0.12,0.05,0.06
KXHIGHNY-24DEC25-B35.5,2024-12-25,kalshi_candlesticks,0.34,0.47,0.55,0.69,0.8
KXHIGHNY-24DEC25-B37.5,2024-12-25,kalshi_candlesticks,0.13,0.08,0.13,0.3,0.08
KXHIGHNY-24DEC25-T31,2024-12-25,kalshi_candlesticks,0.01,0.01,0.01,0.01,0.01
KXHIGHNY-24DEC25-T38,2024-12-25,kalshi_candlesticks,0.05,0.11,0.07,0.06,0.02
KXHIGHNY-24DEC26-B32.5,2024-12-26,kalshi_candlesticks,0.12,0.02,0.02,0.01,0.01
KXHIGHNY-24DEC26-B34.5,2024-12-26,kalshi_candlesticks,0.28,0.45,0.4,0.28,0.15
KXHIGHNY-24DEC26-B36.5,2024-12-26,kalshi_candlesticks,0.34,0.22,0.51,0.55,0.78
KXHIGHNY-24DEC26-B38.5,2024-12-26,kalshi_candlesticks,0.13,0.05,0.08,0.21,0.04
KXHIGHNY-24DEC26-T32,2024-12-26,kalshi_candlesticks,0.04,0.01,0.01,0.01,0.01
KXHIGHNY-24DEC26-T39,2024-12-26,kalshi_candlesticks,0.06,0.15,0.01,0.05,0.01
KXHIGHNY-24DEC27-B35.5,2024-12-27,kalshi_candlesticks,0.07,0.01,0.01,0.01,0.01
KXHIGHNY-24DEC27-B37.5,2024-12-27,kalshi_candlesticks,0.31,0.25,0.2,0.06,0.01
KXHIGHNY-24DEC27-B39.5,2024-12-27,kalshi_candlesticks,0.42,0.5,0.6,0.54,0.01
KXHIGHNY-24DEC27-B41.5,2024-12-27,kalshi_candlesticks,0.19,0.35,0.21,0.31,0.87
KXHIGHNY-24DEC27-T35,2024-12-27,kalshi_candlesticks,0.01,0.01,0.01,0.01,0.01
KXHIGHNY-24DEC27-T42,2024-12-27,kalshi_candlesticks,0.06,0.04,0.05,0.07,0.16
KXHIGHNY-24DEC28-B43.5,2024-12-28,kalshi_candlesticks,0.02,0.09,0.07,0.09,0.01
KXHIGHNY-24DEC28-B45.5,2024-12-28,kalshi_candlesticks,0.22,0.47,0.48,0.61,0.01
KXHIGHNY-24DEC28-B47.5,2024-12-28,kalshi_candlesticks,0.44,0.36,0.45,0.25,0.27
KXHIGHNY-24DEC28-B49.5,2024-12-28,kalshi_candlesticks,0.29,0.08,0.1,0.08,0.53
KXHIGHNY-24DEC28-T43,2024-12-28,kalshi_candlesticks,0.03,0.01,0.01,0.01,0.01
KXHIGHNY-24DEC28-T50,2024-12-28,kalshi_candlesticks,0.05,0.05,0.03,0.04,0.17
KXHIGHNY-24DEC29-B53.5,2024-12-29,kalshi_candlesticks,0.04,0.03,0.01,0.01,0.01
KXHIGHNY-24DEC29-B55.5,2024-12-29,kalshi_candlesticks,0.23,0.17,0.01,0.01,0.01
KXHIGHNY-24DEC29-B57.5,2024-12-29,kalshi_candlesticks,0.41,0.43,0.21,0.01,0.01
KXHIGHNY-24DEC29-B59.5,2024-12-29,kalshi_candlesticks,0.19,0.31,0.45,0.01,0.01
KXHIGHNY-24DEC29-T53,2024-12-29,kalshi_candlesticks,0.02,0.01,0.01,0.01,0.01
KXHIGHNY-24DEC29-T60,2024-12-29,kalshi_candlesticks,0.06,0.33,0.35,0.99,0.99
KXHIGHNY-24DEC30-B52.5,2024-12-30,kalshi_candlesticks,0.03,0.02,0.01,0.01,0.01
KXHIGHNY-24DEC30-B54.5,2024-12-30,kalshi_candlesticks,0.18,0.11,0.03,0.01,0.01
KXHIGHNY-24DEC30-B56.5,2024-12-30,kalshi_candlesticks,0.34,0.75,0.2,0.19,0.11
KXHIGHNY-24DEC30-B58.5,2024-12-30,kalshi_candlesticks,0.19,0.35,0.58,0.53,0.83
KXHIGHNY-24DEC30-T52,2024-12-30,kalshi_candlesticks,0.12,0.01,0.01,0.01,0.01
KXHIGHNY-24DEC30-T59,2024-12-30,kalshi_candlesticks,0.11,0.13,0.25,0.14,0.09
KXHIGHNY-24DEC31-B50.5,2024-12-31,kalshi_candlesticks,0.15,0.19,0.03,0.01,0.01
KXHIGHNY-24DEC31-B52.5,2024-12-31,kalshi_candlesticks,0.37,0.5,0.37,0.16,0.89
KXHIGHNY-24DEC31-B54.5,2024-12-31,kalshi_candlesticks,0.33,0.33,0.48,0.63,0.1
KXHIGHNY-24DEC31-B56.5,2024-12-31,kalshi_candlesticks,0.08,0.07,0.17,0.17,0.01
KXHIGHNY-24DEC31-T50,2024-12-31,kalshi_candlesticks,0.06,0.02,0.01,0.01,0.01
KXHIGHNY-24DEC31-T57,2024-12-31,kalshi_candlesticks,0.04,0.01,0.02,0.01,0.01
KXHIGHNY-25JAN01-B47.5,2025-01-01,kalshi_candlesticks,0.02,0.14,0.02,0.01,0.01
KXHIGHNY-25JAN01-B49.5,2025-01-01,kalshi_candlesticks,0.31,0.55,0.38,0.24,0.01
KXHIGHNY-25JAN01-B51.5,2025-01-01,kalshi_candlesticks,0.46,0.4,0.52,0.74,0.98
KXHIGHNY-25JAN01-B53.5,2025-01-01,kalshi_candlesticks,0.34,0.09,0.06,0.03,0.01
KXHIGHNY-25JAN01-T47,2025-01-01,kalshi_candlesticks,0.04,0.02,0.02,0.02,0.02
KXHIGHNY-25JAN01-T54,2025-01-01,kalshi_candlesticks,0.07,0.04,0.04,0.04,0.04
KXHIGHNY-25JAN02-B36.5,2025-01-02,kalshi_candlesticks,0.02,0.03,0.03,0.03,0.03
KXHIGHNY-25JAN02-B38.5,2025-01-02,kalshi_candlesticks,0.23,0.02,0.02,0.02,0.02
KXHIGHNY-25JAN02-B40.5,2025-01-02,kalshi_candlesticks,0.46,0.22,0.22,0.06,0.01
KXHIGHNY-25JAN02-B42.5,2025-01-02,kalshi_candlesticks,0.15,0.55,0.72,0.67,0.86
KXHIGHNY-25JAN02-T36,2025-01-02,kalshi_candlesticks,,,,,
KXHIGHNY-25JAN02-T43,2025-01-02,kalshi_candlesticks,0.11,0.24,0.07,0.3,0.05
KXHIGHNY-25JAN03-B35.5,2025-01-03,kalshi_candlesticks,0.01,0.02,0.02,0.02,0.02
KXHIGHNY-25JAN03-B37.5,2025-01-03,kalshi_candlesticks,0.45,0.26,0.23,0.23,0.26
KXHIGHNY-25JAN03-B39.5,2025-01-03,kalshi_candlesticks,0.46,0.57,0.6,0.65,0.76
KXHIGHNY-25JAN03-B41.5,2025-01-03,kalshi_candlesticks,0.33,0.19,0.1,0.15,0.03
KXHIGHNY-25JAN03-T35,2025-01-03,kalshi_candlesticks,0.01,0.02,0.02,0.02,0.01
KXHIGHNY-25JAN03-T42,2025-01-03,kalshi_candlesticks,0.03,0.02,0.01,0.02,0.02
KXHIGHNY-25JAN04-B31.5,2025-01-04,kalshi_candlesticks,0.05,0.05,0.01,0.04,0.01
KXHIGHNY-25JAN04-B33.5,2025-01-04,kalshi_candlesticks,0.29,0.32,0.34,0.66,0.95
KXHIGHNY-25JAN04-B35.5,2025-01-04,kalshi_candlesticks,0.46,0.58,0.51,0.27,0.07
KXHIGHNY-25JAN04-B37.5,2025-01-04,kalshi_candlesticks,0.19,0.14,0.12,0.05,0.01
KXHIGHNY-25JAN04-T31,2025-01-04,kalshi_candlesticks,,,,,
KXHIGHNY-25JAN04-T38,2025-01-04,kalshi_candlesticks,0.05,0.02,0.02,0.01,0.01
KXHIGHNY-25JAN05-B30.5,2025-01-05,kalshi_candlesticks,0.04,0.01,0.02,0.02,0.01
KXHIGHNY-25JAN05-B32.5,2025-01-05,kalshi_candlesticks,0.15,0.36,0.21,0.28,0.21
KXHIGHNY-25JAN05-B34.5,2025-01-05,kalshi_candlesticks,0.46,0.52,0.58,0.69,0.75
KXHIGHNY-25JAN05-B36.5,2025-01-05,kalshi_candlesticks,0.32,0.09,0.24,0.05,0.03
KXHIGHNY-25JAN05-T30,2025-01-05,kalshi_candlesticks,0.01,0.01,0.01,0.01,0.01
KXHIGHNY-25JAN05-T37,2025-01-05,kalshi_candlesticks,0.08,0.05,0.01,0.02,0.01
KXHIGHNY-25JAN06-B28.5,2025-01-06,kalshi_candlesticks,0.16,0.03,0.03,0.01,0.01
KXHIGHNY-25JAN06-B30.5,2025-01-06,kalshi_candlesticks,0.25,0.33,0.37,0.45,0.85
KXHIGHNY-25JAN06-B32.5,2025-01-06,kalshi_candlesticks,0.42,0.49,0.53,0.44,0.18
KXHIGHNY-25JAN06-B34.5,2025-01-06,kalshi_candlesticks,0.06,0.11,0.08,0.01,0.02
KXHIGHNY-25JAN06-T28,2025-01-06,kalshi_candlesticks,0.1,0.01,0.01,0.01,0.01
KXHIGHNY-25JAN06-T35,2025-01-06,kalshi_candlesticks,0.07,0.05,0.02,0.02,0.02
KXHIGHNY-25JAN07-B26.5,2025-01-07,kalshi_candlesticks,0.02,0.01,0.01,0.01,0.01
KXHIGHNY-25JAN07-B28.5,2025-01-07,kalshi_candlesticks,0.14,0.15,0.16,0.11,0.01
KXHIGHNY-25JAN07-B30.5,2025-01-07,kalshi_candlesticks,0.46,0.48,0.52,0.72,0.01
KXHIGHNY-25JAN07-B32.5,2025-01-07,kalshi_candlesticks,0.21,0.21,0.16,0.21,0.96
KXHIGHNY-25JAN07-T26,2025-01-07,kalshi_candlesticks,0.01,0.02,0.02,0.02,0.02
KXHIGHNY-25JAN07-T33,2025-01-07,kalshi_candlesticks,0.11,0.04,0.04,0.01,0.08
KXHIGHNY-25JAN08-B23.5,2025-01-08,kalshi_candlesticks,0.01,0.01,0.01,0.01,0.01
KXHIGHNY-25JAN08-B25.5,2025-01-08,kalshi_candlesticks,0.11,0.01,0.01,0.01,0.01
KXHIGHNY-25JAN08-B27.5,2025-01-08,kalshi_candlesticks,0.33,0.5,0.48,0.31,0.01
KXHIGHNY-25JAN08-B29.5,2025-01-08,kalshi_candlesticks,0.35,0.42,0.56,0.57,0.83
KXHIGHNY-25JAN08-T23,2025-01-08,kalshi_candlesticks,0.01,0.01,0.01,0.01,0.01
KXHIGHNY-25JAN08-T30,2025-01-08,kalshi_candlesticks,0.11,0.11,0.05,0.15,0.2
KXHIGHNY-25JAN09-B26.5,2025-01-09,kalshi_candlesticks,,,,,
KXHIGHNY-25JAN09-B28.5,2025-01-09,kalshi_candlesticks,0.13,0.02,0.02,0.01,0.01
KXHIGHNY-25JAN09-B30.5,2025-01-09,kalshi_candlesticks,0.29,0.12,0.16,0.28,0.01
KXHIGHNY-25JAN09-B32.5,2025-01-09,kalshi_candlesticks,0.33,0.4,0.6,0.63,0.9
KXHIGHNY-25JAN09-T26,2025-01-09,kalshi_candlesticks,0.04,0.04,0.04,0.04,0.04
KXHIGHNY-25JAN09-T33,2025-01-09,kalshi_candlesticks,0.13,0.47,0.3,0.14,0.07
KXHIGHNY-25JAN10-B33.5,2025-01-10,kalshi_candlesticks,0.08,0.01,0.01,0.01,0.01
KXHIGHNY-25JAN10-B35.5,2025-01-10,kalshi_candlesticks,0.11,0.03,0.01,0.01,0.01
KXHIGHNY-25JAN10-B37.5,2025-01-10,kalshi_candlesticks,0.46,0.25,0.35,0.28,0.01
KXHIGHNY-25JAN10-B39.5,2025-01-10,kalshi_candlesticks,0.25,0.44,0.73,0.64,0.91
KXHIGHNY-25JAN10-T33,2025-01-10,kalshi_candlesticks,0.08,0.08,0.08,0.08,0.08
KXHIGHNY-25JAN10-T40,2025-01-10,kalshi_candlesticks,0.1,0.3,0.16,0.04,0.09
KXHIGHNY-25JAN11-B31.5,2025-01-11,kalshi_candlesticks,0.02,0.01,0.01,0.01,0.01
KXHIGHNY-25JAN11-B33.5,2025-01-11,kalshi_candlesticks,0.26,0.02,0.01,0.01,0.01
KXHIGHNY-25JAN11-B35.5,2025-01-11,kalshi_candlesticks,0.45,0.75,0.82,0.91,0.9
KXHIGHNY-25JAN11-B37.5,2025-01-11,kalshi_candlesticks,0.18,0.26,0.18,0.1,0.08
KXHIGHNY-25JAN11-T31,2025-01-11,kalshi_candlesticks,,,,,
KXHIGHNY-25JAN11-T38,2025-01-11,kalshi_candlesticks,0.06,0.01,0.01,0.01,0.01
KXHIGHNY-25JAN12-B36.5,2025-01-12,kalshi_candlesticks,0.04,0.04,0.04,0.04,0.04
KXHIGHNY-25JAN12-B38.5,2025-01-12,kalshi_candlesticks,0.11,0.02,0.01,0.01,0.01
KXHIGHNY-25JAN12-B40.5,2025-01-12,kalshi_candlesticks,0.46,0.31,0.43,0.15,0.05
KXHIGHNY-25JAN12-B42.5,2025-01-12,kalshi_candlesticks,0.34,0.53,0.6,0.61,0.86
KXHIGHNY-25JAN12-T36,2025-01-12,kalshi_candlesticks,0.05,0.05,0.05,0.05,0.05
KXHIGHNY-25JAN12-T43,2025-01-12,kalshi_candlesticks,0.13,0.1,0.09,0.08,0.06
KXHIGHNY-25JAN13-B37.5,2025-01-13,kalshi_candlesticks,0.01,0.03,0.03,0.03,0.03
KXHIGHNY-25JAN13-B39.5,2025-01-13,kalshi_candlesticks,0.11,0.01,0.01,0.02,0.01
KXHIGHNY-25JAN13-B41.5,2025-01-13,kalshi_candlesticks,0.27,0.1,0.17,0.17,0.87
KXHIGHNY-25JAN13-B43.5,2025-01-13,kalshi_candlesticks,0.34,0.58,0.71,0.7,0.24
KXHIGHNY-25JAN13-T37,2025-01-13,kalshi_candlesticks,0.01,0.01,0.01,0.01,0.01
KXHIGHNY-25JAN13-T44,2025-01-13,kalshi_candlesticks,0.13,0.29,0.23,0.09,0.01
KXHIGHNY-25JAN14-B28.5,2025-01-14,kalshi_candlesticks,0.01,0.01,0.01,0.01,0.01
KXHIGHNY-25JAN14-B30.5,2025-01-14,kalshi_candlesticks,0.11,0.01,0.01,0.01,0.01
KXHIGHNY-25JAN14-B32.5,2025-01-14,kalshi_candlesticks,0.21,0.03,0.03,0.02,0.02
KXHIGHNY-25JAN14-B34.5,2025-01-14,kalshi_candlesticks,0.33,0.86,0.96,0.98,0.97
KXHIGHNY-25JAN14-T28,2025-01-14,kalshi_candlesticks,,,,,
KXHIGHNY-25JAN14-T35,2025-01-14,kalshi_candlesticks,0.13,0.05,0.02,0.01,0.01
KXHIGHNY-25JAN15-B29.5,2025-01-15,kalshi_candlesticks,0.01,0.02,0.02,0.02,0.01
KXHIGHNY-25JAN15-B31.5,2025-01-15,kalshi_candlesticks,0.1,0.43,0.49,0.63,0.9
KXHIGHNY-25JAN15-B33.5,2025-01-15,kalshi_candlesticks,0.46,0.5,0.64,0.28,0.08
KXHIGHNY-25JAN15-B35.5,2025-01-15,kalshi_candlesticks,0.35,0.03,0.08,0.04,0.04
KXHIGHNY-25JAN15-T29,2025-01-15,kalshi_candlesticks,0.1,0.01,0.01,0.01,0.01
KXHIGHNY-25JAN15-T36,2025-01-15,kalshi_candlesticks,0.01,0.01,0.01,0.01,0.01
KXHIGHNY-25JAN16-B28.5,2025-01-16,kalshi_candlesticks,0.01,0.02,0.03,0.03,0.04
KXHIGHNY-25JAN16-B30.5,2025-01-16,kalshi_candlesticks,0.13,0.48,0.45,0.53,0.84
KXHIGHNY-25JAN16-B32.5,2025-01-16,kalshi_candlesticks,0.42,0.56,0.48,0.37,0.27
KXHIGHNY-25JAN16-B34.5,2025-01-16,kalshi_candlesticks,0.18,0.05,0.03,0.01,0.01
KXHIGHNY-25JAN16-T28,2025-01-16,kalshi_candlesticks,0.01,0.01,0.01,0.01,0.01
KXHIGHNY-25JAN16-T35,2025-01-16,kalshi_candlesticks,0.02,0.02,0.01,0.01,0.01
KXHIGHNY-25JAN17-B35.5,2025-01-17,kalshi_candlesticks,0.03,0.01,0.01,0.01,0.01
KXHIGHNY-25JAN17-B37.5,2025-01-17,kalshi_candlesticks,0.13,0.16,0.03,0.01,0.01
KXHIGHNY-25JAN17-B39.5,2025-01-17,kalshi_candlesticks,0.41,0.4,0.38,0.23,0.01
KXHIGHNY-25JAN17-B41.5,2025-01-17,kalshi_candlesticks,0.33,0.34,0.54,0.73,0.96
KXHIGHNY-25JAN17-T35,2025-01-17,kalshi_candlesticks,0.01,0.01,0.01,0.01,0.01
KXHIGHNY-25JAN17-T42,2025-01-17,kalshi_candlesticks,0.07,0.08,0.05,0.06,0.05
KXHIGHNY-25JAN18-B41.5,2025-01-18,kalshi_candlesticks,0.08,0.05,0.05,0.05,0.05
KXHIGHNY-25JAN18-B43.5,2025-01-18,kalshi_candlesticks,0.11,0.27,0.25,0.01,0.01
KXHIGHNY-25JAN18-B45.5,2025-01-18,kalshi_candlesticks,0.42,0.57,0.6,0.82,0.95
KXHIGHNY-25JAN18-B47.5,2025-01-18,kalshi_candlesticks,0.07,0.21,0.23,0.16,0.05
KXHIGHNY-25JAN18-T41,2025-01-18,kalshi_candlesticks,0.05,0.01,0.01,0.01,0.01
KXHIGHNY-25JAN18-T48,2025-01-18,kalshi_candlesticks,0.02,0.04,0.04,0.02,0.01
KXHIGHNY-25JAN19-B35.5,2025-01-19,kalshi_candlesticks,0.01,0.02,0.02,0.02,0.02
KXHIGHNY-25JAN19-B37.5,2025-01-19,kalshi_candlesticks,0.13,0.01,0.01,0.01,0.01
KXHIGHNY-25JAN19-B39.5,2025-01-19,kalshi_candlesticks,0.45,0.34,0.07,0.07,0.05
KXHIGHNY-25JAN19-B41.5,2025-01-19,kalshi_candlesticks,0.32,0.87,0.94,0.93,0.9
KXHIGHNY-25JAN19-T35,2025-01-19,kalshi_candlesticks,0.01,0.01,0.01,0.01,0.01
KXHIGHNY-25JAN19-T42,2025-01-19,kalshi_candlesticks,0.06,0.01,0.09,0.01,0.01
KXHIGHNY-25JAN20-B22.5,2025-01-20,kalshi_candlesticks,0.01,0.01,0.01,0.01,0.01
KXHIGHNY-25JAN20-B24.5,2025-01-20,kalshi_candlesticks,0.42,0.21,0.46,0.28,0.01
KXHIGHNY-25JAN20-B26.5,2025-01-20,kalshi_candlesticks,0.46,0.54,0.41,0.65,0.98
KXHIGHNY-25JAN20-B28.5,2025-01-20,kalshi_candlesticks,0.36,0.22,0.19,0.09,0.01
KXHIGHNY-25JAN20-T22,2025-01-20,kalshi_candlesticks,0.01,0.01,0.01,0.01,0.01
KXHIGHNY-25JAN20-T29,2025-01-20,kalshi_candlesticks,0.13,0.02,0.03,0.02,0.01
KXHIGHNY-25JAN21-B15.5,2025-01-21,kalshi_candlesticks,0.05,0.01,0.02,0.01,0.01
KXHIGHNY-25JAN21-B17.5,2025-01-21,kalshi_candlesticks,0.12,0.1,0.12,0.03,0.12
KXHIGHNY-25JAN21-B19.5,2025-01-21,kalshi_candlesticks,0.22,0.48,0.56,0.65,0.8
KXHIGHNY-25JAN21-B21.5,2025-01-21,kalshi_candlesticks,0.32,0.39,0.28,0.22,0.19
KXHIGHNY-25JAN21-T15,2025-01-21,kalshi_candlesticks,0.05,0.01,0.01,0.01,0.01
KXHIGHNY-25JAN21-T22,2025-01-21,kalshi_candlesticks,0.13,0.09,0.02,0.02,0.02
KXHIGHNY-25JAN22-B16.5,2025-01-22,kalshi_candlesticks,0.09,0.06,0.06,0.01,0.01
KXHIGHNY-25JAN22-B18.5,2025-01-22,kalshi_candlesticks,0.11,0.07,0.08,0.06,0.01
KXHIGHNY-25JAN22-B20.5,2025-01-22,kalshi_candlesticks,0.46,0.48,0.51,0.57,0.88
KXHIGHNY-25JAN22-B22.5,2025-01-22,kalshi_candlesticks,0.07,0.45,0.37,0.26,0.08
KXHIGHNY-25JAN22-T16,2025-01-22,kalshi_candlesticks,0.03,0.01,0.01,0.01,0.01
KXHIGHNY-25JAN22-T23,2025-01-22,kalshi_candlesticks,0.13,0.08,0.03,0.01,0.01
KXHIGHNY-25JAN23-B26.5,2025-01-23,kalshi_candlesticks,0.1,0.01,0.01,0.05,0.06
KXHIGHNY-25JAN23-B28.5,2025-01-23,kalshi_candlesticks,0.26,0.43,0.36,0.71,0.89
KXHIGHNY-25JAN23-B30.5,2025-01-23,kalshi_candlesticks,0.46,0.5,0.57,0.21,0.1
KXHIGHNY-25JAN23-B32.5,2025-01-23,kalshi_candlesticks,0.1,0.04,0.06,0.01,0.01
KXHIGHNY-25JAN23-T26,2025-01-23,kalshi_candlesticks,0.04,0.01,0.01,0.01,0.01
KXHIGHNY-25JAN23-T33,2025-01-23,kalshi_candlesticks,0.05,0.02,0.02,0.02,0.02
KXHIGHNY-25JAN24-B27.5,2025-01-24,kalshi_candlesticks,0.02,0.01,0.01,0.01,0.01
KXHIGHNY-25JAN24-B29.5,2025-01-24,kalshi_candlesticks,0.11,0.05,0.01,0.01,0.01
KXHIGHNY-25JAN24-B31.5,2025-01-24,kalshi_candlesticks,0.28,0.47,0.59,0.53,0.33
KXHIGHNY-25JAN24-B33.5,2025-01-24,kalshi_candlesticks,0.34,0.42,0.35,0.42,0.61
KXHIGHNY-25JAN24-T27,2025-01-24,kalshi_candlesticks,0.01,0.01,0.01,0.01,0.01
KXHIGHNY-25JAN24-T34,2025-01-24,kalshi_candlesticks,0.14,0.1,0.02,0.07,0.03
KXHIGHNY-25JAN25-B26.5,2025-01-25,kalshi_candlesticks,0.04,0.01,0.01,0.01,0.01
KXHIGHNY-25JAN25-B28.5,2025-01-25,kalshi_candlesticks,0.3,0.02,0.02,0.02,0.01
KXHIGHNY-25JAN25-B30.5,2025-01-25,kalshi_candlesticks,0.41,0.28,0.22,0.44,0.7
KXHIGHNY-25JAN25-B32.5,2025-01-25,kalshi_candlesticks,0.3,0.54,0.64,0.55,0.19
KXHIGHNY-25JAN25-T26,2025-01-25,kalshi_candlesticks,,,,,
KXHIGHNY-25JAN25-T33,2025-01-25,kalshi_candlesticks,0.11,0.24,0.16,0.02,0.01
KXHIGHNY-25JAN26-B35.5,2025-01-26,kalshi_candlesticks,0.05,0.01,0.01,0.01,0.01
KXHIGHNY-25JAN26-B37.5,2025-01-26,kalshi_candlesticks,0.12,0.04,0.01,0.01,0.01
KXHIGHNY-25JAN26-B39.5,2025-01-26,kalshi_candlesticks,0.28,0.27,0.13,0.04,0.01
KXHIGHNY-25JAN26-B41.5,2025-01-26,kalshi_candlesticks,0.33,0.54,0.61,0.68,0.2
KXHIGHNY-25JAN26-T35,2025-01-26,kalshi_candlesticks,0.05,0.01,0.01,0.01,0.01
KXHIGHNY-25JAN26-T42,2025-01-26,kalshi_candlesticks,0.13,0.2,0.28,0.16,0.85
KXHIGHNY-25JAN27-B34.5,2025-01-27,kalshi_candlesticks,0.04,0.01,0.01,0.01,0.01
KXHIGHNY-25JAN27-B36.5,2025-01-27,kalshi_candlesticks,0.11,0.02,0.01,0.01,0.01
KXHIGHNY-25JAN27-B38.5,2025-01-27,kalshi_candlesticks,0.26,0.4,0.25,0.38,0.3
KXHIGHNY-25JAN27-B40.5,2025-01-27,kalshi_candlesticks,0.34,0.44,0.49,0.52,0.66
KXHIGHNY-25JAN27-T34,2025-01-27,kalshi_candlesticks,0.01,0.01,0.01,0.01,0.01
KXHIGHNY-25JAN27-T41,2025-01-27,kalshi_candlesticks,0.13,0.2,0.18,0.1,0.1
KXHIGHNY-25JAN28-B31.5,2025-01-28,kalshi_candlesticks,0.01,0.01,0.01,0.01,0.01
KXHIGHNY-25JAN28-B33.5,2025-01-28,kalshi_candlesticks,0.1,0.02,0.02,0.02,0.02
KXHIGHNY-25JAN28-B35.5,2025-01-28,kalshi_candlesticks,0.46,0.01,0.01,0.01,0.01
KXHIGHNY-25JAN28-B37.5,2025-01-28,kalshi_candlesticks,0.08,0.02,0.02,0.02,0.02
KXHIGHNY-25JAN28-T31,2025-01-28,kalshi_candlesticks,,,,,
KXHIGHNY-25JAN28-T38,2025-01-28,kalshi_candlesticks,0.13,0.75,0.99,0.99,0.99
KXHIGHNY-25JAN29-B41.5,2025-01-29,kalshi_candlesticks,0.03,0.04,0.01,0.01,0.01
KXHIGHNY-25JAN29-B43.5,2025-01-29,kalshi_candlesticks,0.1,0.02,0.01,0.01,0.01
KXHIGHNY-25JAN29-B45.5,2025-01-29,kalshi_candlesticks,0.31,0.06,0.01,0.01,0.01
KXHIGHNY-25JAN29-B47.5,2025-01-29,kalshi_candlesticks,0.34,0.24,0.13,0.04,0.04
KXHIGHNY-25JAN29-T41,2025-01-29,kalshi_candlesticks,,,,,
KXHIGHNY-25JAN29-T48,2025-01-29,kalshi_candlesticks,0.13,0.73,0.89,0.99,0.99
KXHIGHNY-25JAN30-B32.5,2025-01-30,kalshi_candlesticks,0.01,0.01,0.01,0.01,0.01
KXHIGHNY-25JAN30-B34.5,2025-01-30,kalshi_candlesticks,0.12,0.05,0.01,0.02,0.07
KXHIGHNY-25JAN30-B36.5,2025-01-30,kalshi_candlesticks,0.25,0.36,0.35,0.43,0.58
KXHIGHNY-25JAN30-B38.5,2025-01-30,kalshi_candlesticks,0.33,0.44,0.46,0.45,0.3
KXHIGHNY-25JAN30-T32,2025-01-30,kalshi_candlesticks,,,,,
KXHIGHNY-25JAN30-T39,2025-01-30,kalshi_candlesticks,0.14,0.24,0.22,0.11,0.05
KXHIGHNY-25JAN31-B37.5,2025-01-31,kalshi_candlesticks,,,,,
KXHIGHNY-25JAN31-B39.5,2025-01-31,kalshi_candlesticks,0.11,0.01,0.01,0.01,0.01
KXHIGHNY-25JAN31-B41.5,2025-01-31,kalshi_candlesticks,0.2,0.05,0.01,0.01,0.01
KXHIGHNY-25JAN31-B43.5,2025-01-31,kalshi_candlesticks,0.32,0.21,0.1,0.01,0.01
KXHIGHNY-25JAN31-T37,2025-01-31,kalshi_candlesticks,,,,,
KXHIGHNY-25JAN31-T44,2025-01-31,kalshi_candlesticks,0.13,0.78,0.89,0.99,0.99
KXHIGHNY-25FEB01-B41.5,2025-02-01,kalshi_candlesticks,0.09,0.01,0.01,0.01,0.01
KXHIGHNY-25FEB01-B43.5,2025-02-01,kalshi_candlesticks,0.35,0.01,0.01,0.01,0.01
KXHIGHNY-25FEB01-B45.5,2025-02-01,kalshi_candlesticks,0.35,0.01,0.01,0.01,0.01
KXHIGHNY-25FEB01-B47.5,2025-02-01,kalshi_candlesticks,0.11,0.98,0.99,0.99,0.99
KXHIGHNY-25FEB01-T41,2025-02-01,kalshi_candlesticks,0.04,0.01,0.01,0.01,0.01
KXHIGHNY-25FEB01-T48,2025-02-01,kalshi_candlesticks,0.05,0.01,0.01,0.01,0.01
KXHIGHNY-25FEB02-B31.5,2025-02-02,kalshi_candlesticks,0.04,0.04,0.06,0.06,0.03
KXHIGHNY-25FEB02-B33.5,2025-02-02,kalshi_candlesticks,0.11,0.18,0.25,0.28,0.32
KXHIGHNY-25FEB02-B35.5,2025-02-02,kalshi_candlesticks,0.21,0.46,0.48,0.52,0.51
KXHIGHNY-25FEB02-B37.5,2025-02-02,kalshi_candlesticks,0.36,0.34,0.18,0.16,0.13
KXHIGHNY-25FEB02-T31,2025-02-02,kalshi_candlesticks,0.04,0.03,0.01,0.01,0.02
KXHIGHNY-25FEB02-T38,2025-02-02,kalshi_candlesticks,0.13,0.16,0.01,0.02,0.01
KXHIGHNY-25FEB03-B42.5,2025-02-03,kalshi_candlesticks,0.06,0.08,0.15,0.2,0.01
KXHIGHNY-25FEB03-B44.5,2025-02-03,kalshi_candlesticks,0.11,0.4,0.49,0.55,0.01
KXHIGHNY-25FEB03-B46.5,2025-02-03,kalshi_candlesticks,0.4,0.3,0.31,0.24,0.8
KXHIGHNY-25FEB03-B48.5,2025-02-03,kalshi_candlesticks,0.3,0.08,0.02,0.03,0.18
KXHIGHNY-25FEB03-T42,2025-02-03,kalshi_candlesticks,0.02,0.01,0.01,0.01,0.01
KXHIGHNY-25FEB03-T49,2025-02-03,kalshi_candlesticks,0.2,0.08,0.01,0.01,0.01
KXHIGHNY-25FEB04-B40.5,2025-02-04,kalshi_candlesticks,0.01,0.01,0.01,0.01,0.01
KXHIGHNY-25FEB04-B42.5,2025-02-04,kalshi_candlesticks,0.11,0.01,0.01,0.01,0.01
KXHIGHNY-25FEB04-B44.5,2025-02-04,kalshi_candlesticks,0.61,0.01,0.01,0.01,0.01
KXHIGHNY-25FEB04-B46.5,2025-02-04,kalshi_candlesticks,0.36,0.22,0.34,0.4,0.38
KXHIGHNY-25FEB04-T40,2025-02-04,kalshi_candlesticks,0.01,0.01,0.01,0.01,0.01
KXHIGHNY-25FEB04-T47,2025-02-04,kalshi_candlesticks,0.06,0.72,0.6,0.66,0.67
KXHIGHNY-25FEB05-B29.5,2025-02-05,kalshi_candlesticks,0.01,0.01,0.01,0.01,0.01
KXHIGHNY-25FEB05-B31.5,2025-02-05,kalshi_candlesticks,0.11,0.04,0.03,0.01,0.01
KXHIGHNY-25FEB05-B33.5,2025-02-05,kalshi_candlesticks,0.42,0.25,0.38,0.14,0.01
KXHIGHNY-25FEB05-B35.5,2025-02-05,kalshi_candlesticks,0.34,0.46,0.57,0.72,0.77
KXHIGHNY-25FEB05-T29,2025-02-05,kalshi_candlesticks,0.01,0.02,0.02,0.02,0.02
KXHIGHNY-25FEB05-T36,2025-02-05,kalshi_candlesticks,0.14,0.27,0.25,0.11,0.29
KXHIGHNY-25FEB06-B37.5,2025-02-06,kalshi_candlesticks,0.02,0.06,0.06,0.05,0.08
KXHIGHNY-25FEB06-B39.5,2025-02-06,kalshi_candlesticks,0.11,0.27,0.3,0.39,0.53
KXHIGHNY-25FEB06-B41.5,2025-02-06,kalshi_candlesticks,0.38,0.44,0.46,0.41,0.35
KXHIGHNY-25FEB06-B43.5,2025-02-06,kalshi_candlesticks,0.34,0.17,0.19,0.12,0.07
KXHIGHNY-25FEB06-T37,2025-02-06,kalshi_candlesticks,0.05,0.01,0.01,0.01,0.01
KXHIGHNY-25FEB06-T44,2025-02-06,kalshi_candlesticks,0.05,0.04,0.04,0.04,0.03
KXHIGHNY-25FEB07-B36.5,2025-02-07,kalshi_candlesticks,0.05,0.03,0.03,0.03,0.03
KXHIGHNY-25FEB07-B38.5,2025-02-07,kalshi_candlesticks,0.11,0.13,0.01,0.01,0.01
KXHIGHNY-25FEB07-B40.5,2025-02-07,kalshi_candlesticks,0.35,0.26,0.01,0.01,0.01
KXHIGHNY-25FEB07-B42.5,2025-02-07,kalshi_candlesticks,0.34,0.95,0.89,0.97,0.99
KXHIGHNY-25FEB07-T36,2025-02-07,kalshi_candlesticks,,,,,
KXHIGHNY-25FEB07-T43,2025-02-07,kalshi_candlesticks,0.13,0.05,0.12,0.02,0.01
KXHIGHNY-25FEB08-B30.5,2025-02-08,kalshi_candlesticks,0.05,0.01,0.01,0.01,0.01
KXHIGHNY-25FEB08-B32.5,2025-02-08,kalshi_candlesticks,0.16,0.02,0.24,0.01,0.01
KXHIGHNY-25FEB08-B34.5,2025-02-08,kalshi_candlesticks,0.44,0.25,0.26,0.29,0.23
KXHIGHNY-25FEB08-B36.5,2025-02-08,kalshi_candlesticks,0.37,0.5,0.44,0.55,0.5
KXHIGHNY-25FEB08-T30,2025-02-08,kalshi_candlesticks,0.04,0.01,0.01,0.01,0.01
KXHIGHNY-25FEB08-T37,2025-02-08,kalshi_candlesticks,0.13,0.22,0.23,0.13,0.06
KXHIGHNY-25FEB09-B35.5,2025-02-09,kalshi_candlesticks,0.07,0.07,0.14,0.17,0.66
KXHIGHNY-25FEB09-B37.5,2025-02-09,kalshi_candlesticks,0.21,0.37,0.39,0.46,0.26
KXHIGHNY-25FEB09-B39.5,2025-02-09,kalshi_candlesticks,0.31,0.43,0.41,0.34,0.02
KXHIGHNY-25FEB09-B41.5,2025-02-09,kalshi_candlesticks,0.32,0.15,0.12,0.06,0.01
KXHIGHNY-25FEB09-T35,2025-02-09,kalshi_candlesticks,0.05,0.01,0.01,0.02,0.23
KXHIGHNY-25FEB09-T42,2025-02-09,kalshi_candlesticks,0.12,0.04,0.02,0.01,0.01
KXHIGHNY-25FEB10-B31.5,2025-02-10,kalshi_candlesticks,0.05,0.01,0.01,0.01,0.01
KXHIGHNY-25FEB10-B33.5,2025-02-10,kalshi_candlesticks,0.1,0.01,0.01,0.01,0.01
KXHIGHNY-25FEB10-B35.5,2025-02-10,kalshi_candlesticks,0.38,0.48,0.42,0.34,0.11
KXHIGHNY-25FEB10-B37.5,2025-02-10,kalshi_candlesticks,0.35,0.32,0.46,0.56,0.77
KXHIGHNY-25FEB10-T31,2025-02-10,kalshi_candlesticks,0.05,0.01,0.01,0.01,0.01
KXHIGHNY-25FEB10-T38,2025-02-10,kalshi_candlesticks,0.13,0.1,0.1,0.1,0.1
KXHIGHNY-25FEB11-B32.5,2025-02-11,kalshi_candlesticks,0.13,0.02,0.01,0.01,0.01
KXHIGHNY-25FEB11-B34.5,2025-02-11,kalshi_candlesticks,0.3,0.29,0.26,0.25,0.41
KXHIGHNY-25FEB11-B36.5,2025-02-11,kalshi_candlesticks,0.38,0.46,0.46,0.81,0.59
KXHIGHNY-25FEB11-B38.5,2025-02-11,kalshi_candlesticks,0.16,0.22,0.23,0.04,0.04
KXHIGHNY-25FEB11-T32,2025-02-11,kalshi_candlesticks,0.05,0.01,0.01,0.01,0.01
KXHIGHNY-25FEB11-T39,2025-02-11,kalshi_candlesticks,0.06,0.06,0.04,0.02,0.02
KXHIGHNY-25FEB12-B30.5,2025-02-12,kalshi_candlesticks,0.04,0.01,0.01,0.01,0.01
KXHIGHNY-25FEB12-B32.5,2025-02-12,kalshi_candlesticks,0.1,0.03,0.01,0.01,0.01
KXHIGHNY-25FEB12-B34.5,2025-02-12,kalshi_candlesticks,0.18,0.25,0.24,0.3,0.68
KXHIGHNY-25FEB12-B36.5,2025-02-12,kalshi_candlesticks,0.33,0.5,0.52,0.72,0.32
KXHIGHNY-25FEB12-T30,2025-02-12,kalshi_candlesticks,0.1,0.05,0.05,0.05,0.05
KXHIGHNY-25FEB12-T37,2025-02-12,kalshi_candlesticks,0.13,0.33,0.25,0.08,0.06
KXHIGHNY-25FEB13-B41.5,2025-02-13,kalshi_candlesticks,0.06,0.01,0.01,0.01,0.06
KXHIGHNY-25FEB13-B43.5,2025-02-13,kalshi_candlesticks,0.1,0.1,0.04,0.04,0.22
KXHIGHNY-25FEB13-B45.5,2025-02-13,kalshi_candlesticks,0.4,0.27,0.27,0.23,0.47
KXHIGHNY-25FEB13-B47.5,2025-02-13,kalshi_candlesticks,0.33,0.45,0.49,0.7,0.15
KXHIGHNY-25FEB13-T41,2025-02-13,kalshi_candlesticks,0.05,0.01,0.01,0.01,0.01
KXHIGHNY-25FEB13-T48,2025-02-13,kalshi_candlesticks,0.13,0.2,0.22,0.1,0.01
KXHIGHNY-25FEB14-B31.5,2025-02-14,kalshi_candlesticks,0.05,0.01,0.01,0.01,0.01
KXHIGHNY-25FEB14-B33.5,2025-02-14,kalshi_candlesticks,0.11,0.01,0.02,0.01,0.01
KXHIGHNY-25FEB14-B35.5,2025-02-14,kalshi_candlesticks,0.45,0.7,0.59,0.64,0.76
KXHIGHNY-25FEB14-B37.5,2025-02-14,kalshi_candlesticks,0.15,0.23,0.37,0.42,0.31
KXHIGHNY-25FEB14-T31,2025-02-14,kalshi_candlesticks,0.06,0.05,0.05,0.05,0.05
KXHIGHNY-25FEB14-T38,2025-02-14,kalshi_candlesticks,0.13,0.01,0.03,0.05,0.03
KXHIGHNY-25FEB15-B33.5,2025-02-15,kalshi_candlesticks,0.05,0.06,0.02,0.01,0.01
KXHIGHNY-25FEB15-B35.5,2025-02-15,kalshi_candlesticks,0.29,0.45,0.39,0.77,0.75
KXHIGHNY-25FEB15-B37.5,2025-02-15,kalshi_candlesticks,0.38,0.37,0.44,0.28,0.2
KXHIGHNY-25FEB15-B39.5,2025-02-15,kalshi_candlesticks,0.34,0.1,0.16,0.07,0.05
KXHIGHNY-25FEB15-T33,2025-02-15,kalshi_candlesticks,0.04,0.04,0.04,0.04,0.04
KXHIGHNY-25FEB15-T40,2025-02-15,kalshi_candlesticks,0.03,0.03,0.06,0.06,0.01
KXHIGHNY-25FEB16-B48.5,2025-02-16,kalshi_candlesticks,0.16,0.28,0.45,0.45,0.19
KXHIGHNY-25FEB16-B50.5,2025-02-16,kalshi_candlesticks,0.23,0.22,0.15,0.15,0.06
KXHIGHNY-25FEB16-B52.5,2025-02-16,kalshi_candlesticks,0.33,0.09,0.04,0.13,0.03
KXHIGHNY-25FEB16-B54.5,2025-02-16,kalshi_candlesticks,0.07,0.12,0.05,0.05,0.01
KXHIGHNY-25FEB16-T48,2025-02-16,kalshi_candlesticks,0.06,0.16,0.31,0.3,0.62
KXHIGHNY-25FEB16-T55,2025-02-16,kalshi_candlesticks,0.05,0.1,0.04,0.02,0.01
KXHIGHNY-25FEB17-B31.5,2025-02-17,kalshi_candlesticks,0.01,0.01,0.01,0.01,0.01
KXHIGHNY-25FEB17-B33.5,2025-02-17,kalshi_candlesticks,0.1,0.01,0.05,0.01,0.01
KXHIGHNY-25FEB17-B35.5,2025-02-17,kalshi_candlesticks,0.21,0.58,0.81,0.82,0.74
KXHIGHNY-25FEB17-B37.5,2025-02-17,kalshi_candlesticks,0.32,0.52,0.2,0.17,0.23
KXHIGHNY-25FEB17-T31,2025-02-17,kalshi_candlesticks,0.05,0.01,0.01,0.01,0.01
KXHIGHNY-25FEB17-T38,2025-02-17,kalshi_candlesticks,0.13,0.03,0.03,0.01,0.03
KXHIGHNY-25FEB18-B23.5,2025-02-18,kalshi_candlesticks,,,,,
KXHIGHNY-25FEB18-B25.5,2025-02-18,kalshi_candlesticks,0.16,0.21,0.24,0.04,0.01
KXHIGHNY-25FEB18-B27.5,2025-02-18,kalshi_candlesticks,0.46,0.6,0.69,0.88,0.93
KXHIGHNY-25FEB18-B29.5,2025-02-18,kalshi_candlesticks,0.33,0.16,0.08,0.08,0.06
KXHIGHNY-25FEB18-T23,2025-02-18,kalshi_candlesticks,0.05,0.01,0.01,0.01,0.01
KXHIGHNY-25FEB18-T30,2025-02-18,kalshi_candlesticks,0.1,0.04,0.01,0.01,0.01
KXHIGHNY-25FEB19-B26.5,2025-02-19,kalshi_candlesticks,0.03,0.02,0.02,0.02,0.02
KXHIGHNY-25FEB19-B28.5,2025-02-19,kalshi_candlesticks,0.13,0.23,0.22,0.21,0.01
KXHIGHNY-25FEB19-B30.5,2025-02-19,kalshi_candlesticks,0.45,0.64,0.66,0.83,0.9
KXHIGHNY-25FEB19-B32.5,2025-02-19,kalshi_candlesticks,0.25,0.15,0.14,0.15,0.1
KXHIGHNY-25FEB19-T26,2025-02-19,kalshi_candlesticks,0.01,0.01,0.01,0.01,0.01
KXHIGHNY-25FEB19-T33,2025-02-19,kalshi_candlesticks,0.13,0.03,0.03,0.03,0.01
KXHIGHNY-25FEB20-B24.5,2025-02-20,kalshi_candlesticks,0.04,0.02,0.01,0.01,0.01
KXHIGHNY-25FEB20-B26.5,2025-02-20,kalshi_candlesticks,0.16,0.07,0.05,0.02,0.01
KXHIGHNY-25FEB20-B28.5,2025-02-20,kalshi_candlesticks,0.37,0.53,0.57,0.68,0.9
KXHIGHNY-25FEB20-B30.5,2025-02-20,kalshi_candlesticks,0.37,0.42,0.37,0.3,0.11
KXHIGHNY-25FEB20-T24,2025-02-20,kalshi_candlesticks,0.01,0.01,0.01,0.01,0.01
KXHIGHNY-25FEB20-T31,2025-02-20,kalshi_candlesticks,0.12,0.09,0.04,0.02,0.01
KXHIGHNY-25FEB21-B27.5,2025-02-21,kalshi_candlesticks,0.01,0.01,0.01,0.01,0.01
KXHIGHNY-25FEB21-B29.5,2025-02-21,kalshi_candlesticks,0.11,0.01,0.01,0.02,0.02
KXHIGHNY-25FEB21-B31.5,2025-02-21,kalshi_candlesticks,0.25,0.27,0.37,0.2,0.02
KXHIGHNY-25FEB21-B33.5,2025-02-21,kalshi_candlesticks,0.35,0.21,0.58,0.68,0.65
KXHIGHNY-25FEB21-T27,2025-02-21,kalshi_candlesticks,0.01,0.01,0.01,0.01,0.01
KXHIGHNY-25FEB21-T34,2025-02-21,kalshi_candlesticks,0.13,0.41,0.22,0.13,0.18
KXHIGHNY-25FEB22-B34.5,2025-02-22,kalshi_candlesticks,0.05,0.03,0.02,0.01,0.01
KXHIGHNY-25FEB22-B36.5,2025-02-22,kalshi_candlesticks,0.3,0.11,0.08,0.02,0.01
KXHIGHNY-25FEB22-B38.5,2025-02-22,kalshi_candlesticks,0.4,0.51,0.55,0.6,0.18
KXHIGHNY-25FEB22-B40.5,2025-02-22,kalshi_candlesticks,0.3,0.44,0.35,0.4,0.7
KXHIGHNY-25FEB22-T34,2025-02-22,kalshi_candlesticks,0.01,0.01,0.01,0.01,0.01
KXHIGHNY-25FEB22-T41,2025-02-22,kalshi_candlesticks,0.09,0.12,0.05,0.02,0.06
KXHIGHNY-25FEB23-B40.5,2025-02-23,kalshi_candlesticks,0.04,0.02,0.01,0.01,0.01
KXHIGHNY-25FEB23-B42.5,2025-02-23,kalshi_candlesticks,0.23,0.21,0.18,0.06,0.01
KXHIGHNY-25FEB23-B44.5,2025-02-23,kalshi_candlesticks,0.23,0.46,0.47,0.56,0.01
KXHIGHNY-25FEB23-B46.5,2025-02-23,kalshi_candlesticks,0.31,0.27,0.28,0.35,0.79
KXHIGHNY-25FEB23-T40,2025-02-23,kalshi_candlesticks,0.05,0.05,0.05,0.05,0.05
KXHIGHNY-25FEB23-T47,2025-02-23,kalshi_candlesticks,0.05,0.09,0.09,0.1,0.1
KXHIGHNY-25FEB24-B44.5,2025-02-24,kalshi_candlesticks,0.05,0.01,0.01,0.01,0.01
KXHIGHNY-25FEB24-B46.5,2025-02-24,kalshi_candlesticks,0.23,0.14,0.01,0.01,0.01
KXHIGHNY-25FEB24-B48.5,2025-02-24,kalshi_candlesticks,0.4,0.46,0.43,0.52,0.76
KXHIGHNY-25FEB24-B50.5,2025-02-24,kalshi_candlesticks,0.32,0.32,0.49,0.52,0.26
KXHIGHNY-25FEB24-T44,2025-02-24,kalshi_candlesticks,0.07,0.01,0.01,0.01,0.01
KXHIGHNY-25FEB24-T51,2025-02-24,kalshi_candlesticks,0.13,0.12,0.13,0.03,0.03
KXHIGHNY-25FEB25-B50.5,2025-02-25,kalshi_candlesticks,0.14,0.03,0.02,0.01,0.01
KXHIGHNY-25FEB25-B52.5,2025-02-25,kalshi_candlesticks,0.23,0.21,0.09,0.01,0.01
KXHIGHNY-25FEB25-B54.5,2025-02-25,kalshi_candlesticks,0.4,0.37,0.34,0.09,0.01
KXHIGHNY-25FEB25-B56.5,2025-02-25,kalshi_candlesticks,0.06,0.29,0.36,0.73,0.92
KXHIGHNY-25FEB25-T50,2025-02-25,kalshi_candlesticks,0.03,0.01,0.01,0.01,0.01
KXHIGHNY-25FEB25-T57,2025-02-25,kalshi_candlesticks,0.05,0.23,0.27,0.2,0.07
KXHIGHNY-25FEB26-B49.5,2025-02-26,kalshi_candlesticks,0.04,0.01,0.01,0.01,0.01
KXHIGHNY-25FEB26-B51.5,2025-02-26,kalshi_candlesticks,0.22,0.03,0.02,0.01,0.01
KXHIGHNY-25FEB26-B53.5,2025-02-26,kalshi_candlesticks,0.4,0.42,0.2,0.02,0.01
KXHIGHNY-25FEB26-B55.5,2025-02-26,kalshi_candlesticks,0.1,0.56,0.61,0.83,0.84
KXHIGHNY-25FEB26-T49,2025-02-26,kalshi_candlesticks,0.01,0.01,0.01,0.01,0.01
KXHIGHNY-25FEB26-T56,2025-02-26,kalshi_candlesticks,0.13,0.15,0.21,0.17,0.23
KXHIGHNY-25FEB27-B52.5,2025-02-27,kalshi_candlesticks,0.01,0.07,0.06,0.03,0.12
KXHIGHNY-25FEB27-B54.5,2025-02-27,kalshi_candlesticks,0.15,0.2,0.34,0.39,0.65
KXHIGHNY-25FEB27-B56.5,2025-02-27,kalshi_candlesticks,0.4,0.51,0.53,0.64,0.39
KXHIGHNY-25FEB27-B58.5,2025-02-27,kalshi_candlesticks,0.3,0.2,0.07,0.03,0.06
KXHIGHNY-25FEB27-T52,2025-02-27,kalshi_candlesticks,0.01,0.01,0.01,0.01,0.01
KXHIGHNY-25FEB27-T59,2025-02-27,kalshi_candlesticks,0.12,0.08,0.03,0.01,0.01
KXHIGHNY-25FEB28-B44.5,2025-02-28,kalshi_candlesticks,0.01,0.01,0.01,0.01,0.01
KXHIGHNY-25FEB28-B46.5,2025-02-28,kalshi_candlesticks,0.17,0.02,0.02,0.01,0.01
KXHIGHNY-25FEB28-B48.5,2025-02-28,kalshi_candlesticks,0.4,0.2,0.25,0.23,0.09
KXHIGHNY-25FEB28-B50.5,2025-02-28,kalshi_candlesticks,0.36,0.39,0.59,0.61,0.81
KXHIGHNY-25FEB28-T44,2025-02-28,kalshi_candlesticks,,,,,
KXHIGHNY-25FEB28-T51,2025-02-28,kalshi_candlesticks,0.11,0.14,0.17,0.1,0.07
KXHIGHNY-25MAR01-B51.5,2025-03-01,kalshi_candlesticks,0.01,0.01,0.02,0.02,0.02
KXHIGHNY-25MAR01-B53.5,2025-03-01,kalshi_candlesticks,0.1,0.04,0.02,0.01,0.01
KXHIGHNY-25MAR01-B55.5,2025-03-01,kalshi_candlesticks,0.3,0.27,0.08,0.03,0.01
KXHIGHNY-25MAR01-B57.5,2025-03-01,kalshi_candlesticks,0.32,0.57,0.41,0.09,0.09
KXHIGHNY-25MAR01-T51,2025-03-01,kalshi_candlesticks,0.01,0.01,0.01,0.01,0.01
KXHIGHNY-25MAR01-T58,2025-03-01,kalshi_candlesticks,0.13,0.39,0.49,0.82,0.99
KXHIGHNY-25MAR02-B27.5,2025-03-02,kalshi_candlesticks,0.04,0.04,0.01,0.01,0.01
KXHIGHNY-25MAR02-B29.5,2025-03-02,kalshi_candlesticks,0.11,0.02,0.01,0.01,0.02
KXHIGHNY-25MAR02-B31.5,2025-03-02,kalshi_candlesticks,0.3,0.18,0.22,0.15,0.15
KXHIGHNY-25MAR02-B33.5,2025-03-02,kalshi_candlesticks,0.34,0.53,0.53,0.85,0.86
KXHIGHNY-25MAR02-T27,2025-03-02,kalshi_candlesticks,0.01,0.01,0.01,0.01,0.01
KXHIGHNY-25MAR02-T34,2025-03-02,kalshi_candlesticks,0.13,0.26,0.22,0.12,0.02
KXHIGHNY-25MAR03-B33.5,2025-03-03,kalshi_candlesticks,0.05,0.01,0.01,0.02,0.02
KXHIGHNY-25MAR03-B35.5,2025-03-03,kalshi_candlesticks,0.08,0.05,0.06,0.08,0.26
KXHIGHNY-25MAR03-B37.5,2025-03-03,kalshi_candlesticks,0.36,0.56,0.6,0.64,0.66
KXHIGHNY-25MAR03-B39.5,2025-03-03,kalshi_candlesticks,0.32,0.29,0.29,0.3,0.4
KXHIGHNY-25MAR03-T33,2025-03-03,kalshi_candlesticks,0.01,0.01,0.01,0.01,0.01
KXHIGHNY-25MAR03-T40,2025-03-03,kalshi_candlesticks,0.12,0.03,0.02,0.03,0.06
KXHIGHNY-25MAR04-B47.5,2025-03-04,kalshi_candlesticks,0.01,0.01,0.01,0.01,0.01
KXHIGHNY-25MAR04-B49.5,2025-03-04,kalshi_candlesticks,0.2,0.02,0.02,0.01,0.01
KXHIGHNY-25MAR04-B51.5,2025-03-04,kalshi_candlesticks,0.41,0.26,0.13,0.04,0.55
KXHIGHNY-25MAR04-B53.5,2025-03-04,kalshi_candlesticks,0.36,0.43,0.47,0.58,0.34
KXHIGHNY-25MAR04-T47,2025-03-04,kalshi_candlesticks,0.01,0.01,0.01,0.01,0.01
KXHIGHNY-25MAR04-T54,2025-03-04,kalshi_candlesticks,0.12,0.32,0.33,0.42,0.04
KXHIGHNY-25MAR05-B54.5,2025-03-05,kalshi_candlesticks,0.15,0.39,0.47,0.73,0.88
KXHIGHNY-25MAR05-B56.5,2025-03-05,kalshi_candlesticks,0.3,0.31,0.39,0.28,0.1
KXHIGHNY-25MAR05-B58.5,2025-03-05,kalshi_candlesticks,0.24,0.15,0.05,0.03,0.01
KXHIGHNY-25MAR05-B60.5,2025-03-05,kalshi_candlesticks,0.07,0.05,0.01,0.01,0.01
KXHIGHNY-25MAR05-T54,2025-03-05,kalshi_candlesticks,0.1,0.15,0.06,0.01,0.01
KXHIGHNY-25MAR05-T61,2025-03-05,kalshi_candlesticks,0.03,0.01,0.01,0.01,0.01
KXHIGHNY-25MAR06-B50.5,2025-03-06,kalshi_candlesticks,0.05,0.01,0.01,0.01,0.01
KXHIGHNY-25MAR06-B52.5,2025-03-06,kalshi_candlesticks,0.12,0.35,0.01,0.01,0.01
KXHIGHNY-25MAR06-B54.5,2025-03-06,kalshi_candlesticks,0.37,0.5,0.94,0.92,0.98
KXHIGHNY-25MAR06-B56.5,2025-03-06,kalshi_candlesticks,0.33,0.19,0.07,0.03,0.02
KXHIGHNY-25MAR06-T50,2025-03-06,kalshi_candlesticks,0.01,0.01,0.01,0.01,0.01
KXHIGHNY-25MAR06-T57,2025-03-06,kalshi_candlesticks,0.13,0.03,0.03,0.03,0.03
KXHIGHNY-25MAR07-B45.5,2025-03-07,kalshi_candlesticks,0.06,0.04,0.02,0.03,0.01
KXHIGHNY-25MAR07-B47.5,2025-03-07,kalshi_candlesticks,0.22,0.39,0.27,0.66,0.27
KXHIGHNY-25MAR07-B49.5,2025-03-07,kalshi_candlesticks,0.4,0.61,0.65,0.47,0.73
KXHIGHNY-25MAR07-B51.5,2025-03-07,kalshi_candlesticks,0.19,0.11,0.05,0.1,0.07
KXHIGHNY-25MAR07-T45,2025-03-07,kalshi_candlesticks,0.05,0.02,0.01,0.01,0.01
KXHIGHNY-25MAR07-T52,2025-03-07,kalshi_candlesticks,0.1,0.02,0.01,0.01,0.01
KXHIGHNY-25MAR08-B40.5,2025-03-08,kalshi_candlesticks,0.01,0.01,0.01,0.01,0.01
KXHIGHNY-25MAR08-B42.5,2025-03-08,kalshi_candlesticks,0.09,0.01,0.01,0.01,0.01
KXHIGHNY-25MAR08-B44.5,2025-03-08,kalshi_candlesticks,0.4,0.42,0.59,0.81,0.97
KXHIGHNY-25MAR08-B46.5,2025-03-08,kalshi_candlesticks,0.37,0.45,0.39,0.11,0.03
KXHIGHNY-25MAR08-T40,2025-03-08,kalshi_candlesticks,0.01,0.01,0.01,0.01,0.01
KXHIGHNY-25MAR08-T47,2025-03-08,kalshi_candlesticks,0.12,0.14,0.01,0.03,0.02
KXHIGHNY-25MAR09-B45.5,2025-03-09,kalshi_candlesticks,0.01,0.01,0.01,0.01,0.01
KXHIGHNY-25MAR09-B47.5,2025-03-09,kalshi_candlesticks,0.12,0.02,0.01,0.01,0.01
KXHIGHNY-25MAR09-B49.5,2025-03-09,kalshi_candlesticks,0.4,0.09,0.03,0.02,0.19
KXHIGHNY-25MAR09-B51.5,2025-03-09,kalshi_candlesticks,0.3,0.49,0.46,0.53,0.84
KXHIGHNY-25MAR09-T45,2025-03-09,kalshi_candlesticks,0.03,0.01,0.01,0.01,0.01
KXHIGHNY-25MAR09-T52,2025-03-09,kalshi_candlesticks,0.13,0.34,0.52,0.46,0.18
KXHIGHNY-25MAR10-B59.5,2025-03-10,kalshi_candlesticks,0.15,0.01,0.01,0.01,0.01
KXHIGHNY-25MAR10-B61.5,2025-03-10,kalshi_candlesticks,0.25,0.25,0.09,0.04,0.01
KXHIGHNY-25MAR10-B63.5,2025-03-10,kalshi_candlesticks,0.21,0.4,0.39,0.33,0.17
KXHIGHNY-25MAR10-B65.5,2025-03-10,kalshi_candlesticks,0.12,0.26,0.39,0.55,0.73
KXHIGHNY-25MAR10-T59,2025-03-10,kalshi_candlesticks,0.02,0.01,0.01,0.01,0.01
KXHIGHNY-25MAR10-T66,2025-03-10,kalshi_candlesticks,0.05,0.18,0.15,0.16,0.15
KXHIGHNY-25MAR11-B58.5,2025-03-11,kalshi_candlesticks,0.05,0.01,0.01,0.01,0.01
KXHIGHNY-25MAR11-B60.5,2025-03-11,kalshi_candlesticks,0.11,0.02,0.01,0.03,0.01
KXHIGHNY-25MAR11-B62.5,2025-03-11,kalshi_candlesticks,0.2,0.2,0.11,0.07,0.01
KXHIGHNY-25MAR11-B64.5,2025-03-11,kalshi_candlesticks,0.15,0.43,0.49,0.47,0.75
KXHIGHNY-25MAR11-T58,2025-03-11,kalshi_candlesticks,0.01,0.01,0.01,0.01,0.01
KXHIGHNY-25MAR11-T65,2025-03-11,kalshi_candlesticks,0.13,0.39,0.37,0.45,0.27
KXHIGHNY-25MAR12-B50.5,2025-03-12,kalshi_candlesticks,0.03,0.01,0.01,0.01,0.01
KXHIGHNY-25MAR12-B52.5,2025-03-12,kalshi_candlesticks,0.14,0.01,0.01,0.01,0.01
KXHIGHNY-25MAR12-B54.5,2025-03-12,kalshi_candlesticks,0.4,0.85,0.86,0.86,0.93
KXHIGHNY-25MAR12-B56.5,2025-03-12,kalshi_candlesticks,0.34,0.28,0.12,0.12,0.08
KXHIGHNY-25MAR12-T50,2025-03-12,kalshi_candlesticks,,,,,
KXHIGHNY-25MAR12-T57,2025-03-12,kalshi_candlesticks,0.07,0.05,0.01,0.01,0.01
KXHIGHNY-25MAR13-B44.5,2025-03-13,kalshi_candlesticks,0.05,0.01,0.01,0.01,0.01
KXHIGHNY-25MAR13-B46.5,2025-03-13,kalshi_candlesticks,0.14,0.11,0.01,0.01,0.01
KXHIGHNY-25MAR13-B48.5,2025-03-13,kalshi_candlesticks,0.39,0.61,0.21,0.1,0.62
KXHIGHNY-25MAR13-B50.5,2025-03-13,kalshi_candlesticks,0.34,0.34,0.58,0.83,0.37
KXHIGHNY-25MAR13-T44,2025-03-13,kalshi_candlesticks,0.01,0.01,0.01,0.01,0.01
KXHIGHNY-25MAR13-T51,2025-03-13,kalshi_candlesticks,0.12,0.1,0.19,0.11,0.09
KXHIGHNY-25MAR14-B50.5,2025-03-14,kalshi_candlesticks,0.09,0.01,0.01,0.01,0.01
KXHIGHNY-25MAR14-B52.5,2025-03-14,kalshi_candlesticks,0.09,0.05,0.02,0.03,0.01
KXHIGHNY-25MAR14-B54.5,2025-03-14,kalshi_candlesticks,0.4,0.34,0.38,0.44,0.01
KXHIGHNY-25MAR14-B56.5,2025-03-14,kalshi_candlesticks,0.34,0.47,0.52,0.51,0.59
KXHIGHNY-25MAR14-T50,2025-03-14,kalshi_candlesticks,0.01,0.01,0.01,0.01,0.01
KXHIGHNY-25MAR14-T57,2025-03-14,kalshi_candlesticks,0.24,0.27,0.17,0.12,0.52
KXHIGHNY-25MAR15-B56.5,2025-03-15,kalshi_candlesticks,0.11,0.05,0.03,0.03,0.04
KXHIGHNY-25MAR15-B58.5,2025-03-15,kalshi_candlesticks,0.21,0.02,0.03,0.01,0.01
KXHIGHNY-25MAR15-B60.5,2025-03-15,kalshi_candlesticks,0.1,0.04,0.04,0.04,0.04
KXHIGHNY-25MAR15-B62.5,2025-03-15,kalshi_candlesticks,,,,,
KXHIGHNY-25MAR15-T56,2025-03-15,kalshi_candlesticks,0.01,0.91,0.92,0.96,0.97
KXHIGHNY-25MAR15-T63,2025-03-15,kalshi_candlesticks,,,,,
KXHIGHNY-25MAR16-B59.5,2025-03-16,kalshi_candlesticks,0.11,0.18,0.13,0.36,0.19
KXHIGHNY-25MAR16-B61.5,2025-03-16,kalshi_candlesticks,0.4,0.44,0.51,0.53,0.56
KXHIGHNY-25MAR16-B63.5,2025-03-16,kalshi_candlesticks,0.3,0.3,0.27,0.13,0.1
KXHIGHNY-25MAR16-B65.5,2025-03-16,kalshi_candlesticks,0.12,0.13,0.11,0.02,0.02
KXHIGHNY-25MAR16-T59,2025-03-16,kalshi_candlesticks,0.05,0.03,0.01,0.02,0.02
KXHIGHNY-25MAR16-T66,2025-03-16,kalshi_candlesticks,0.05,0.04,0.03,0.02,0.01
KXHIGHNY-25MAR17-B57.5,2025-03-17,kalshi_candlesticks,0.35,0.36,0.48,0.47,0.66
KXHIGHNY-25MAR17-B59.5,2025-03-17,kalshi_candlesticks,0.4,0.75,0.44,0.64,0.34
KXHIGHNY-25MAR17-B61.5,2025-03-17,kalshi_candlesticks,0.32,0.06,0.04,0.05,0.01
KXHIGHNY-25MAR17-B63.5,2025-03-17,kalshi_candlesticks,0.05,0.01,0.01,0.01,0.01
KXHIGHNY-25MAR17-T57,2025-03-17,kalshi_candlesticks,0.04,0.01,0.01,0.01,0.01
KXHIGHNY-25MAR17-T64,2025-03-17,kalshi_candlesticks,0.02,0.01,0.01,0.01,0.01
KXHIGHNY-25MAR18-B58.5,2025-03-18,kalshi_candlesticks,0.21,0.36,0.45,0.51,0.6
KXHIGHNY-25MAR18-B60.5,2025-03-18,kalshi_candlesticks,0.4,0.39,0.31,0.3,0.28
KXHIGHNY-25MAR18-B62.5,2025-03-18,kalshi_candlesticks,0.35,0.16,0.09,0.06,0.02
KXHIGHNY-25MAR18-B64.5,2025-03-18,kalshi_candlesticks,0.05,0.03,0.02,0.01,0.01
KXHIGHNY-25MAR18-T58,2025-03-18,kalshi_candlesticks,0.03,0.17,0.11,0.08,0.09
KXHIGHNY-25MAR18-T65,2025-03-18,kalshi_candlesticks,0.05,0.02,0.02,0.02,0.02
KXHIGHNY-25MAR19-B58.5,2025-03-19,kalshi_candlesticks,0.1,0.05,0.02,0.01,0.01
KXHIGHNY-25MAR19-B60.5,2025-03-19,kalshi_candlesticks,0.27,0.45,0.39,0.2,0.01
KXHIGHNY-25MAR19-B62.5,2025-03-19,kalshi_candlesticks,0.34,0.45,0.57,0.61,0.62
KXHIGHNY-25MAR19-B64.5,2025-03-19,kalshi_candlesticks,0.13,0.11,0.07,0.13,0.34
KXHIGHNY-25MAR19-T58,2025-03-19,kalshi_candlesticks,0.05,0.03,0.01,0.01,0.01
KXHIGHNY-25MAR19-T65,2025-03-19,kalshi_candlesticks,0.04,0.04,0.04,0.03,0.07
KXHIGHNY-25MAR20-B52.5,2025-03-20,kalshi_candlesticks,0.37,0.41,0.52,0.36,0.12
KXHIGHNY-25MAR20-B54.5,2025-03-20,kalshi_candlesticks,0.4,0.37,0.2,0.02,0.01
KXHIGHNY-25MAR20-B56.5,2025-03-20,kalshi_candlesticks,0.2,0.08,0.04,0.01,0.01
KXHIGHNY-25MAR20-B58.5,2025-03-20,kalshi_candlesticks,0.05,0.01,0.01,0.01,0.01
KXHIGHNY-25MAR20-T52,2025-03-20,kalshi_candlesticks,0.09,0.24,0.26,0.65,0.78
KXHIGHNY-25MAR20-T59,2025-03-20,kalshi_candlesticks,0.05,0.01,0.01,0.01,0.01
KXHIGHNY-25MAR21-B49.5,2025-03-21,kalshi_candlesticks,0.1,0.14,0.24,0.2,0.31
KXHIGHNY-25MAR21-B51.5,2025-03-21,kalshi_candlesticks,0.39,0.46,0.47,0.68,0.64
KXHIGHNY-25MAR21-B53.5,2025-03-21,kalshi_candlesticks,0.34,0.36,0.18,0.15,0.09
KXHIGHNY-25MAR21-B55.5,2025-03-21,kalshi_candlesticks,0.12,0.06,0.03,0.1,0.01
KXHIGHNY-25MAR21-T49,2025-03-21,kalshi_candlesticks,0.03,0.01,0.01,0.01,0.01
KXHIGHNY-25MAR21-T56,2025-03-21,kalshi_candlesticks,0.01,0.01,0.01,0.02,0.02
KXHIGHNY-25MAR22-B57.5,2025-03-22,kalshi_candlesticks,0.21,0.22,0.08,0.01,0.01
KXHIGHNY-25MAR22-B59.5,2025-03-22,kalshi_candlesticks,0.4,0.32,0.37,0.05,0.01
KXHIGHNY-25MAR22-B61.5,2025-03-22,kalshi_candlesticks,0.27,0.35,0.44,0.36,0.01
KXHIGHNY-25MAR22-B63.5,2025-03-22,kalshi_candlesticks,0.05,0.16,0.13,0.6,0.88
KXHIGHNY-25MAR22-T57,2025-03-22,kalshi_candlesticks,0.07,0.02,0.01,0.01,0.01
KXHIGHNY-25MAR22-T64,2025-03-22,kalshi_candlesticks,0.02,0.02,0.02,0.15,0.14
KXHIGHNY-25MAR23-B47.5,2025-03-23,kalshi_candlesticks,0.25,0.16,0.12,0.67,0.62
KXHIGHNY-25MAR23-B49.5,2025-03-23,kalshi_candlesticks,0.4,0.48,0.54,0.47,0.25
KXHIGHNY-25MAR23-B51.5,2025-03-23,kalshi_candlesticks,0.35,0.31,0.37,0.03,0.03
KXHIGHNY-25MAR23-B53.5,2025-03-23,kalshi_candlesticks,0.04,0.04,0.03,0.03,0.03
KXHIGHNY-25MAR23-T47,2025-03-23,kalshi_candlesticks,0.09,0.04,0.02,0.01,0.09
KXHIGHNY-25MAR23-T54,2025-03-23,kalshi_candlesticks,0.01,0.01,0.01,0.01,0.01
KXHIGHNY-25MAR24-B54.5,2025-03-24,kalshi_candlesticks,0.31,0.41,0.28,0.13,0.12
KXHIGHNY-25MAR24-B56.5,2025-03-24,kalshi_candlesticks,0.61,0.06,0.05,0.03,0.01
KXHIGHNY-25MAR24-B58.5,2025-03-24,kalshi_candlesticks,0.07,0.01,0.01,0.01,0.01
KXHIGHNY-25MAR24-B60.5,2025-03-24,kalshi_candlesticks,0.01,0.01,0.01,0.01,0.01
KXHIGHNY-25MAR24-T54,2025-03-24,kalshi_candlesticks,0.15,0.32,0.64,0.86,0.85
KXHIGHNY-25MAR24-T61,2025-03-24,kalshi_candlesticks,0.05,0.05,0.05,0.05,0.05
KXHIGHNY-25MAR25-B55.5,2025-03-25,kalshi_candlesticks,0.22,0.18,0.27,0.15,0.02
KXHIGHNY-25MAR25-B57.5,2025-03-25,kalshi_candlesticks,0.4,0.48,0.55,0.73,0.83
KXHIGHNY-25MAR25-B59.5,2025-03-25,kalshi_candlesticks,0.23,0.25,0.2,0.15,0.15
KXHIGHNY-25MAR25-B61.5,2025-03-25,kalshi_candlesticks,0.05,0.04,0.04,0.02,0.02
KXHIGHNY-25MAR25-T55,2025-03-25,kalshi_candlesticks,0.07,0.12,0.03,0.01,0.01
KXHIGHNY-25MAR25-T62,2025-03-25,kalshi_candlesticks,0.04,0.01,0.01,0.01,0.01
KXHIGHNY-25MAR26-B50.5,2025-03-26,kalshi_candlesticks,0.31,0.52,0.75,0.9,0.01
KXHIGHNY-25MAR26-B52.5,2025-03-26,kalshi_candlesticks,0.4,0.36,0.23,0.11,0.97
KXHIGHNY-25MAR26-B54.5,2025-03-26,kalshi_candlesticks,0.18,0.05,0.02,0.01,0.02
KXHIGHNY-25MAR26-B56.5,2025-03-26,kalshi_candlesticks,0.06,0.01,0.01,0.01,0.02
KXHIGHNY-25MAR26-T50,2025-03-26,kalshi_candlesticks,0.11,0.01,0.01,0.01,0.01
KXHIGHNY-25MAR26-T57,2025-03-26,kalshi_candlesticks,0.05,0.01,0.01,0.01,0.01
KXHIGHNY-25MAR27-B50.5,2025-03-27,kalshi_candlesticks,0.18,0.4,0.29,0.39,0.29
KXHIGHNY-25MAR27-B52.5,2025-03-27,kalshi_candlesticks,0.4,0.35,0.58,0.55,0.72
KXHIGHNY-25MAR27-B54.5,2025-03-27,kalshi_candlesticks,0.27,0.26,0.17,0.08,0.02
KXHIGHNY-25MAR27-B56.5,2025-03-27,kalshi_candlesticks,0.03,0.02,0.01,0.01,0.01
KXHIGHNY-25MAR27-T50,2025-03-27,kalshi_candlesticks,0.07,0.04,0.02,0.03,0.01
KXHIGHNY-25MAR27-T57,2025-03-27,kalshi_candlesticks,0.02,0.02,0.02,0.02,0.02
KXHIGHNY-25MAR28-B59.5,2025-03-28,kalshi_candlesticks,0.22,0.11,0.03,0.01,0.01
KXHIGHNY-25MAR28-B61.5,2025-03-28,kalshi_candlesticks,0.4,0.34,0.09,0.07,0.18
KXHIGHNY-25MAR28-B63.5,2025-03-28,kalshi_candlesticks,0.17,0.43,0.43,0.48,0.82
KXHIGHNY-25MAR28-B65.5,2025-03-28,kalshi_candlesticks,0.06,0.27,0.4,0.35,0.1
KXHIGHNY-25MAR28-T59,2025-03-28,kalshi_candlesticks,0.11,0.02,0.01,0.01,0.01
KXHIGHNY-25MAR28-T66,2025-03-28,kalshi_candlesticks,0.05,0.08,0.11,0.09,0.02
KXHIGHNY-25MAR29-B77.5,2025-03-29,kalshi_candlesticks,0.21,0.1,0.08,0.04,0.01
KXHIGHNY-25MAR29-B79.5,2025-03-29,kalshi_candlesticks,0.3,0.38,0.32,0.23,0.01
KXHIGHNY-25MAR29-B81.5,2025-03-29,kalshi_candlesticks,0.34,0.38,0.47,0.59,0.71
KXHIGHNY-25MAR29-B83.5,2025-03-29,kalshi_candlesticks,0.17,0.13,0.15,0.18,0.17
KXHIGHNY-25MAR29-T77,2025-03-29,kalshi_candlesticks,0.06,0.01,0.03,0.01,0.01
KXHIGHNY-25MAR29-T84,2025-03-29,kalshi_candlesticks,0.03,0.04,0.04,0.02,0.04
KXHIGHNY-25MAR30-B53.5,2025-03-30,kalshi_candlesticks,0.21,0.42,0.58,0.3,0.26
KXHIGHNY-25MAR30-B55.5,2025-03-30,kalshi_candlesticks,0.23,0.29,0.17,0.01,0.01
KXHIGHNY-25MAR30-B57.5,2025-03-30,kalshi_candlesticks,0.29,0.05,0.02,0.01,0.01
KXHIGHNY-25MAR30-B59.5,2025-03-30,kalshi_candlesticks,0.01,0.08,0.01,0.01,0.01
KXHIGHNY-25MAR30-T53,2025-03-30,kalshi_candlesticks,0.15,0.28,0.32,0.62,0.77
KXHIGHNY-25MAR30-T60,2025-03-30,kalshi_candlesticks,0.01,0.02,0.01,0.01,0.01
KXHIGHNY-25MAR31-B67.5,2025-03-31,kalshi_candlesticks,0.29,0.14,0.03,0.15,0.01
KXHIGHNY-25MAR31-B69.5,2025-03-31,kalshi_candlesticks,0.38,0.3,0.22,0.41,0.01
KXHIGHNY-25MAR31-B71.5,2025-03-31,kalshi_candlesticks,0.16,0.29,0.42,0.32,0.36
KXHIGHNY-25MAR31-B73.5,2025-03-31,kalshi_candlesticks,0.08,0.11,0.21,0.09,0.47
KXHIGHNY-25MAR31-T67,2025-03-31,kalshi_candlesticks,0.06,0.08,0.02,0.04,0.01
KXHIGHNY-25MAR31-T74,2025-03-31,kalshi_candlesticks,0.06,0.09,0.18,0.07,0.21
KXHIGHNY-25APR01-B57.5,2025-04-01,kalshi_candlesticks,0.12,0.58,0.74,0.72,0.78
KXHIGHNY-25APR01-B59.5,2025-04-01,kalshi_candlesticks,0.44,0.37,0.28,0.16,0.17
KXHIGHNY-25APR01-B61.5,2025-04-01,kalshi_candlesticks,0.34,0.02,0.01,0.01,0.01
KXHIGHNY-25APR01-B63.5,2025-04-01,kalshi_candlesticks,0.13,0.02,0.01,0.01,0.01
KXHIGHNY-25APR01-T57,2025-04-01,kalshi_candlesticks,0.06,0.01,0.01,0.01,0.01
KXHIGHNY-25APR01-T64,2025-04-01,kalshi_candlesticks,0.05,0.01,0.01,0.01,0.01
KXHIGHNY-25APR02-B46.5,2025-04-02,kalshi_candlesticks,0.28,0.2,0.11,0.02,0.01
KXHIGHNY-25APR02-B48.5,2025-04-02,kalshi_candlesticks,0.46,0.49,0.49,0.41,0.84
KXHIGHNY-25APR02-B50.5,2025-04-02,kalshi_candlesticks,0.32,0.34,0.34,0.42,0.15
KXHIGHNY-25APR02-B52.5,2025-04-02,kalshi_candlesticks,0.04,0.06,0.07,0.07,0.02
KXHIGHNY-25APR02-T46,2025-04-02,kalshi_candlesticks,0.05,0.04,0.02,0.01,0.01
KXHIGHNY-25APR02-T53,2025-04-02,kalshi_candlesticks,0.05,0.05,0.03,0.05,0.01
KXHIGHNY-25APR03-B68.5,2025-04-03,kalshi_candlesticks,0.29,0.23,0.35,0.28,0.49
KXHIGHNY-25APR03-B70.5,2025-04-03,kalshi_candlesticks,0.43,0.4,0.38,0.46,0.5
KXHIGHNY-25APR03-B72.5,2025-04-03,kalshi_candlesticks,0.33,0.24,0.19,0.17,0.18
KXHIGHNY-25APR03-B74.5,2025-04-03,kalshi_candlesticks,0.07,0.09,0.06,0.04,0.04
KXHIGHNY-25APR03-T68,2025-04-03,kalshi_candlesticks,0.02,0.06,0.06,0.08,0.06
KXHIGHNY-25APR03-T75,2025-04-03,kalshi_candlesticks,0.05,0.05,0.04,0.01,0.01
KXHIGHNY-25APR04-B63.5,2025-04-04,kalshi_candlesticks,0.11,0.01,0.01,0.01,0.01
KXHIGHNY-25APR04-B65.5,2025-04-04,kalshi_candlesticks,0.23,0.01,0.01,0.01,0.01
KXHIGHNY-25APR04-B67.5,2025-04-04,kalshi_candlesticks,0.34,0.01,0.01,0.01,0.01
KXHIGHNY-25APR04-B69.5,2025-04-04,kalshi_candlesticks,0.13,0.01,0.01,0.01,0.01
KXHIGHNY-25APR04-T63,2025-04-04,kalshi_candlesticks,0.01,0.01,0.01,0.01,0.01
KXHIGHNY-25APR04-T70,2025-04-04,kalshi_candlesticks,0.01,0.99,0.99,0.99,0.99
KXHIGHNY-25APR05-B53.5,2025-04-05,kalshi_candlesticks,0.17,0.01,0.01,0.01,0.01
KXHIGHNY-25APR05-B55.5,2025-04-05,kalshi_candlesticks,0.46,0.01,0.01,0.01,0.01
KXHIGHNY-25APR05-B57.5,2025-04-05,kalshi_candlesticks,0.31,0.01,0.01,0.01,0.01
KXHIGHNY-25APR05-B59.5,2025-04-05,kalshi_candlesticks,0.12,0.96,0.98,0.98,0.99
KXHIGHNY-25APR05-T53,2025-04-05,kalshi_candlesticks,0.15,0.01,0.01,0.01,0.01
KXHIGHNY-25APR05-T60,2025-04-05,kalshi_candlesticks,0.04,0.06,0.05,0.04,0.06
KXHIGHNY-25APR06-B53.5,2025-04-06,kalshi_candlesticks,0.1,0.37,0.32,0.42,0.33
KXHIGHNY-25APR06-B55.5,2025-04-06,kalshi_candlesticks,0.36,0.36,0.41,0.48,0.54
KXHIGHNY-25APR06-B57.5,2025-04-06,kalshi_candlesticks,0.32,0.16,0.1,0.12,0.08
KXHIGHNY-25APR06-B59.5,2025-04-06,kalshi_candlesticks,0.12,0.02,0.03,0.03,0.05
KXHIGHNY-25APR06-T53,2025-04-06,kalshi_candlesticks,0.05,0.14,0.2,0.07,0.01
KXHIGHNY-25APR06-T60,2025-04-06,kalshi_candlesticks,0.1,0.01,0.03,0.03,0.01
KXHIGHNY-25APR07-B46.5,2025-04-07,kalshi_candlesticks,0.21,0.01,0.01,0.01,0.01
KXHIGHNY-25APR07-B48.5,2025-04-07,kalshi_candlesticks,0.38,0.04,0.01,0.01,0.01
KXHIGHNY-25APR07-B50.5,2025-04-07,kalshi_candlesticks,0.15,0.91,0.98,0.98,0.99
KXHIGHNY-25APR07-B52.5,2025-04-07,kalshi_candlesticks,0.05,0.01,0.01,0.01,0.01
KXHIGHNY-25APR07-T46,2025-04-07,kalshi_candlesticks,0.09,0.01,0.01,0.01,0.01
KXHIGHNY-25APR07-T53,2025-04-07,kalshi_candlesticks,0.05,0.03,0.03,0.03,0.03
KXHIGHNY-25APR08-B46.5,2025-04-08,kalshi_candlesticks,0.35,0.23,0.27,0.36,0.25
KXHIGHNY-25APR08-B48.5,2025-04-08,kalshi_candlesticks,0.46,0.04,0.03,0.02,0.02
KXHIGHNY-25APR08-B50.5,2025-04-08,kalshi_candlesticks,0.02,0.01,0.01,0.01,0.01
KXHIGHNY-25APR08-B52.5,2025-04-08,kalshi_candlesticks,0.03,0.01,0.01,0.01,0.01
KXHIGHNY-25APR08-T46,2025-04-08,kalshi_candlesticks,0.16,0.69,0.71,0.66,0.82
KXHIGHNY-25APR08-T53,2025-04-08,kalshi_candlesticks,0.01,0.01,0.01,0.01,0.01
KXHIGHNY-25APR09-B47.5,2025-04-09,kalshi_candlesticks,0.17,0.27,0.24,0.19,0.54
KXHIGHNY-25APR09-B49.5,2025-04-09,kalshi_candlesticks,0.23,0.46,0.52,0.65,0.49
KXHIGHNY-25APR09-B51.5,2025-04-09,kalshi_candlesticks,0.35,0.07,0.18,0.11,0.02
KXHIGHNY-25APR09-B53.5,2025-04-09,kalshi_candlesticks,0.01,0.06,0.01,0.01,0.01
KXHIGHNY-25APR09-T47,2025-04-09,kalshi_candlesticks,0.16,0.02,0.01,0.02,0.01
KXHIGHNY-25APR09-T54,2025-04-09,kalshi_candlesticks,0.01,0.04,0.01,0.01,0.01
KXHIGHNY-25APR10-B49.5,2025-04-10,kalshi_candlesticks,0.31,0.21,0.34,0.25,0.01
KXHIGHNY-25APR10-B51.5,2025-04-10,kalshi_candlesticks,0.52,0.49,0.56,0.68,0.94
KXHIGHNY-25APR10-B53.5,2025-04-10,kalshi_candlesticks,0.17,0.14,0.19,0.1,0.01
KXHIGHNY-25APR10-B55.5,2025-04-10,kalshi_candlesticks,0.06,0.07,0.02,0.02,0.03
KXHIGHNY-25APR10-T49,2025-04-10,kalshi_candlesticks,0.1,0.06,0.04,0.04,0.01
KXHIGHNY-25APR10-T56,2025-04-10,kalshi_candlesticks,0.01,0.05,0.05,0.05,0.05
KXHIGHNY-25APR11-B48.5,2025-04-11,kalshi_candlesticks,0.44,0.45,0.5,0.34,0.25
KXHIGHNY-25APR11-B50.5,2025-04-11,kalshi_candlesticks,0.24,0.25,0.17,0.02,0.03
KXHIGHNY-25APR11-B52.5,2025-04-11,kalshi_candlesticks,0.09,0.02,0.02,0.01,0.01
KXHIGHNY-25APR11-B54.5,2025-04-11,kalshi_candlesticks,0.04,0.01,0.01,0.01,0.01
KXHIGHNY-25APR11-T48,2025-04-11,kalshi_candlesticks,0.17,0.22,0.21,0.5,0.78
KXHIGHNY-25APR11-T55,2025-04-11,kalshi_candlesticks,0.01,0.01,0.01,0.01,0.01
KXHIGHNY-25APR12-B41.5,2025-04-12,kalshi_candlesticks,0.21,0.46,0.48,0.55,0.77
KXHIGHNY-25APR12-B43.5,2025-04-12,kalshi_candlesticks,0.44,0.31,0.23,0.19,0.05
KXHIGHNY-25APR12-B45.5,2025-04-12,kalshi_candlesticks,0.22,0.02,0.02,0.01,0.03
KXHIGHNY-25APR12-B47.5,2025-04-12,kalshi_candlesticks,0.04,0.03,0.03,0.02,0.01
KXHIGHNY-25APR12-T41,2025-04-12,kalshi_candlesticks,0.06,0.24,0.29,0.24,0.26
KXHIGHNY-25APR12-T48,2025-04-12,kalshi_candlesticks,0.05,0.03,0.03,0.03,0.03
KXHIGHNY-25APR13-B53.5,2025-04-13,kalshi_candlesticks,0.09,0.23,0.24,0.32,0.01
KXHIGHNY-25APR13-B55.5,2025-04-13,kalshi_candlesticks,0.21,0.27,0.39,0.54,0.01
KXHIGHNY-25APR13-B57.5,2025-04-13,kalshi_candlesticks,0.33,0.28,0.27,0.11,0.94
KXHIGHNY-25APR13-B59.5,2025-04-13,kalshi_candlesticks,0.13,0.08,0.03,0.03,0.05
KXHIGHNY-25APR13-T53,2025-04-13,kalshi_candlesticks,0.05,0.14,0.11,0.04,0.04
KXHIGHNY-25APR13-T60,2025-04-13,kalshi_candlesticks,0.01,0.01,0.01,0.01,0.06
KXHIGHNY-25APR14-B61.5,2025-04-14,kalshi_candlesticks,0.06,0.07,0.03,0.15,0.02
KXHIGHNY-25APR14-B63.5,2025-04-14,kalshi_candlesticks,0.46,0.24,0.44,0.72,0.63
KXHIGHNY-25APR14-B65.5,2025-04-14,kalshi_candlesticks,0.34,0.46,0.54,0.18,0.32
KXHIGHNY-25APR14-B67.5,2025-04-14,kalshi_candlesticks,0.13,0.05,0.04,0.01,0.01
KXHIGHNY-25APR14-T61,2025-04-14,kalshi_candlesticks,0.04,0.02,0.01,0.02,0.02
KXHIGHNY-25APR14-T68,2025-04-14,kalshi_candlesticks,0.08,0.04,0.02,0.02,0.02
KXHIGHNY-25APR15-B62.5,2025-04-15,kalshi_candlesticks,0.13,0.04,0.01,0.01,0.01
KXHIGHNY-25APR15-B64.5,2025-04-15,kalshi_candlesticks,0.46,0.23,0.18,0.07,0.01
KXHIGHNY-25APR15-B66.5,2025-04-15,kalshi_candlesticks,0.36,0.46,0.67,0.78,0.01
KXHIGHNY-25APR15-B68.5,2025-04-15,kalshi_candlesticks,0.16,0.22,0.24,0.12,0.29
KXHIGHNY-25APR15-T62,2025-04-15,kalshi_candlesticks,0.01,0.02,0.02,0.02,0.02
KXHIGHNY-25APR15-T69,2025-04-15,kalshi_candlesticks,0.07,0.1,0.04,0.01,0.73
KXHIGHNY-25APR16-B49.5,2025-04-16,kalshi_candlesticks,0.12,0.25,0.19,0.16,0.22
KXHIGHNY-25APR16-B51.5,2025-04-16,kalshi_candlesticks,0.33,0.38,0.53,0.56,0.74
KXHIGHNY-25APR16-B53.5,2025-04-16,kalshi_candlesticks,0.4,0.36,0.29,0.31,0.04
KXHIGHNY-25APR16-B55.5,2025-04-16,kalshi_candlesticks,0.12,0.03,0.04,0.04,0.04
KXHIGHNY-25APR16-T49,2025-04-16,kalshi_candlesticks,0.04,0.05,0.02,0.01,0.01
KXHIGHNY-25APR16-T56,2025-04-16,kalshi_candlesticks,0.06,0.01,0.01,0.01,0.01
KXHIGHNY-25APR17-B60.5,2025-04-17,kalshi_candlesticks,0.23,0.26,0.27,0.36,0.35
KXHIGHNY-25APR17-B62.5,2025-04-17,kalshi_candlesticks,0.46,0.42,0.53,0.52,0.55
KXHIGHNY-25APR17-B64.5,2025-04-17,kalshi_candlesticks,0.26,0.25,0.13,0.05,0.08
KXHIGHNY-25APR17-B66.5,2025-04-17,kalshi_candlesticks,0.09,0.06,0.08,0.02,0.06
KXHIGHNY-25APR17-T60,2025-04-17,kalshi_candlesticks,0.1,0.04,0.04,0.04,0.02
KXHIGHNY-25APR17-T67,2025-04-17,kalshi_candlesticks,0.02,0.03,0.03,0.05,0.01
KXHIGHNY-25APR18-B62.5,2025-04-18,kalshi_candlesticks,0.1,0.04,0.01,0.01,0.01
KXHIGHNY-25APR18-B64.5,2025-04-18,kalshi_candlesticks,0.31,0.18,0.08,0.01,0.01
KXHIGHNY-25APR18-B66.5,2025-04-18,kalshi_candlesticks,0.33,0.33,0.42,0.38,0.01
KXHIGHNY-25APR18-B68.5,2025-04-18,kalshi_candlesticks,0.12,0.23,0.39,0.3,0.73
KXHIGHNY-25APR18-T62,2025-04-18,kalshi_candlesticks,0.02,0.02,0.01,0.01,0.01
KXHIGHNY-25APR18-T69,2025-04-18,kalshi_candlesticks,0.09,0.11,0.15,0.24,0.25
KXHIGHNY-25APR19-B79.5,2025-04-19,kalshi_candlesticks,0.17,0.02,0.04,0.05,0.01
KXHIGHNY-25APR19-B81.5,2025-04-19,kalshi_candlesticks,0.35,0.08,0.11,0.15,0.16
KXHIGHNY-25APR19-B83.5,2025-04-19,kalshi_candlesticks,0.32,0.29,0.37,0.63,0.64
KXHIGHNY-25APR19-B85.5,2025-04-19,kalshi_candlesticks,0.13,0.33,0.29,0.22,0.22
KXHIGHNY-25APR19-T79,2025-04-19,kalshi_candlesticks,0.06,0.01,0.03,0.01,0.01
KXHIGHNY-25APR19-T86,2025-04-19,kalshi_candlesticks,0.05,0.29,0.24,0.05,0.05
KXHIGHNY-25APR20-B68.5,2025-04-20,kalshi_candlesticks,0.17,0.01,0.01,0.01,0.01
KXHIGHNY-25APR20-B70.5,2025-04-20,kalshi_candlesticks,0.4,0.01,0.01,0.01,0.01
KXHIGHNY-25APR20-B72.5,2025-04-20,kalshi_candlesticks,0.32,0.86,0.85,0.88,0.9
KXHIGHNY-25APR20-B74.5,2025-04-20,kalshi_candlesticks,0.09,0.13,0.1,0.15,0.1
KXHIGHNY-25APR20-T68,2025-04-20,kalshi_candlesticks,0.05,0.01,0.01,0.01,0.01
KXHIGHNY-25APR20-T75,2025-04-20,kalshi_candlesticks,0.05,0.04,0.04,0.04,0.04
KXHIGHNY-25APR21-B54.5,2025-04-21,kalshi_candlesticks,0.21,0.06,0.02,0.01,0.01
KXHIGHNY-25APR21-B56.5,2025-04-21,kalshi_candlesticks,0.32,0.32,0.25,0.11,0.64
KXHIGHNY-25APR21-B58.5,2025-04-21,kalshi_candlesticks,0.34,0.44,0.49,0.6,0.36
KXHIGHNY-25APR21-B60.5,2025-04-21,kalshi_candlesticks,0.1,0.24,0.23,0.27,0.02
KXHIGHNY-25APR21-T54,2025-04-21,kalshi_candlesticks,0.04,0.02,0.01,0.01,0.01
KXHIGHNY-25APR21-T61,2025-04-21,kalshi_candlesticks,0.06,0.04,0.11,0.12,0.01
KXHIGHNY-25APR22-B74.5,2025-04-22,kalshi_candlesticks,0.11,0.05,0.03,0.01,0.01
KXHIGHNY-25APR22-B76.5,2025-04-22,kalshi_candlesticks,0.28,0.24,0.2,0.12,0.01
KXHIGHNY-25APR22-B78.5,2025-04-22,kalshi_candlesticks,0.34,0.47,0.49,0.6,0.48
KXHIGHNY-25APR22-B80.5,2025-04-22,kalshi_candlesticks,0.13,0.21,0.31,0.29,0.47
KXHIGHNY-25APR22-T74,2025-04-22,kalshi_candlesticks,0.06,0.02,0.02,0.01,0.01
KXHIGHNY-25APR22-T81,2025-04-22,kalshi_candlesticks,0.08,0.04,0.04,0.05,0.05
KXHIGHNY-25APR23-B70.5,2025-04-23,kalshi_candlesticks,0.17,0.02,0.01,0.01,0.01
KXHIGHNY-25APR23-B72.5,2025-04-23,kalshi_candlesticks,0.35,0.18,0.06,0.03,0.03
KXHIGHNY-25APR23-B74.5,2025-04-23,kalshi_candlesticks,0.32,0.39,0.39,0.24,0.45
KXHIGHNY-25APR23-B76.5,2025-04-23,kalshi_candlesticks,0.12,0.32,0.39,0.49,0.26
KXHIGHNY-25APR23-T70,2025-04-23,kalshi_candlesticks,0.07,0.02,0.02,0.02,0.02
KXHIGHNY-25APR23-T77,2025-04-23,kalshi_candlesticks,0.05,0.17,0.2,0.23,0.13
KXHIGHNY-25APR24-B68.5,2025-04-24,kalshi_candlesticks,0.12,0.01,0.01,0.01,0.01
KXHIGHNY-25APR24-B70.5,2025-04-24,kalshi_candlesticks,0.05,0.02,0.01,0.01,0.01
KXHIGHNY-25APR24-B72.5,2025-04-24,kalshi_candlesticks,0.34,0.14,0.02,0.02,0.02
KXHIGHNY-25APR24-B74.5,2025-04-24,kalshi_candlesticks,0.13,0.39,0.18,0.13,0.01
KXHIGHNY-25APR24-T68,2025-04-24,kalshi_candlesticks,0.02,0.01,0.01,0.01,0.01
KXHIGHNY-25APR24-T75,2025-04-24,kalshi_candlesticks,0.09,0.5,0.82,0.8,0.99
KXHIGHNY-25APR25-B73.5,2025-04-25,kalshi_candlesticks,0.13,0.01,0.14,0.08,0.01
KXHIGHNY-25APR25-B75.5,2025-04-25,kalshi_candlesticks,0.29,0.33,0.43,0.37,0.01
KXHIGHNY-25APR25-B77.5,2025-04-25,kalshi_candlesticks,0.33,0.3,0.3,0.43,0.88
KXHIGHNY-25APR25-B79.5,2025-04-25,kalshi_candlesticks,0.12,0.21,0.15,0.14,0.1
KXHIGHNY-25APR25-T73,2025-04-25,kalshi_candlesticks,0.04,0.01,0.01,0.01,0.01
KXHIGHNY-25APR25-T80,2025-04-25,kalshi_candlesticks,0.01,0.04,0.04,0.03,0.05
KXHIGHNY-25APR26-B69.5,2025-04-26,kalshi_candlesticks,0.11,0.13,0.06,0.07,0.01
KXHIGHNY-25APR26-B71.5,2025-04-26,kalshi_candlesticks,0.25,0.38,0.42,0.52,0.86
KXHIGHNY-25APR26-B73.5,2025-04-26,kalshi_candlesticks,0.7,0.34,0.32,0.37,0.11
KXHIGHNY-25APR26-B75.5,2025-04-26,kalshi_candlesticks,0.12,0.12,0.06,0.07,0.03
KXHIGHNY-25APR26-T69,2025-04-26,kalshi_candlesticks,0.01,0.05,0.04,0.04,0.04
KXHIGHNY-25APR26-T76,2025-04-26,kalshi_candlesticks,0.04,0.03,0.04,0.02,0.02
KXHIGHNY-25APR27-B56.5,2025-04-27,kalshi_candlesticks,0.11,0.07,0.07,0.01,0.01
KXHIGHNY-25APR27-B58.5,2025-04-27,kalshi_candlesticks,0.46,0.27,0.33,0.33,0.48
KXHIGHNY-25APR27-B60.5,2025-04-27,kalshi_candlesticks,0.35,0.4,0.44,0.46,0.48
KXHIGHNY-25APR27-B62.5,2025-04-27,kalshi_candlesticks,0.13,0.22,0.19,0.18,0.05
KXHIGHNY-25APR27-T56,2025-04-27,kalshi_candlesticks,0.01,0.1,0.1,0.1,0.1
KXHIGHNY-25APR27-T63,2025-04-27,kalshi_candlesticks,0.1,0.08,0.03,0.02,0.02
KXHIGHNY-25APR28-B72.5,2025-04-28,kalshi_candlesticks,0.12,0.02,0.01,0.01,0.01
KXHIGHNY-25APR28-B74.5,2025-04-28,kalshi_candlesticks,0.23,0.16,0.25,0.28,0.16
KXHIGHNY-25APR28-B76.5,2025-04-28,kalshi_candlesticks,0.32,0.39,0.44,0.47,0.71
KXHIGHNY-25APR28-B78.5,2025-04-28,kalshi_candlesticks,0.13,0.22,0.28,0.18,0.21
KXHIGHNY-25APR28-T72,2025-04-28,kalshi_candlesticks,0.1,0.01,0.01,0.01,0.01
KXHIGHNY-25APR28-T79,2025-04-28,kalshi_candlesticks,0.1,0.13,0.09,0.06,0.03
KXHIGHNY-25APR29-B78.5,2025-04-29,kalshi_candlesticks,0.33,0.25,0.2,0.15,0.16
KXHIGHNY-25APR29-B80.5,2025-04-29,kalshi_candlesticks,0.31,0.46,0.53,0.56,0.73
KXHIGHNY-25APR29-B82.5,2025-04-29,kalshi_candlesticks,0.18,0.29,0.24,0.19,0.24
KXHIGHNY-25APR29-B84.5,2025-04-29,kalshi_candlesticks,0.06,0.03,0.09,0.09,0.09
KXHIGHNY-25APR29-T78,2025-04-29,kalshi_candlesticks,0.15,0.01,0.04,0.01,0.01
KXHIGHNY-25APR29-T85,2025-04-29,kalshi_candlesticks,0.02,0.02,0.03,0.03,0.03
KXHIGHNY-25APR30-B73.5,2025-04-30,kalshi_candlesticks,0.21,0.46,0.61,0.69,0.96
KXHIGHNY-25APR30-B75.5,2025-04-30,kalshi_candlesticks,0.33,0.15,0.17,0.1,0.08
KXHIGHNY-25APR30-B77.5,2025-04-30,kalshi_candlesticks,0.17,0.05,0.03,0.03,0.01
KXHIGHNY-25APR30-B79.5,2025-04-30,kalshi_candlesticks,0.05,0.03,0.03,0.03,0.01
KXHIGHNY-25APR30-T73,2025-04-30,kalshi_candlesticks,0.15,0.33,0.17,0.14,0.01
KXHIGHNY-25APR30-T80,2025-04-30,kalshi_candlesticks,0.01,0.03,0.03,0.03,0.03
KXHIGHNY-25MAY01-B66.5,2025-05-01,kalshi_candlesticks,0.3,0.14,0.12,0.05,0.01
KXHIGHNY-25MAY01-B68.5,2025-05-01,kalshi_candlesticks,0.32,0.41,0.45,0.52,0.01
KXHIGHNY-25MAY01-B70.5,2025-05-01,kalshi_candlesticks,0.15,0.33,0.32,0.35,0.86
KXHIGHNY-25MAY01-B72.5,2025-05-01,kalshi_candlesticks,0.03,0.1,0.07,0.08,0.14
KXHIGHNY-25MAY01-T66,2025-05-01,kalshi_candlesticks,0.16,0.01,0.01,0.01,0.01
KXHIGHNY-25MAY01-T73,2025-05-01,kalshi_candlesticks,0.1,0.06,0.01,0.01,0.06
KXHIGHNY-25MAY02-B77.5,2025-05-02,kalshi_candlesticks,0.09,0.03,0.02,0.02,0.02
KXHIGHNY-25MAY02-B79.5,2025-05-02,kalshi_candlesticks,0.69,0.08,0.04,0.02,0.01
KXHIGHNY-25MAY02-B81.5,2025-05-02,kalshi_candlesticks,0.23,0.27,0.18,0.26,0.27
KXHIGHNY-25MAY02-B83.5,2025-05-02,kalshi_candlesticks,0.13,0.4,0.42,0.47,0.73
KXHIGHNY-25MAY02-T77,2025-05-02,kalshi_candlesticks,0.04,0.02,0.01,0.01,0.01
KXHIGHNY-25MAY02-T84,2025-05-02,kalshi_candlesticks,0.08,0.28,0.4,0.2,0.1
KXHIGHNY-25MAY03-B78.5,2025-05-03,kalshi_candlesticks,0.25,0.04,0.01,0.01,0.01
KXHIGHNY-25MAY03-B80.5,2025-05-03,kalshi_candlesticks,0.3,0.33,0.3,0.1,0.83
KXHIGHNY-25MAY03-B82.5,2025-05-03,kalshi_candlesticks,0.26,0.35,0.36,0.55,0.16
KXHIGHNY-25MAY03-B84.5,2025-05-03,kalshi_candlesticks,0.12,0.28,0.3,0.31,0.08
KXHIGHNY-25MAY03-T78,2025-05-03,kalshi_candlesticks,0.11,0.02,0.01,0.01,0.01
KXHIGHNY-25MAY03-T85,2025-05-03,kalshi_candlesticks,0.03,0.17,0.12,0.11,0.01
KXHIGHNY-25MAY04-B70.5,2025-05-04,kalshi_candlesticks,0.33,0.4,0.46,0.53,0.23
KXHIGHNY-25MAY04-B72.5,2025-05-04,kalshi_candlesticks,0.21,0.19,0.2,0.08,0.08
KXHIGHNY-25MAY04-B74.5,2025-05-04,kalshi_candlesticks,0.04,0.06,0.03,0.03,0.01
KXHIGHNY-25MAY04-B76.5,2025-05-04,kalshi_candlesticks,0.05,0.05,0.02,0.03,0.03
KXHIGHNY-25MAY04-T70,2025-05-04,kalshi_candlesticks,0.16,0.47,0.34,0.36,0.82
KXHIGHNY-25MAY04-T77,2025-05-04,kalshi_candlesticks,0.05,0.05,0.03,0.03,0.03
KXHIGHNY-25MAY05-B60.5,2025-05-05,kalshi_candlesticks,0.11,0.07,0.03,0.25,0.49
KXHIGHNY-25MAY05-B62.5,2025-05-05,kalshi_candlesticks,0.38,0.42,0.57,0.57,0.42
KXHIGHNY-25MAY05-B64.5,2025-05-05,kalshi_candlesticks,0.31,0.45,0.32,0.1,0.03
KXHIGHNY-25MAY05-B66.5,2025-05-05,kalshi_candlesticks,0.11,0.09,0.02,0.01,0.02
KXHIGHNY-25MAY05-T60,2025-05-05,kalshi_candlesticks,0.01,0.01,0.01,0.01,0.01
KXHIGHNY-25MAY05-T67,2025-05-05,kalshi_candlesticks,0.04,0.01,0.01,0.01,0.01
KXHIGHNY-25MAY06-B64.5,2025-05-06,kalshi_candlesticks,0.33,0.44,0.42,0.48,0.41
KXHIGHNY-25MAY06-B66.5,2025-05-06,kalshi_candlesticks,0.31,0.28,0.37,0.35,0.4
KXHIGHNY-25MAY06-B68.5,2025-05-06,kalshi_candlesticks,0.13,0.05,0.1,0.1,0.1
KXHIGHNY-25MAY06-B70.5,2025-05-06,kalshi_candlesticks,0.09,0.05,0.05,0.02,0.03
KXHIGHNY-25MAY06-T64,2025-05-06,kalshi_candlesticks,0.16,0.2,0.08,0.17,0.01
KXHIGHNY-25MAY06-T71,2025-05-06,kalshi_candlesticks,0.01,0.01,0.01,0.01,0.01
KXHIGHNY-25MAY07-B68.5,2025-05-07,kalshi_candlesticks,0.1,0.03,0.03,0.01,0.01
KXHIGHNY-25MAY07-B70.5,2025-05-07,kalshi_candlesticks,0.26,0.09,0.07,0.03,0.01
KXHIGHNY-25MAY07-B72.5,2025-05-07,kalshi_candlesticks,0.34,0.37,0.34,0.44,0.49
KXHIGHNY-25MAY07-B74.5,2025-05-07,kalshi_candlesticks,0.13,0.35,0.42,0.47,0.48
KXHIGHNY-25MAY07-T68,2025-05-07,kalshi_candlesticks,0.03,0.05,0.05,0.05,0.05
KXHIGHNY-25MAY07-T75,2025-05-07,kalshi_candlesticks,0.1,0.18,0.12,0.06,0.06
KXHIGHNY-25MAY08-B71.5,2025-05-08,kalshi_candlesticks,0.16,0.08,0.01,0.01,0.01
KXHIGHNY-25MAY08-B73.5,2025-05-08,kalshi_candlesticks,0.32,0.27,0.09,0.02,0.01
KXHIGHNY-25MAY08-B75.5,2025-05-08,kalshi_candlesticks,0.32,0.4,0.51,0.62,0.01
KXHIGHNY-25MAY08-B77.5,2025-05-08,kalshi_candlesticks,0.13,0.25,0.34,0.37,0.96
KXHIGHNY-25MAY08-T71,2025-05-08,kalshi_candlesticks,0.07,0.01,0.01,0.01,0.01
KXHIGHNY-25MAY08-T78,2025-05-08,kalshi_candlesticks,0.03,0.02,0.08,0.06,0.06
KXHIGHNY-25MAY09-B60.5,2025-05-09,kalshi_candlesticks,0.28,0.5,0.77,0.76,0.87
KXHIGHNY-25MAY09-B62.5,2025-05-09,kalshi_candlesticks,0.36,0.22,0.19,0.15,0.08
KXHIGHNY-25MAY09-B64.5,2025-05-09,kalshi_candlesticks,0.25,0.03,0.1,0.02,0.01
KXHIGHNY-25MAY09-B66.5,2025-05-09,kalshi_candlesticks,0.02,0.01,0.01,0.01,0.01
KXHIGHNY-25MAY09-T60,2025-05-09,kalshi_candlesticks,0.1,0.12,0.03,0.06,0.07
KXHIGHNY-25MAY09-T67,2025-05-09,kalshi_candlesticks,0.05,0.01,0.01,0.01,0.01
KXHIGHNY-25MAY10-B68.5,2025-05-10,kalshi_candlesticks,0.06,0.2,0.13,0.11,0.2
KXHIGHNY-25MAY10-B70.5,2025-05-10,kalshi_candlesticks,0.32,0.34,0.29,0.47,0.58
KXHIGHNY-25MAY10-B72.5,2025-05-10,kalshi_candlesticks,0.31,0.38,0.41,0.24,0.26
KXHIGHNY-25MAY10-B74.5,2025-05-10,kalshi_candlesticks,0.13,0.2,0.14,0.07,0.16
KXHIGHNY-25MAY10-T68,2025-05-10,kalshi_candlesticks,0.04,0.08,0.05,0.02,0.02
KXHIGHNY-25MAY10-T75,2025-05-10,kalshi_candlesticks,0.06,0.02,0.03,0.01,0.01
KXHIGHNY-25MAY11-B71.5,2025-05-11,kalshi_candlesticks,0.08,0.05,0.03,0.03,0.03
KXHIGHNY-25MAY11-B73.5,2025-05-11,kalshi_candlesticks,0.17,0.17,0.14,0.01,0.01
KXHIGHNY-25MAY11-B75.5,2025-05-11,kalshi_candlesticks,0.33,0.38,0.36,0.27,0.01
KXHIGHNY-25MAY11-B77.5,2025-05-11,kalshi_candlesticks,0.13,0.34,0.42,0.52,0.79
KXHIGHNY-25MAY11-T71,2025-05-11,kalshi_candlesticks,0.04,0.03,0.03,0.03,0.03
KXHIGHNY-25MAY11-T78,2025-05-11,kalshi_candlesticks,0.05,0.1,0.15,0.3,0.2
KXHIGHNY-25MAY12-B70.5,2025-05-12,kalshi_candlesticks,0.15,0.08,0.08,0.01,0.01
KXHIGHNY-25MAY12-B72.5,2025-05-12,kalshi_candlesticks,0.32,0.36,0.34,0.4,0.55
KXHIGHNY-25MAY12-B74.5,2025-05-12,kalshi_candlesticks,0.28,0.34,0.39,0.5,0.47
KXHIGHNY-25MAY12-B76.5,2025-05-12,kalshi_candlesticks,0.06,0.25,0.17,0.07,0.02
KXHIGHNY-25MAY12-T70,2025-05-12,kalshi_candlesticks,0.03,0.03,0.03,0.03,0.01
KXHIGHNY-25MAY12-T77,2025-05-12,kalshi_candlesticks,0.06,0.05,0.05,0.01,0.01
KXHIGHNY-25MAY13-B70.5,2025-05-13,kalshi_candlesticks,0.32,0.37,0.38,0.6,0.16
KXHIGHNY-25MAY13-B72.5,2025-05-13,kalshi_candlesticks,0.31,0.1,0.34,0.15,0.03
KXHIGHNY-25MAY13-B74.5,2025-05-13,kalshi_candlesticks,0.34,0.11,0.16,0.02,0.01
KXHIGHNY-25MAY13-B76.5,2025-05-13,kalshi_candlesticks,0.05,0.06,0.08,0.01,0.01
KXHIGHNY-25MAY13-T70,2025-05-13,kalshi_candlesticks,0.16,0.47,0.07,0.22,0.62
KXHIGHNY-25MAY13-T77,2025-05-13,kalshi_candlesticks,0.05,0.01,0.03,0.01,0.01
KXHIGHNY-25MAY14-B63.5,2025-05-14,kalshi_candlesticks,0.35,0.33,0.41,0.32,0.35
KXHIGHNY-25MAY14-B65.5,2025-05-14,kalshi_candlesticks,0.32,0.28,0.18,0.06,0.01
KXHIGHNY-25MAY14-B67.5,2025-05-14,kalshi_candlesticks,0.07,0.05,0.07,0.01,0.02
KXHIGHNY-25MAY14-B69.5,2025-05-14,kalshi_candlesticks,0.05,0.02,0.01,0.01,0.01
KXHIGHNY-25MAY14-T63,2025-05-14,kalshi_candlesticks,0.16,0.26,0.35,0.61,0.71
KXHIGHNY-25MAY14-T70,2025-05-14,kalshi_candlesticks,0.05,0.02,0.01,0.01,0.01
KXHIGHNY-25MAY15-B69.5,2025-05-15,kalshi_candlesticks,0.34,0.4,0.51,0.64,0.77
KXHIGHNY-25MAY15-B71.5,2025-05-15,kalshi_candlesticks,0.22,0.34,0.23,0.1,0.15
KXHIGHNY-25MAY15-B73.5,2025-05-15,kalshi_candlesticks,0.08,0.08,0.03,0.03,0.13
KXHIGHNY-25MAY15-B75.5,2025-05-15,kalshi_candlesticks,0.06,0.05,0.02,0.01,0.01
KXHIGHNY-25MAY15-T69,2025-05-15,kalshi_candlesticks,0.15,0.29,0.28,0.22,0.16
KXHIGHNY-25MAY15-T76,2025-05-15,kalshi_candlesticks,0.03,0.01,0.01,0.01,0.01
KXHIGHNY-25MAY16-B71.5,2025-05-16,kalshi_candlesticks,0.33,0.39,0.32,0.5,0.71
KXHIGHNY-25MAY16-B73.5,2025-05-16,kalshi_candlesticks,0.3,0.28,0.36,0.42,0.28
KXHIGHNY-25MAY16-B75.5,2025-05-16,kalshi_candlesticks,0.15,0.15,0.16,0.13,0.05
KXHIGHNY-25MAY16-B77.5,2025-05-16,kalshi_candlesticks,0.06,0.09,0.1,0.04,0.01
KXHIGHNY-25MAY16-T71,2025-05-16,kalshi_candlesticks,0.14,0.16,0.01,0.01,0.01
KXHIGHNY-25MAY16-T78,2025-05-16,kalshi_candlesticks,0.06,0.03,0.02,0.02,0.02
KXHIGHNY-25MAY17-B76.5,2025-05-17,kalshi_candlesticks,0.11,0.03,0.02,0.03,0.03
KXHIGHNY-25MAY17-B78.5,2025-05-17,kalshi_candlesticks,0.21,0.18,0.22,0.07,0.01
KXHIGHNY-25MAY17-B80.5,2025-05-17,kalshi_candlesticks,0.29,0.44,0.55,0.42,0.19
KXHIGHNY-25MAY17-B82.5,2025-05-17,kalshi_candlesticks,0.13,0.29,0.21,0.41,0.68
KXHIGHNY-25MAY17-T76,2025-05-17,kalshi_candlesticks,0.06,0.05,0.02,0.03,0.03
KXHIGHNY-25MAY17-T83,2025-05-17,kalshi_candlesticks,0.1,0.1,0.05,0.05,0.18
KXHIGHNY-25MAY18-B68.5,2025-05-18,kalshi_candlesticks,0.1,0.01,0.01,0.01,0.01
KXHIGHNY-25MAY18-B70.5,2025-05-18,kalshi_candlesticks,0.31,0.12,0.06,0.14,0.01
KXHIGHNY-25MAY18-B72.5,2025-05-18,kalshi_candlesticks,0.32,0.35,0.34,0.45,0.23
KXHIGHNY-25MAY18-B74.5,2025-05-18,kalshi_candlesticks,0.13,0.36,0.5,0.38,0.67
KXHIGHNY-25MAY18-T68,2025-05-18,kalshi_candlesticks,,,,,
KXHIGHNY-25MAY18-T75,2025-05-18,kalshi_candlesticks,0.1,0.12,0.1,0.05,0.14
KXHIGHNY-25MAY19-B69.5,2025-05-19,kalshi_candlesticks,0.17,0.17,0.31,0.48,0.68
KXHIGHNY-25MAY19-B71.5,2025-05-19,kalshi_candlesticks,0.32,0.45,0.47,0.45,0.32
KXHIGHNY-25MAY19-B73.5,2025-05-19,kalshi_candlesticks,0.29,0.34,0.2,0.07,0.03
KXHIGHNY-25MAY19-B75.5,2025-05-19,kalshi_candlesticks,0.13,0.02,0.02,0.01,0.01
KXHIGHNY-25MAY19-T69,2025-05-19,kalshi_candlesticks,0.02,0.04,0.02,0.06,0.01
KXHIGHNY-25MAY19-T76,2025-05-19,kalshi_candlesticks,0.05,0.04,0.04,0.04,0.01
KXHIGHNY-25MAY20-B66.5,2025-05-20,kalshi_candlesticks,0.3,0.49,0.53,0.47,0.62
KXHIGHNY-25MAY20-B68.5,2025-05-20,kalshi_candlesticks,0.34,0.36,0.27,0.29,0.42
KXHIGHNY-25MAY20-B70.5,2025-05-20,kalshi_candlesticks,0.15,0.03,0.01,0.12,0.09
KXHIGHNY-25MAY20-B72.5,2025-05-20,kalshi_candlesticks,0.06,0.04,0.03,0.03,0.03
KXHIGHNY-25MAY20-T66,2025-05-20,kalshi_candlesticks,0.06,0.18,0.21,0.11,0.01
KXHIGHNY-25MAY20-T73,2025-05-20,kalshi_candlesticks,0.05,0.05,0.01,0.01,0.01
KXHIGHNY-25MAY21-B58.5,2025-05-21,kalshi_candlesticks,0.37,0.8,0.98,0.99,0.99
KXHIGHNY-25MAY21-B60.5,2025-05-21,kalshi_candlesticks,0.27,0.05,0.05,0.01,0.02
KXHIGHNY-25MAY21-B62.5,2025-05-21,kalshi_candlesticks,0.1,0.05,0.01,0.01,0.01
KXHIGHNY-25MAY21-B64.5,2025-05-21,kalshi_candlesticks,,,,,
KXHIGHNY-25MAY21-T58,2025-05-21,kalshi_candlesticks,0.16,0.01,0.01,0.01,0.01
KXHIGHNY-25MAY21-T65,2025-05-21,kalshi_candlesticks,0.01,0.01,0.01,0.01,0.01
KXHIGHNY-25MAY22-B51.5,2025-05-22,kalshi_candlesticks,0.39,0.32,0.34,0.52,0.62
KXHIGHNY-25MAY22-B53.5,2025-05-22,kalshi_candlesticks,0.46,0.49,0.49,0.28,0.34
KXHIGHNY-25MAY22-B55.5,2025-05-22,kalshi_candlesticks,0.15,0.22,0.04,0.02,0.04
KXHIGHNY-25MAY22-B57.5,2025-05-22,kalshi_candlesticks,0.05,0.07,0.01,0.01,0.01
KXHIGHNY-25MAY22-T51,2025-05-22,kalshi_candlesticks,0.16,0.1,0.13,0.16,0.01
KXHIGHNY-25MAY22-T58,2025-05-22,kalshi_candlesticks,0.04,0.03,0.01,0.01,0.01
KXHIGHNY-25MAY23-B56.5,2025-05-23,kalshi_candlesticks,0.1,0.02,0.04,0.01,0.01
KXHIGHNY-25MAY23-B58.5,2025-05-23,kalshi_candlesticks,0.16,0.11,0.09,0.04,0.05
KXHIGHNY-25MAY23-B60.5,2025-05-23,kalshi_candlesticks,0.34,0.4,0.38,0.33,0.56
KXHIGHNY-25MAY23-B62.5,2025-05-23,kalshi_candlesticks,0.13,0.48,0.48,0.46,0.35
KXHIGHNY-25MAY23-T56,2025-05-23,kalshi_candlesticks,0.05,0.02,0.01,0.01,0.01
KXHIGHNY-25MAY23-T63,2025-05-23,kalshi_candlesticks,0.08,0.03,0.11,0.31,0.01
KXHIGHNY-25MAY24-B62.5,2025-05-24,kalshi_candlesticks,0.38,0.56,0.54,0.66,0.68
KXHIGHNY-25MAY24-B64.5,2025-05-24,kalshi_candlesticks,0.3,0.31,0.29,0.31,0.07
KXHIGHNY-25MAY24-B66.5,2025-05-24,kalshi_candlesticks,0.1,0.01,0.03,0.01,0.01
KXHIGHNY-25MAY24-B68.5,2025-05-24,kalshi_candlesticks,0.05,0.03,0.03,0.03,0.03
KXHIGHNY-25MAY24-T62,2025-05-24,kalshi_candlesticks,0.16,0.15,0.14,0.16,0.24
KXHIGHNY-25MAY24-T69,2025-05-24,kalshi_candlesticks,0.02,0.02,0.02,0.02,0.02
KXHIGHNY-25MAY25-B65.5,2025-05-25,kalshi_candlesticks,0.21,0.08,0.07,0.36,0.42
KXHIGHNY-25MAY25-B67.5,2025-05-25,kalshi_candlesticks,0.38,0.52,0.61,0.54,0.34
KXHIGHNY-25MAY25-B69.5,2025-05-25,kalshi_candlesticks,0.26,0.31,0.24,0.09,0.03
KXHIGHNY-25MAY25-B71.5,2025-05-25,kalshi_candlesticks,0.1,0.1,0.04,0.02,0.02
KXHIGHNY-25MAY25-T65,2025-05-25,kalshi_candlesticks,0.07,0.01,0.01,0.03,0.15
KXHIGHNY-25MAY25-T72,2025-05-25,kalshi_candlesticks,,,,,
KXHIGHNY-25MAY26-B68.5,2025-05-26,kalshi_candlesticks,0.1,0.04,0.03,0.01,0.01
KXHIGHNY-25MAY26-B70.5,2025-05-26,kalshi_candlesticks,0.3,0.25,0.21,0.11,0.01
KXHIGHNY-25MAY26-B72.5,2025-05-26,kalshi_candlesticks,0.35,0.55,0.59,0.61,0.8
KXHIGHNY-25MAY26-B74.5,2025-05-26,kalshi_candlesticks,0.13,0.17,0.18,0.29,0.29
KXHIGHNY-25MAY26-T68,2025-05-26,kalshi_candlesticks,0.15,0.01,0.01,0.01,0.01
KXHIGHNY-25MAY26-T75,2025-05-26,kalshi_candlesticks,0.08,0.03,0.03,0.04,0.04
KXHIGHNY-25MAY27-B71.5,2025-05-27,kalshi_candlesticks,0.08,0.02,0.01,0.01,0.01
KXHIGHNY-25MAY27-B73.5,2025-05-27,kalshi_candlesticks,0.35,0.46,0.12,0.2,0.27
KXHIGHNY-25MAY27-B75.5,2025-05-27,kalshi_candlesticks,0.32,0.46,0.65,0.64,0.71
KXHIGHNY-25MAY27-B77.5,2025-05-27,kalshi_candlesticks,0.13,0.2,0.31,0.12,0.01
KXHIGHNY-25MAY27-T71,2025-05-27,kalshi_candlesticks,0.03,0.01,0.01,0.01,0.01
KXHIGHNY-25MAY27-T78,2025-05-27,kalshi_candlesticks,0.06,0.02,0.05,0.02,0.01
KXHIGHNY-25MAY28-B62.5,2025-05-28,kalshi_candlesticks,0.16,0.03,0.01,0.01,0.01
KXHIGHNY-25MAY28-B64.5,2025-05-28,kalshi_candlesticks,0.36,0.29,0.29,0.16,0.96
KXHIGHNY-25MAY28-B66.5,2025-05-28,kalshi_candlesticks,0.33,0.4,0.58,0.72,0.01
KXHIGHNY-25MAY28-B68.5,2025-05-28,kalshi_candlesticks,0.13,0.23,0.12,0.08,0.01
KXHIGHNY-25MAY28-T62,2025-05-28,kalshi_candlesticks,0.06,0.03,0.01,0.01,0.01
KXHIGHNY-25MAY28-T69,2025-05-28,kalshi_candlesticks,0.06,0.02,0.02,0.02,0.01
KXHIGHNY-25MAY29-B68.5,2025-05-29,kalshi_candlesticks,0.08,0.21,0.3,0.51,0.27
KXHIGHNY-25MAY29-B70.5,2025-05-29,kalshi_candlesticks,0.6,0.47,0.55,0.41,0.09
KXHIGHNY-25MAY29-B72.5,2025-05-29,kalshi_candlesticks,0.34,0.32,0.16,0.13,0.02
KXHIGHNY-25MAY29-B74.5,2025-05-29,kalshi_candlesticks,0.13,0.02,0.02,0.01,0.01
KXHIGHNY-25MAY29-T68,2025-05-29,kalshi_candlesticks,0.05,0.03,0.02,0.12,0.64
KXHIGHNY-25MAY29-T75,2025-05-29,kalshi_candlesticks,0.02,0.02,0.02,0.02,0.02
KXHIGHNY-25MAY30-B73.5,2025-05-30,kalshi_candlesticks,0.46,0.35,0.51,0.63,0.01
KXHIGHNY-25MAY30-B75.5,2025-05-30,kalshi_candlesticks,0.61,0.44,0.41,0.26,0.76
KXHIGHNY-25MAY30-B77.5,2025-05-30,kalshi_candlesticks,0.26,0.05,0.01,0.03,0.04
KXHIGHNY-25MAY30-B79.5,2025-05-30,kalshi_candlesticks,0.05,0.01,0.01,0.01,0.02
KXHIGHNY-25MAY30-T73,2025-05-30,kalshi_candlesticks,0.09,0.1,0.11,0.02,0.01
KXHIGHNY-25MAY30-T80,2025-05-30,kalshi_candlesticks,0.01,0.01,0.01,0.01,0.02
KXHIGHNY-25MAY31-B68.5,2025-05-31,kalshi_candlesticks,0.27,0.46,0.49,0.56,0.29
KXHIGHNY-25MAY31-B70.5,2025-05-31,kalshi_candlesticks,0.41,0.18,0.08,0.05,0.07
KXHIGHNY-25MAY31-B72.5,2025-05-31,kalshi_candlesticks,0.18,0.04,0.01,0.03,0.01
KXHIGHNY-25MAY31-B74.5,2025-05-31,kalshi_candlesticks,0.09,0.03,0.03,0.03,0.03
KXHIGHNY-25MAY31-T68,2025-05-31,kalshi_candlesticks,0.07,0.38,0.37,0.5,0.69
KXHIGHNY-25MAY31-T75,2025-05-31,kalshi_candlesticks,0.06,0.01,0.01,0.01,0.01
KXHIGHNY-25JUN01-B66.5,2025-06-01,kalshi_candlesticks,0.4,0.5,0.45,0.45,0.64
KXHIGHNY-25JUN01-B68.5,2025-06-01,kalshi_candlesticks,0.33,0.32,0.23,0.23,0.06
KXHIGHNY-25JUN01-B70.5,2025-06-01,kalshi_candlesticks,0.12,0.03,0.07,0.04,0.01
KXHIGHNY-25JUN01-B72.5,2025-06-01,kalshi_candlesticks,0.05,0.05,0.01,0.01,0.01
KXHIGHNY-25JUN01-T66,2025-06-01,kalshi_candlesticks,0.16,0.22,0.33,0.25,0.35
KXHIGHNY-25JUN01-T73,2025-06-01,kalshi_candlesticks,0.05,0.01,0.03,0.03,0.03
KXHIGHNY-25JUN02-B72.5,2025-06-02,kalshi_candlesticks,0.4,0.43,0.6,0.65,0.76
KXHIGHNY-25JUN02-B74.5,2025-06-02,kalshi_candlesticks,0.3,0.38,0.19,0.3,0.08
KXHIGHNY-25JUN02-B76.5,2025-06-02,kalshi_candlesticks,0.09,0.04,0.01,0.02,0.01
KXHIGHNY-25JUN02-B78.5,2025-06-02,kalshi_candlesticks,0.04,0.01,0.01,0.04,0.04
KXHIGHNY-25JUN02-T72,2025-06-02,kalshi_candlesticks,0.16,0.14,0.23,0.18,0.21
KXHIGHNY-25JUN02-T79,2025-06-02,kalshi_candlesticks,0.01,0.01,0.01,0.04,0.04
KXHIGHNY-25JUN03-B78.5,2025-06-03,kalshi_candlesticks,0.3,0.4,0.3,0.36,0.69
KXHIGHNY-25JUN03-B80.5,2025-06-03,kalshi_candlesticks,0.41,0.3,0.49,0.54,0.37
KXHIGHNY-25JUN03-B82.5,2025-06-03,kalshi_candlesticks,0.22,0.08,0.09,0.04,0.01
KXHIGHNY-25JUN03-B84.5,2025-06-03,kalshi_candlesticks,0.06,0.02,0.1,0.01,0.01
KXHIGHNY-25JUN03-T78,2025-06-03,kalshi_candlesticks,0.16,0.25,0.04,0.05,0.01
KXHIGHNY-25JUN03-T85,2025-06-03,kalshi_candlesticks,0.05,0.01,0.02,0.03,0.03
KXHIGHNY-25JUN04-B82.5,2025-06-04,kalshi_candlesticks,0.34,0.48,0.44,0.56,0.54
KXHIGHNY-25JUN04-B84.5,2025-06-04,kalshi_candlesticks,0.35,0.48,0.44,0.32,0.3
KXHIGHNY-25JUN04-B86.5,2025-06-04,kalshi_candlesticks,0.13,0.05,0.1,0.05,0.05
KXHIGHNY-25JUN04-B88.5,2025-06-04,kalshi_candlesticks,0.04,0.04,0.01,0.02,0.02
KXHIGHNY-25JUN04-T82,2025-06-04,kalshi_candlesticks,0.15,0.09,0.05,0.05,0.01
KXHIGHNY-25JUN04-T89,2025-06-04,kalshi_candlesticks,0.01,0.01,0.01,0.01,0.01
KXHIGHNY-25JUN05-B84.5,2025-06-05,kalshi_candlesticks,0.11,0.03,0.03,0.01,0.01
KXHIGHNY-25JUN05-B86.5,2025-06-05,kalshi_candlesticks,0.32,0.16,0.21,0.22,0.33
KXHIGHNY-25JUN05-B88.5,2025-06-05,kalshi_candlesticks,0.33,0.5,0.51,0.53,0.6
KXHIGHNY-25JUN05-B90.5,2025-06-05,kalshi_candlesticks,0.13,0.27,0.23,0.17,0.11
KXHIGHNY-25JUN05-T84,2025-06-05,kalshi_candlesticks,0.06,0.01,0.02,0.01,0.01
KXHIGHNY-25JUN05-T91,2025-06-05,kalshi_candlesticks,0.1,0.05,0.04,0.04,0.02
KXHIGHNY-25JUN06-B81.5,2025-06-06,kalshi_candlesticks,0.09,0.09,0.03,0.01,0.01
KXHIGHNY-25JUN06-B83.5,2025-06-06,kalshi_candlesticks,0.28,0.38,0.34,0.16,0.86
KXHIGHNY-25JUN06-B85.5,2025-06-06,kalshi_candlesticks,0.34,0.35,0.41,0.66,0.09
KXHIGHNY-25JUN06-B87.5,2025-06-06,kalshi_candlesticks,0.22,0.13,0.19,0.08,0.01
KXHIGHNY-25JUN06-T81,2025-06-06,kalshi_candlesticks,0.03,0.02,0.01,0.01,0.01
KXHIGHNY-25JUN06-T88,2025-06-06,kalshi_candlesticks,0.08,0.03,0.03,0.02,0.01
KXHIGHNY-25JUN07-B77.5,2025-06-07,kalshi_candlesticks,0.2,0.13,0.4,0.23,0.09
KXHIGHNY-25JUN07-B79.5,2025-06-07,kalshi_candlesticks,0.28,0.03,0.03,0.01,0.02
KXHIGHNY-25JUN07-B81.5,2025-06-07,kalshi_candlesticks,0.06,0.01,0.01,0.01,0.01
KXHIGHNY-25JUN07-B83.5,2025-06-07,kalshi_candlesticks,0.03,0.01,0.01,0.01,0.01
KXHIGHNY-25JUN07-T77,2025-06-07,kalshi_candlesticks,0.42,0.72,0.58,0.8,0.95
KXHIGHNY-25JUN07-T84,2025-06-07,kalshi_candlesticks,0.01,0.01,0.01,0.01,0.01
KXHIGHNY-25JUN08-B74.5,2025-06-08,kalshi_candlesticks,0.36,0.48,0.57,0.72,0.01
KXHIGHNY-25JUN08-B76.5,2025-06-08,kalshi_candlesticks,0.26,0.27,0.17,0.31,0.97
KXHIGHNY-25JUN08-B78.5,2025-06-08,kalshi_candlesticks,0.1,0.08,0.02,0.03,0.02
KXHIGHNY-25JUN08-B80.5,2025-06-08,kalshi_candlesticks,0.03,0.03,0.03,0.01,0.01
KXHIGHNY-25JUN08-T74,2025-06-08,kalshi_candlesticks,0.16,0.28,0.22,0.01,0.01
KXHIGHNY-25JUN08-T81,2025-06-08,kalshi_candlesticks,0.03,0.03,0.03,0.01,0.01
KXHIGHNY-25JUN09-B69.5,2025-06-09,kalshi_candlesticks,0.16,0.28,0.13,0.02,0.01
KXHIGHNY-25JUN09-B71.5,2025-06-09,kalshi_candlesticks,0.06,0.02,0.03,0.03,0.03
KXHIGHNY-25JUN09-B73.5,2025-06-09,kalshi_candlesticks,0.05,0.01,0.01,0.01,0.01
KXHIGHNY-25JUN09-B75.5,2025-06-09,kalshi_candlesticks,0.01,0.01,0.01,0.01,0.01
KXHIGHNY-25JUN09-T69,2025-06-09,kalshi_candlesticks,0.15,0.72,0.84,0.95,0.97
KXHIGHNY-25JUN09-T76,2025-06-09,kalshi_candlesticks,0.01,0.02,0.02,0.01,0.01
KXHIGHNY-25JUN10-B75.5,2025-06-10,kalshi_candlesticks,0.43,0.31,0.36,0.39,0.51
KXHIGHNY-25JUN10-B77.5,2025-06-10,kalshi_candlesticks,0.25,0.46,0.28,0.13,0.17
KXHIGHNY-25JUN10-B79.5,2025-06-10,kalshi_candlesticks,0.06,0.09,0.05,0.02,0.01
KXHIGHNY-25JUN10-B81.5,2025-06-10,kalshi_candlesticks,0.02,0.02,0.02,0.02,0.02
KXHIGHNY-25JUN10-T75,2025-06-10,kalshi_candlesticks,0.17,0.18,0.3,0.4,0.54
KXHIGHNY-25JUN10-T82,2025-06-10,kalshi_candlesticks,0.05,0.01,0.02,0.02,0.02
KXHIGHNY-25JUN11-B82.5,2025-06-11,kalshi_candlesticks,0.33,0.43,0.52,0.59,0.6
KXHIGHNY-25JUN11-B84.5,2025-06-11,kalshi_candlesticks,0.38,0.36,0.36,0.18,0.06
KXHIGHNY-25JUN11-B86.5,2025-06-11,kalshi_candlesticks,0.25,0.05,0.05,0.01,0.01
KXHIGHNY-25JUN11-B88.5,2025-06-11,kalshi_candlesticks,0.01,0.01,0.01,0.01,0.01
KXHIGHNY-25JUN11-T82,2025-06-11,kalshi_candlesticks,0.12,0.11,0.12,0.23,0.36
KXHIGHNY-25JUN11-T89,2025-06-11,kalshi_candlesticks,0.01,0.01,0.01,0.01,0.01
KXHIGHNY-25JUN12-B85.5,2025-06-12,kalshi_candlesticks,0.18,0.11,0.26,0.13,0.1
KXHIGHNY-25JUN12-B87.5,2025-06-12,kalshi_candlesticks,0.38,0.3,0.37,0.38,0.73
KXHIGHNY-25JUN12-B89.5,2025-06-12,kalshi_candlesticks,0.29,0.31,0.3,0.38,0.32
KXHIGHNY-25JUN12-B91.5,2025-06-12,kalshi_candlesticks,0.12,0.15,0.07,0.05,0.07
KXHIGHNY-25JUN12-T85,2025-06-12,kalshi_candlesticks,0.15,0.05,0.06,0.02,0.02
KXHIGHNY-25JUN12-T92,2025-06-12,kalshi_candlesticks,0.06,0.01,0.01,0.01,0.01
KXHIGHNY-25JUN13-B76.5,2025-06-13,kalshi_candlesticks,0.29,0.3,0.37,0.26,0.01
KXHIGHNY-25JUN13-B78.5,2025-06-13,kalshi_candlesticks,0.41,0.39,0.37,0.54,0.92
KXHIGHNY-25JUN13-B80.5,2025-06-13,kalshi_candlesticks,0.21,0.2,0.16,0.2,0.07
KXHIGHNY-25JUN13-B82.5,2025-06-13,kalshi_candlesticks,0.01,0.05,0.07,0.06,0.01
KXHIGHNY-25JUN13-T76,2025-06-13,kalshi_candlesticks,0.16,0.07,0.06,0.01,0.01
KXHIGHNY-25JUN13-T83,2025-06-13,kalshi_candlesticks,0.05,0.01,0.02,0.01,0.01
KXHIGHNY-25JUN14-B65.5,2025-06-14,kalshi_candlesticks,0.23,0.01,0.01,0.01,0.01
KXHIGHNY-25JUN14-B67.5,2025-06-14,kalshi_candlesticks,0.39,0.94,0.98,0.99,0.99
KXHIGHNY-25JUN14-B69.5,2025-06-14,kalshi_candlesticks,0.16,0.15,0.02,0.02,0.02
KXHIGHNY-25JUN14-B71.5,2025-06-14,kalshi_candlesticks,0.02,0.01,0.01,0.01,0.01
KXHIGHNY-25JUN14-T65,2025-06-14,kalshi_candlesticks,0.16,0.01,0.01,0.01,0.01
KXHIGHNY-25JUN14-T72,2025-06-14,kalshi_candlesticks,0.05,0.02,0.02,0.01,0.01
KXHIGHNY-25JUN15-B64.5,2025-06-15,kalshi_candlesticks,0.5,0.43,0.51,0.39,0.21
KXHIGHNY-25JUN15-B66.5,2025-06-15,kalshi_candlesticks,0.26,0.17,0.13,0.1,0.02
KXHIGHNY-25JUN15-B68.5,2025-06-15,kalshi_candlesticks,0.12,0.04,0.01,0.01,0.01
KXHIGHNY-25JUN15-B70.5,2025-06-15,kalshi_candlesticks,0.05,0.01,0.01,0.01,0.01
KXHIGHNY-25JUN15-T64,2025-06-15,kalshi_candlesticks,0.27,0.4,0.4,0.48,0.71
KXHIGHNY-25JUN15-T71,2025-06-15,kalshi_candlesticks,0.01,0.01,0.01,0.01,0.01
KXHIGHNY-25JUN16-B66.5,2025-06-16,kalshi_candlesticks,0.23,0.48,0.47,0.44,0.37
KXHIGHNY-25JUN16-B68.5,2025-06-16,kalshi_candlesticks,0.4,0.2,0.15,0.21,0.07
KXHIGHNY-25JUN16-B70.5,2025-06-16,kalshi_candlesticks,,,,,
KXHIGHNY-25JUN16-B72.5,2025-06-16,kalshi_candlesticks,,,,,
KXHIGHNY-25JUN16-T66,2025-06-16,kalshi_candlesticks,0.08,0.32,0.32,0.28,0.57
KXHIGHNY-25JUN16-T73,2025-06-16,kalshi_candlesticks,0.05,0.01,0.01,0.01,0.01
KXHIGHNY-25JUN17-B69.5,2025-06-17,kalshi_candlesticks,0.35,0.34,0.42,0.45,0.2
KXHIGHNY-25JUN17-B71.5,2025-06-17,kalshi_candlesticks,0.27,0.3,0.24,0.18,0.07
KXHIGHNY-25JUN17-B73.5,2025-06-17,kalshi_candlesticks,0.11,0.2,0.15,0.05,0.02
KXHIGHNY-25JUN17-B75.5,2025-06-17,kalshi_candlesticks,0.04,0.02,0.03,0.02,0.01
KXHIGHNY-25JUN17-T69,2025-06-17,kalshi_candlesticks,0.25,0.14,0.2,0.26,0.58
KXHIGHNY-25JUN17-T76,2025-06-17,kalshi_candlesticks,0.03,0.01,0.02,0.01,0.01
KXHIGHNY-25JUN18-B77.5,2025-06-18,kalshi_candlesticks,0.19,0.24,0.24,0.33,0.2
KXHIGHNY-25JUN18-B79.5,2025-06-18,kalshi_candlesticks,0.12,0.41,0.39,0.38,0.34
KXHIGHNY-25JUN18-B81.5,2025-06-18,kalshi_candlesticks,0.18,0.24,0.22,0.17,0.49
KXHIGHNY-25JUN18-B83.5,2025-06-18,kalshi_candlesticks,0.13,0.03,0.01,0.05,0.2
KXHIGHNY-25JUN18-T77,2025-06-18,kalshi_candlesticks,0.26,0.04,0.11,0.03,0.01
KXHIGHNY-25JUN18-T84,2025-06-18,kalshi_candlesticks,0.12,0.03,0.01,0.04,0.13
KXHIGHNY-25JUN19-B87.5,2025-06-19,kalshi_candlesticks,0.18,0.17,0.21,0.15,0.95
KXHIGHNY-25JUN19-B89.5,2025-06-19,kalshi_candlesticks,0.3,0.34,0.35,0.42,0.07
KXHIGHNY-25JUN19-B91.5,2025-06-19,kalshi_candlesticks,0.28,0.3,0.3,0.37,0.02
KXHIGHNY-25JUN19-B93.5,2025-06-19,kalshi_candlesticks,0.11,0.05,0.05,0.05,0.04
KXHIGHNY-25JUN19-T87,2025-06-19,kalshi_candlesticks,0.08,0.1,0.04,0.01,0.01
KXHIGHNY-25JUN19-T94,2025-06-19,kalshi_candlesticks,0.04,0.03,0.01,0.01,0.01
KXHIGHNY-25JUN20-B81.5,2025-06-20,kalshi_candlesticks,0.14,0.21,0.21,0.38,0.48
KXHIGHNY-25JUN20-B83.5,2025-06-20,kalshi_candlesticks,0.31,0.42,0.46,0.51,0.35
KXHIGHNY-25JUN20-B85.5,2025-06-20,kalshi_candlesticks,0.32,0.33,0.31,0.12,0.13
KXHIGHNY-25JUN20-B87.5,2025-06-20,kalshi_candlesticks,0.17,0.05,0.02,0.02,0.01
KXHIGHNY-25JUN20-T81,2025-06-20,kalshi_candlesticks,0.03,0.03,0.03,0.01,0.02
KXHIGHNY-25JUN20-T88,2025-06-20,kalshi_candlesticks,0.04,0.02,0.01,0.01,0.01
KXHIGHNY-25JUN21-B86.5,2025-06-21,kalshi_candlesticks,0.32,0.33,0.32,0.46,0.84
KXHIGHNY-25JUN21-B88.5,2025-06-21,kalshi_candlesticks,0.46,0.39,0.46,0.41,0.19
KXHIGHNY-25JUN21-B90.5,2025-06-21,kalshi_candlesticks,0.13,0.07,0.17,0.02,0.02
KXHIGHNY-25JUN21-B92.5,2025-06-21,kalshi_candlesticks,0.05,0.01,0.03,0.01,0.01
KXHIGHNY-25JUN21-T86,2025-06-21,kalshi_candlesticks,0.02,0.18,0.17,0.13,0.01
KXHIGHNY-25JUN21-T93,2025-06-21,kalshi_candlesticks,0.03,0.01,0.03,0.03,0.03
KXHIGHNY-25JUN22-B93.5,2025-06-22,kalshi_candlesticks,0.15,0.45,0.2,0.14,0.09
KXHIGHNY-25JUN22-B95.5,2025-06-22,kalshi_candlesticks,0.39,0.19,0.05,0.02,0.03
KXHIGHNY-25JUN22-B97.5,2025-06-22,kalshi_candlesticks,0.23,0.03,0.03,0.03,0.03
KXHIGHNY-25JUN22-B99.5,2025-06-22,kalshi_candlesticks,0.05,0.02,0.02,0.02,0.02
KXHIGHNY-25JUN22-T100,2025-06-22,kalshi_candlesticks,0.04,0.01,0.01,0.01,0.01
KXHIGHNY-25JUN22-T93,2025-06-22,kalshi_candlesticks,0.02,0.36,0.7,0.85,0.89
KXHIGHNY-25JUN23-B100.5,2025-06-23,kalshi_candlesticks,0.14,0.1,0.02,0.02,0.01
KXHIGHNY-25JUN23-B94.5,2025-06-23,kalshi_candlesticks,0.22,0.4,0.33,0.31,0.01
KXHIGHNY-25JUN23-B96.5,2025-06-23,kalshi_candlesticks,0.22,0.24,0.46,0.51,0.77
KXHIGHNY-25JUN23-B98.5,2025-06-23,kalshi_candlesticks,0.2,0.11,0.23,0.05,0.27
KXHIGHNY-25JUN23-T101,2025-06-23,kalshi_candlesticks,0.01,0.02,0.02,0.02,0.02
KXHIGHNY-25JUN23-T94,2025-06-23,kalshi_candlesticks,0.18,0.12,0.05,0.1,0.01
KXHIGHNY-25JUN24-B100.5,2025-06-24,kalshi_candlesticks,0.54,0.51,0.52,0.35,0.34
KXHIGHNY-25JUN24-B102.5,2025-06-24,kalshi_candlesticks,0.05,0.09,0.04,0.11,0.14
KXHIGHNY-25JUN24-B104.5,2025-06-24,kalshi_candlesticks,0.05,0.01,0.03,0.03,0.03
KXHIGHNY-25JUN24-B98.5,2025-06-24,kalshi_candlesticks,0.4,0.34,0.38,0.46,0.7
KXHIGHNY-25JUN24-T105,2025-06-24,kalshi_candlesticks,0.02,0.01,0.02,0.02,0.02
KXHIGHNY-25JUN24-T98,2025-06-24,kalshi_candlesticks,0.05,0.05,0.1,0.2,0.01
KXHIGHNY-25JUN25-B90.5,2025-06-25,kalshi_candlesticks,0.11,0.02,0.02,0.01,0.01
KXHIGHNY-25JUN25-B92.5,2025-06-25,kalshi_candlesticks,0.34,0.07,0.06,0.01,0.01
KXHIGHNY-25JUN25-B94.5,2025-06-25,kalshi_candlesticks,0.35,0.33,0.28,0.22,0.01
KXHIGHNY-25JUN25-B96.5,2025-06-25,kalshi_candlesticks,0.13,0.42,0.57,0.64,0.9
KXHIGHNY-25JUN25-T90,2025-06-25,kalshi_candlesticks,0.01,0.01,0.01,0.01,0.01
KXHIGHNY-25JUN25-T97,2025-06-25,kalshi_candlesticks,0.1,0.25,0.18,0.13,0.08
KXHIGHNY-25JUN26-B83.5,2025-06-26,kalshi_candlesticks,0.36,0.82,0.01,0.01,0.01
KXHIGHNY-25JUN26-B85.5,2025-06-26,kalshi_candlesticks,0.31,0.24,0.98,0.99,0.99
KXHIGHNY-25JUN26-B87.5,2025-06-26,kalshi_candlesticks,0.07,0.01,0.01,0.01,0.01
KXHIGHNY-25JUN26-B89.5,2025-06-26,kalshi_candlesticks,0.06,0.01,0.01,0.01,0.01
KXHIGHNY-25JUN26-T83,2025-06-26,kalshi_candlesticks,0.13,0.01,0.01,0.01,0.01
KXHIGHNY-25JUN26-T90,2025-06-26,kalshi_candlesticks,0.05,0.01,0.01,0.01,0.01
KXHIGHNY-25JUN27-B67.5,2025-06-27,kalshi_candlesticks,0.15,0.03,0.02,0.01,0.01
KXHIGHNY-25JUN27-B69.5,2025-06-27,kalshi_candlesticks,0.28,0.01,0.04,0.03,0.01
KXHIGHNY-25JUN27-B71.5,2025-06-27,kalshi_candlesticks,0.07,0.19,0.29,0.44,0.55
KXHIGHNY-25JUN27-B73.5,2025-06-27,kalshi_candlesticks,0.63,0.39,0.49,0.3,0.28
KXHIGHNY-25JUN27-T67,2025-06-27,kalshi_candlesticks,0.16,0.02,0.02,0.02,0.02
KXHIGHNY-25JUN27-T74,2025-06-27,kalshi_candlesticks,0.1,0.35,0.22,0.17,0.04
KXHIGHNY-25JUN28-B82.5,2025-06-28,kalshi_candlesticks,0.28,0.35,0.36,0.24,0.5
KXHIGHNY-25JUN28-B84.5,2025-06-28,kalshi_candlesticks,0.26,0.47,0.51,0.57,0.3
KXHIGHNY-25JUN28-B86.5,2025-06-28,kalshi_candlesticks,0.33,0.17,0.13,0.19,0.05
KXHIGHNY-25JUN28-B88.5,2025-06-28,kalshi_candlesticks,0.05,0.01,0.01,0.03,0.01
KXHIGHNY-25JUN28-T82,2025-06-28,kalshi_candlesticks,0.15,0.06,0.06,0.02,0.21
KXHIGHNY-25JUN28-T89,2025-06-28,kalshi_candlesticks,0.01,0.01,0.01,0.01,0.01
KXHIGHNY-25JUN29-B88.5,2025-06-29,kalshi_candlesticks,0.35,0.53,0.52,0.38,0.16
KXHIGHNY-25JUN29-B90.5,2025-06-29,kalshi_candlesticks,0.26,0.31,0.4,0.61,0.11
KXHIGHNY-25JUN29-B92.5,2025-06-29,kalshi_candlesticks,0.1,0.03,0.03,0.15,0.09
KXHIGHNY-25JUN29-B94.5,2025-06-29,kalshi_candlesticks,0.13,0.01,0.01,0.02,0.01
KXHIGHNY-25JUN29-T88,2025-06-29,kalshi_candlesticks,0.16,0.2,0.1,0.02,0.75
KXHIGHNY-25JUN29-T95,2025-06-29,kalshi_candlesticks,0.01,0.01,0.01,0.01,0.01
KXHIGHNY-25JUN30-B86.5,2025-06-30,kalshi_candlesticks,0.35,0.35,0.32,0.11,0.01
KXHIGHNY-25JUN30-B88.5,2025-06-30,kalshi_candlesticks,0.3,0.23,0.52,0.75,0.79
KXHIGHNY-25JUN30-B90.5,2025-06-30,kalshi_candlesticks,0.12,0.09,0.16,0.11,0.23
KXHIGHNY-25JUN30-B92.5,2025-06-30,kalshi_candlesticks,0.05,0.05,0.04,0.02,0.03
KXHIGHNY-25JUN30-T86,2025-06-30,kalshi_candlesticks,0.16,0.27,0.02,0.01,0.01
KXHIGHNY-25JUN30-T93,2025-06-30,kalshi_candlesticks,0.02,0.02,0.02,0.02,0.02
KXHIGHNY-25JUL01-B84.5,2025-07-01,kalshi_candlesticks,0.22,0.05,0.02,0.14,0.01
KXHIGHNY-25JUL01-B86.5,2025-07-01,kalshi_candlesticks,0.33,0.3,0.17,0.49,0.01
KXHIGHNY-25JUL01-B88.5,2025-07-01,kalshi_candlesticks,0.32,0.42,0.53,0.47,0.83
KXHIGHNY-25JUL01-B90.5,2025-07-01,kalshi_candlesticks,0.06,0.22,0.29,0.1,0.15
KXHIGHNY-25JUL01-T84,2025-07-01,kalshi_candlesticks,0.16,0.02,0.02,0.01,0.01
KXHIGHNY-25JUL01-T91,2025-07-01,kalshi_candlesticks,0.05,0.03,0.06,0.02,0.01
KXHIGHNY-25JUL02-B79.5,2025-07-02,kalshi_candlesticks,0.11,0.02,0.05,0.03,0.01
KXHIGHNY-25JUL02-B81.5,2025-07-02,kalshi_candlesticks,0.28,0.11,0.14,0.34,0.33
KXHIGHNY-25JUL02-B83.5,2025-07-02,kalshi_candlesticks,0.3,0.42,0.35,0.49,0.52
KXHIGHNY-25JUL02-B85.5,2025-07-02,kalshi_candlesticks,0.13,0.37,0.39,0.14,0.17
KXHIGHNY-25JUL02-T79,2025-07-02,kalshi_candlesticks,0.02,0.01,0.01,0.02,0.02
KXHIGHNY-25JUL02-T86,2025-07-02,kalshi_candlesticks,0.09,0.15,0.12,0.02,0.02
KXHIGHNY-25JUL03-B85.5,2025-07-03,kalshi_candlesticks,0.15,0.02,0.01,0.01,0.01
KXHIGHNY-25JUL03-B87.5,2025-07-03,kalshi_candlesticks,0.36,0.37,0.35,0.35,0.71
KXHIGHNY-25JUL03-B89.5,2025-07-03,kalshi_candlesticks,0.32,0.44,0.52,0.52,0.24
KXHIGHNY-25JUL03-B91.5,2025-07-03,kalshi_candlesticks,0.09,0.2,0.15,0.2,0.04
KXHIGHNY-25JUL03-T85,2025-07-03,kalshi_candlesticks,0.02,0.01,0.01,0.01,0.01
KXHIGHNY-25JUL03-T92,2025-07-03,kalshi_candlesticks,0.01,0.01,0.01,0.01,0.02
KXHIGHNY-25JUL04-B82.5,2025-07-04,kalshi_candlesticks,0.12,0.42,0.46,0.5,0.85
KXHIGHNY-25JUL04-B84.5,2025-07-04,kalshi_candlesticks,0.34,0.4,0.43,0.43,0.11
KXHIGHNY-25JUL04-B86.5,2025-07-04,kalshi_candlesticks,0.19,0.09,0.06,0.14,0.02
KXHIGHNY-25JUL04-B88.5,2025-07-04,kalshi_candlesticks,0.01,0.02,0.03,0.01,0.02
KXHIGHNY-25JUL04-T82,2025-07-04,kalshi_candlesticks,0.01,0.1,0.08,0.04,0.06
KXHIGHNY-25JUL04-T89,2025-07-04,kalshi_candlesticks,0.01,0.04,0.02,0.02,0.02
KXHIGHNY-25JUL05-B82.5,2025-07-05,kalshi_candlesticks,0.19,0.15,0.11,0.1,0.01
KXHIGHNY-25JUL05-B84.5,2025-07-05,kalshi_candlesticks,0.37,0.6,0.44,0.64,0.65
KXHIGHNY-25JUL05-B86.5,2025-07-05,kalshi_candlesticks,0.31,0.23,0.38,0.25,0.43
KXHIGHNY-25JUL05-B88.5,2025-07-05,kalshi_candlesticks,0.07,0.07,0.05,0.02,0.01
KXHIGHNY-25JUL05-T82,2025-07-05,kalshi_candlesticks,0.01,0.02,0.02,0.02,0.01
KXHIGHNY-25JUL05-T89,2025-07-05,kalshi_candlesticks,0.01,0.02,0.02,0.02,0.02
KXHIGHNY-25JUL06-B86.5,2025-07-06,kalshi_candlesticks,0.21,0.24,0.25,0.19,0.33
KXHIGHNY-25JUL06-B88.5,2025-07-06,kalshi_candlesticks,0.36,0.53,0.59,0.72,0.61
KXHIGHNY-25JUL06-B90.5,2025-07-06,kalshi_candlesticks,0.25,0.2,0.21,0.09,0.03
KXHIGHNY-25JUL06-B92.5,2025-07-06,kalshi_candlesticks,0.05,0.01,0.01,0.02,0.02
KXHIGHNY-25JUL06-T86,2025-07-06,kalshi_candlesticks,0.01,0.03,0.01,0.02,0.01
KXHIGHNY-25JUL06-T93,2025-07-06,kalshi_candlesticks,0.01,0.01,0.03,0.02,0.02
KXHIGHNY-25JUL07-B83.5,2025-07-07,kalshi_candlesticks,0.35,0.43,0.53,0.16,0.01
KXHIGHNY-25JUL07-B85.5,2025-07-07,kalshi_candlesticks,0.33,0.2,0.24,0.48,0.01
KXHIGHNY-25JUL07-B87.5,2025-07-07,kalshi_candlesticks,0.18,0.04,0.05,0.14,0.86
KXHIGHNY-25JUL07-B89.5,2025-07-07,kalshi_candlesticks,0.01,0.01,0.02,0.02,0.1
KXHIGHNY-25JUL07-T83,2025-07-07,kalshi_candlesticks,0.01,0.3,0.23,0.01,0.01
KXHIGHNY-25JUL07-T90,2025-07-07,kalshi_candlesticks,0.01,0.01,0.02,0.02,0.01
KXHIGHNY-25JUL08-B88.5,2025-07-08,kalshi_candlesticks,0.26,0.13,0.04,0.01,0.01
KXHIGHNY-25JUL08-B90.5,2025-07-08,kalshi_candlesticks,0.36,0.27,0.25,0.01,0.01
KXHIGHNY-25JUL08-B92.5,2025-07-08,kalshi_candlesticks,0.28,0.43,0.47,0.25,0.25
KXHIGHNY-25JUL08-B94.5,2025-07-08,kalshi_candlesticks,0.1,0.15,0.25,0.64,0.71
KXHIGHNY-25JUL08-T88,2025-07-08,kalshi_candlesticks,0.07,0.01,0.01,0.01,0.01
KXHIGHNY-25JUL08-T95,2025-07-08,kalshi_candlesticks,0.01,0.05,0.14,0.12,0.1
KXHIGHNY-25JUL09-B84.5,2025-07-09,kalshi_candlesticks,0.18,0.02,0.01,0.01,0.01
KXHIGHNY-25JUL09-B86.5,2025-07-09,kalshi_candlesticks,0.48,0.25,0.09,0.08,0.01
KXHIGHNY-25JUL09-B88.5,2025-07-09,kalshi_candlesticks,0.34,0.54,0.39,0.5,0.68
KXHIGHNY-25JUL09-B90.5,2025-07-09,kalshi_candlesticks,0.13,0.26,0.44,0.35,0.37
KXHIGHNY-25JUL09-T84,2025-07-09,kalshi_candlesticks,0.01,0.01,0.01,0.01,0.01
KXHIGHNY-25JUL09-T91,2025-07-09,kalshi_candlesticks,0.05,0.14,0.13,0.05,0.02
KXHIGHNY-25JUL10-B77.5,2025-07-10,kalshi_candlesticks,0.23,0.03,0.1,0.01,0.01
KXHIGHNY-25JUL10-B79.5,2025-07-10,kalshi_candlesticks,0.31,0.19,0.22,0.07,0.01
KXHIGHNY-25JUL10-B81.5,2025-07-10,kalshi_candlesticks,0.24,0.43,0.42,0.53,0.01
KXHIGHNY-25JUL10-B83.5,2025-07-10,kalshi_candlesticks,0.09,0.31,0.26,0.4,0.84
KXHIGHNY-25JUL10-T77,2025-07-10,kalshi_candlesticks,0.08,0.02,0.01,0.01,0.01
KXHIGHNY-25JUL10-T84,2025-07-10,kalshi_candlesticks,0.09,0.03,0.05,0.06,0.16
KXHIGHNY-25JUL11-B83.5,2025-07-11,kalshi_candlesticks,0.31,0.32,0.29,0.33,0.43
KXHIGHNY-25JUL11-B85.5,2025-07-11,kalshi_candlesticks,0.33,0.46,0.54,0.67,0.58
KXHIGHNY-25JUL11-B87.5,2025-07-11,kalshi_candlesticks,0.13,0.19,0.18,0.07,0.02
KXHIGHNY-25JUL11-B89.5,2025-07-11,kalshi_candlesticks,0.07,0.11,0.03,0.02,0.02
KXHIGHNY-25JUL11-T83,2025-07-11,kalshi_candlesticks,0.16,0.04,0.01,0.02,0.01
KXHIGHNY-25JUL11-T90,2025-07-11,kalshi_candlesticks,0.01,0.05,0.02,0.02,0.02
KXHIGHNY-25JUL12-B82.5,2025-07-12,kalshi_candlesticks,0.31,0.16,0.26,0.23,0.62
KXHIGHNY-25JUL12-B84.5,2025-07-12,kalshi_candlesticks,0.33,0.41,0.57,0.69,0.45
KXHIGHNY-25JUL12-B86.5,2025-07-12,kalshi_candlesticks,0.25,0.36,0.25,0.21,0.11
KXHIGHNY-25JUL12-B88.5,2025-07-12,kalshi_candlesticks,0.09,0.03,0.02,0.02,0.02
KXHIGHNY-25JUL12-T82,2025-07-12,kalshi_candlesticks,0.09,0.03,0.02,0.01,0.01
KXHIGHNY-25JUL12-T89,2025-07-12,kalshi_candlesticks,0.01,0.01,0.02,0.02,0.02
KXHIGHNY-25JUL13-B82.5,2025-07-13,kalshi_candlesticks,0.34,0.37,0.33,0.6,0.86
KXHIGHNY-25JUL13-B84.5,2025-07-13,kalshi_candlesticks,0.32,0.38,0.15,0.19,0.08
KXHIGHNY-25JUL13-B86.5,2025-07-13,kalshi_candlesticks,0.04,0.02,0.03,0.12,0.03
KXHIGHNY-25JUL13-B88.5,2025-07-13,kalshi_candlesticks,0.01,0.01,0.01,0.01,0.01
KXHIGHNY-25JUL13-T82,2025-07-13,kalshi_candlesticks,0.16,0.17,0.54,0.19,0.01
KXHIGHNY-25JUL13-T89,2025-07-13,kalshi_candlesticks,0.01,0.01,0.01,0.01,0.01
KXHIGHNY-25JUL14-B82.5,2025-07-14,kalshi_candlesticks,0.33,0.32,0.27,0.22,0.01
KXHIGHNY-25JUL14-B84.5,2025-07-14,kalshi_candlesticks,0.32,0.5,0.54,0.53,0.84
KXHIGHNY-25JUL14-B86.5,2025-07-14,kalshi_candlesticks,0.2,0.21,0.24,0.3,0.04
KXHIGHNY-25JUL14-B88.5,2025-07-14,kalshi_candlesticks,0.01,0.04,0.02,0.02,0.01
KXHIGHNY-25JUL14-T82,2025-07-14,kalshi_candlesticks,0.15,0.03,0.01,0.01,0.01
KXHIGHNY-25JUL14-T89,2025-07-14,kalshi_candlesticks,0.01,0.04,0.02,0.01,0.01
KXHIGHNY-25JUL15-B82.5,2025-07-15,kalshi_candlesticks,0.26,0.07,0.15,0.16,0.01
KXHIGHNY-25JUL15-B84.5,2025-07-15,kalshi_candlesticks,0.3,0.5,0.45,0.5,0.73
KXHIGHNY-25JUL15-B86.5,2025-07-15,kalshi_candlesticks,0.33,0.38,0.4,0.3,0.31
KXHIGHNY-25JUL15-B88.5,2025-07-15,kalshi_candlesticks,0.13,0.17,0.08,0.05,0.04
KXHIGHNY-25JUL15-T82,2025-07-15,kalshi_candlesticks,0.02,0.05,0.01,0.03,0.03
KXHIGHNY-25JUL15-T89,2025-07-15,kalshi_candlesticks,0.1,0.02,0.01,0.02,0.02
KXHIGHNY-25JUL16-B86.5,2025-07-16,kalshi_candlesticks,0.28,0.07,0.07,0.02,0.74
KXHIGHNY-25JUL16-B88.5,2025-07-16,kalshi_candlesticks,0.35,0.54,0.57,0.69,0.22
KXHIGHNY-25JUL16-B90.5,2025-07-16,kalshi_candlesticks,0.18,0.38,0.39,0.28,0.1
KXHIGHNY-25JUL16-B92.5,2025-07-16,kalshi_candlesticks,0.06,0.05,0.05,0.01,0.03
KXHIGHNY-25JUL16-T86,2025-07-16,kalshi_candlesticks,0.08,0.01,0.01,0.01,0.01
KXHIGHNY-25JUL16-T93,2025-07-16,kalshi_candlesticks,0.1,0.01,0.01,0.01,0.01
KXHIGHNY-25JUL17-B87.5,2025-07-17,kalshi_candlesticks,0.2,0.03,0.06,0.11,0.33
KXHIGHNY-25JUL17-B89.5,2025-07-17,kalshi_candlesticks,0.32,0.24,0.41,0.35,0.47
KXHIGHNY-25JUL17-B91.5,2025-07-17,kalshi_candlesticks,0.28,0.49,0.59,0.6,0.24
KXHIGHNY-25JUL17-B93.5,2025-07-17,kalshi_candlesticks,0.13,0.29,0.11,0.13,0.01
KXHIGHNY-25JUL17-T87,2025-07-17,kalshi_candlesticks,0.01,0.01,0.03,0.01,0.01
KXHIGHNY-25JUL17-T94,2025-07-17,kalshi_candlesticks,0.1,0.08,0.02,0.01,0.01
KXHIGHNY-25JUL18-B81.5,2025-07-18,kalshi_candlesticks,0.05,0.17,0.23,0.27,0.54
KXHIGHNY-25JUL18-B83.5,2025-07-18,kalshi_candlesticks,0.29,0.48,0.51,0.52,0.22
KXHIGHNY-25JUL18-B85.5,2025-07-18,kalshi_candlesticks,0.32,0.25,0.24,0.25,0.16
KXHIGHNY-25JUL18-B87.5,2025-07-18,kalshi_candlesticks,0.13,0.03,0.04,0.01,0.01
KXHIGHNY-25JUL18-T81,2025-07-18,kalshi_candlesticks,0.02,0.01,0.02,0.02,0.12
KXHIGHNY-25JUL18-T88,2025-07-18,kalshi_candlesticks,0.07,0.01,0.01,0.01,0.01
KXHIGHNY-25JUL19-B79.5,2025-07-19,kalshi_candlesticks,0.22,0.17,0.18,0.03,0.01
KXHIGHNY-25JUL19-B81.5,2025-07-19,kalshi_candlesticks,0.33,0.38,0.51,0.62,0.95
KXHIGHNY-25JUL19-B83.5,2025-07-19,kalshi_candlesticks,0.25,0.32,0.32,0.36,0.2
KXHIGHNY-25JUL19-B85.5,2025-07-19,kalshi_candlesticks,0.13,0.06,0.06,0.07,0.04
KXHIGHNY-25JUL19-T79,2025-07-19,kalshi_candlesticks,0.1,0.01,0.02,0.01,0.01
KXHIGHNY-25JUL19-T86,2025-07-19,kalshi_candlesticks,0.01,0.01,0.01,0.01,0.01
KXHIGHNY-25JUL20-B87.5,2025-07-20,kalshi_candlesticks,0.26,0.42,0.45,0.53,0.71
KXHIGHNY-25JUL20-B89.5,2025-07-20,kalshi_candlesticks,0.34,0.36,0.46,0.44,0.35
KXHIGHNY-25JUL20-B91.5,2025-07-20,kalshi_candlesticks,0.2,0.14,0.1,0.02,0.06
KXHIGHNY-25JUL20-B93.5,2025-07-20,kalshi_candlesticks,0.03,0.03,0.03,0.02,0.01
KXHIGHNY-25JUL20-T87,2025-07-20,kalshi_candlesticks,0.09,0.06,0.07,0.04,0.01
KXHIGHNY-25JUL20-T94,2025-07-20,kalshi_candlesticks,0.01,0.01,0.01,0.02,0.02
KXHIGHNY-25JUL21-B80.5,2025-07-21,kalshi_candlesticks,0.25,0.07,0.04,0.01,0.01
KXHIGHNY-25JUL21-B82.5,2025-07-21,kalshi_candlesticks,0.34,0.37,0.28,0.24,0.01
KXHIGHNY-25JUL21-B84.5,2025-07-21,kalshi_candlesticks,0.25,0.47,0.5,0.51,0.81
KXHIGHNY-25JUL21-B86.5,2025-07-21,kalshi_candlesticks,0.06,0.14,0.21,0.23,0.03
KXHIGHNY-25JUL21-T80,2025-07-21,kalshi_candlesticks,0.05,0.03,0.01,0.01,0.01
KXHIGHNY-25JUL21-T87,2025-07-21,kalshi_candlesticks,0.01,0.01,0.03,0.07,0.01
KXHIGHNY-25JUL22-B78.5,2025-07-22,kalshi_candlesticks,0.28,0.29,0.38,0.32,0.01
KXHIGHNY-25JUL22-B80.5,2025-07-22,kalshi_candlesticks,0.33,0.43,0.42,0.51,0.9
KXHIGHNY-25JUL22-B82.5,2025-07-22,kalshi_candlesticks,0.37,0.16,0.15,0.12,0.12
KXHIGHNY-25JUL22-B84.5,2025-07-22,kalshi_candlesticks,0.04,0.01,0.01,0.03,0.01
KXHIGHNY-25JUL22-T78,2025-07-22,kalshi_candlesticks,0.15,0.04,0.1,0.01,0.01
KXHIGHNY-25JUL22-T85,2025-07-22,kalshi_candlesticks,0.05,0.01,0.01,0.01,0.01
KXHIGHNY-25JUL23-B84.5,2025-07-23,kalshi_candlesticks,0.23,0.25,0.22,0.19,0.05
KXHIGHNY-25JUL23-B86.5,2025-07-23,kalshi_candlesticks,0.2,0.02,0.03,0.03,0.01
KXHIGHNY-25JUL23-B88.5,2025-07-23,kalshi_candlesticks,0.07,0.01,0.01,0.01,0.01
KXHIGHNY-25JUL23-B90.5,2025-07-23,kalshi_candlesticks,0.05,0.02,0.02,0.02,0.02
KXHIGHNY-25JUL23-T84,2025-07-23,kalshi_candlesticks,0.17,0.62,0.67,0.85,0.98
KXHIGHNY-25JUL23-T91,2025-07-23,kalshi_candlesticks,,,,,
KXHIGHNY-25JUL24-B86.5,2025-07-24,kalshi_candlesticks,0.34,0.53,0.61,0.77,0.83
KXHIGHNY-25JUL24-B88.5,2025-07-24,kalshi_candlesticks,0.29,0.31,0.25,0.36,0.16
KXHIGHNY-25JUL24-B90.5,2025-07-24,kalshi_candlesticks,0.21,0.02,0.01,0.02,0.01
KXHIGHNY-25JUL24-B92.5,2025-07-24,kalshi_candlesticks,0.03,0.04,0.04,0.04,0.04
KXHIGHNY-25JUL24-T86,2025-07-24,kalshi_candlesticks,0.16,0.11,0.12,0.02,0.01
KXHIGHNY-25JUL24-T93,2025-07-24,kalshi_candlesticks,0.05,0.05,0.05,0.05,0.05
KXHIGHNY-25JUL25-B100.5,2025-07-25,kalshi_candlesticks,0.01,0.01,0.03,0.01,0.01
KXHIGHNY-25JUL25-B94.5,2025-07-25,kalshi_candlesticks,0.31,0.54,0.51,0.54,0.75
KXHIGHNY-25JUL25-B96.5,2025-07-25,kalshi_candlesticks,0.35,0.3,0.25,0.36,0.18
KXHIGHNY-25JUL25-B98.5,2025-07-25,kalshi_candlesticks,0.17,0.03,0.09,0.03,0.01
KXHIGHNY-25JUL25-T101,2025-07-25,kalshi_candlesticks,0.01,0.01,0.01,0.01,0.01
KXHIGHNY-25JUL25-T94,2025-07-25,kalshi_candlesticks,0.11,0.11,0.16,0.15,0.01
KXHIGHNY-25JUL26-B83.5,2025-07-26,kalshi_candlesticks,0.19,0.28,0.39,0.19,0.01
KXHIGHNY-25JUL26-B85.5,2025-07-26,kalshi_candlesticks,0.61,0.6,0.36,0.75,0.93
KXHIGHNY-25JUL26-B87.5,2025-07-26,kalshi_candlesticks,0.23,0.15,0.16,0.03,0.08
KXHIGHNY-25JUL26-B89.5,2025-07-26,kalshi_candlesticks,0.06,0.03,0.01,0.01,0.01
KXHIGHNY-25JUL26-T83,2025-07-26,kalshi_candlesticks,0.01,0.01,0.03,0.01,0.01
KXHIGHNY-25JUL26-T90,2025-07-26,kalshi_candlesticks,0.01,0.02,0.02,0.02,0.02
KXHIGHNY-25JUL27-B77.5,2025-07-27,kalshi_candlesticks,0.12,0.03,0.03,0.05,0.02
KXHIGHNY-25JUL27-B79.5,2025-07-27,kalshi_candlesticks,0.35,0.16,0.21,0.21,0.21
KXHIGHNY-25JUL27-B81.5,2025-07-27,kalshi_candlesticks,0.34,0.51,0.59,0.55,0.78
KXHIGHNY-25JUL27-B83.5,2025-07-27,kalshi_candlesticks,0.13,0.27,0.18,0.18,0.05
KXHIGHNY-25JUL27-T77,2025-07-27,kalshi_candlesticks,0.01,0.01,0.01,0.01,0.01
KXHIGHNY-25JUL27-T84,2025-07-27,kalshi_candlesticks,0.05,0.1,0.03,0.03,0.01
KXHIGHNY-25JUL28-B90.5,2025-07-28,kalshi_candlesticks,0.27,0.03,0.06,0.01,0.01
KXHIGHNY-25JUL28-B92.5,2025-07-28,kalshi_candlesticks,0.42,0.54,0.46,0.39,0.01
KXHIGHNY-25JUL28-B94.5,2025-07-28,kalshi_candlesticks,0.26,0.44,0.48,0.64,0.87
KXHIGHNY-25JUL28-B96.5,2025-07-28,kalshi_candlesticks,0.06,0.03,0.06,0.07,0.11
KXHIGHNY-25JUL28-T90,2025-07-28,kalshi_candlesticks,0.08,0.02,0.02,0.02,0.02
KXHIGHNY-25JUL28-T97,2025-07-28,kalshi_candlesticks,0.05,0.01,0.05,0.02,0.01
KXHIGHNY-25JUL29-B93.5,2025-07-29,kalshi_candlesticks,0.25,0.03,0.03,0.02,0.02
KXHIGHNY-25JUL29-B95.5,2025-07-29,kalshi_candlesticks,0.35,0.35,0.16,0.07,0.01
KXHIGHNY-25JUL29-B97.5,2025-07-29,kalshi_candlesticks,0.33,0.52,0.69,0.8,0.85
KXHIGHNY-25JUL29-B99.5,2025-07-29,kalshi_candlesticks,0.09,0.15,0.11,0.1,0.09
KXHIGHNY-25JUL29-T100,2025-07-29,kalshi_candlesticks,0.02,0.03,0.06,0.05,0.04
KXHIGHNY-25JUL29-T93,2025-07-29,kalshi_candlesticks,0.01,0.01,0.01,0.01,0.01
KXHIGHNY-25JUL30-B93.5,2025-07-30,kalshi_candlesticks,0.28,0.14,0.22,0.01,0.01
KXHIGHNY-25JUL30-B95.5,2025-07-30,kalshi_candlesticks,0.37,0.61,0.71,0.8,0.72
KXHIGHNY-25JUL30-B97.5,2025-07-30,kalshi_candlesticks,0.19,0.21,0.1,0.23,0.3
KXHIGHNY-25JUL30-B99.5,2025-07-30,kalshi_candlesticks,0.02,0.03,0.01,0.03,0.03
KXHIGHNY-25JUL30-T100,2025-07-30,kalshi_candlesticks,0.01,0.01,0.01,0.01,0.01
KXHIGHNY-25JUL30-T93,2025-07-30,kalshi_candlesticks,0.05,0.02,0.03,0.01,0.01
KXHIGHNY-25JUL31-B82.5,2025-07-31,kalshi_candlesticks,0.35,0.18,0.01,0.01,0.01
KXHIGHNY-25JUL31-B84.5,2025-07-31,kalshi_candlesticks,0.34,0.63,0.38,0.01,0.01
KXHIGHNY-25JUL31-B86.5,2025-07-31,kalshi_candlesticks,0.2,0.4,0.4,0.85,0.01
KXHIGHNY-25JUL31-B88.5,2025-07-31,kalshi_candlesticks,0.01,0.06,0.08,0.15,0.99
KXHIGHNY-25JUL31-T82,2025-07-31,kalshi_candlesticks,0.05,0.09,0.01,0.01,0.01
KXHIGHNY-25JUL31-T89,2025-07-31,kalshi_candlesticks,0.01,0.04,0.02,0.02,0.01
KXHIGHNY-25AUG01-B69.5,2025-08-01,kalshi_candlesticks,0.1,0.04,0.22,0.01,0.01
KXHIGHNY-25AUG01-B71.5,2025-08-01,kalshi_candlesticks,0.28,0.09,0.27,0.43,0.37
KXHIGHNY-25AUG01-B73.5,2025-08-01,kalshi_candlesticks,0.35,0.32,0.38,0.58,0.71
KXHIGHNY-25AUG01-B75.5,2025-08-01,kalshi_candlesticks,0.12,0.43,0.19,0.08,0.03
KXHIGHNY-25AUG01-T69,2025-08-01,kalshi_candlesticks,0.02,0.01,0.04,0.01,0.01
KXHIGHNY-25AUG01-T76,2025-08-01,kalshi_candlesticks,0.1,0.11,0.02,0.02,0.02
KXHIGHNY-25AUG02-B77.5,2025-08-02,kalshi_candlesticks,0.19,0.16,0.11,0.18,0.01
KXHIGHNY-25AUG02-B79.5,2025-08-02,kalshi_candlesticks,0.39,0.63,0.57,0.64,0.93
KXHIGHNY-25AUG02-B81.5,2025-08-02,kalshi_candlesticks,0.24,0.31,0.27,0.24,0.19
KXHIGHNY-25AUG02-B83.5,2025-08-02,kalshi_candlesticks,0.05,0.03,0.09,0.03,0.01
KXHIGHNY-25AUG02-T77,2025-08-02,kalshi_candlesticks,0.03,0.01,0.01,0.01,0.01
KXHIGHNY-25AUG02-T84,2025-08-02,kalshi_candlesticks,0.01,0.03,0.01,0.02,0.01
KXHIGHNY-25AUG03-B82.5,2025-08-03,kalshi_candlesticks,0.35,0.58,0.46,0.41,0.2
KXHIGHNY-25AUG03-B84.5,2025-08-03,kalshi_candlesticks,0.29,0.35,0.53,0.66,0.79
KXHIGHNY-25AUG03-B86.5,2025-08-03,kalshi_candlesticks,0.19,0.03,0.09,0.02,0.08
KXHIGHNY-25AUG03-B88.5,2025-08-03,kalshi_candlesticks,0.06,0.02,0.02,0.01,0.02
KXHIGHNY-25AUG03-T82,2025-08-03,kalshi_candlesticks,0.15,0.12,0.02,0.01,0.01
KXHIGHNY-25AUG03-T89,2025-08-03,kalshi_candlesticks,0.05,0.05,0.05,0.05,0.01
KXHIGHNY-25AUG04-B86.5,2025-08-04,kalshi_candlesticks,0.26,0.22,0.3,0.18,0.01
KXHIGHNY-25AUG04-B88.5,2025-08-04,kalshi_candlesticks,0.35,0.6,0.6,0.67,0.8
KXHIGHNY-25AUG04-B90.5,2025-08-04,kalshi_candlesticks,0.27,0.2,0.13,0.19,0.22
KXHIGHNY-25AUG04-B92.5,2025-08-04,kalshi_candlesticks,0.03,0.02,0.01,0.01,0.01
KXHIGHNY-25AUG04-T86,2025-08-04,kalshi_candlesticks,0.03,0.02,0.03,0.02,0.01
KXHIGHNY-25AUG04-T93,2025-08-04,kalshi_candlesticks,0.01,0.01,0.01,0.01,0.01
KXHIGHNY-25AUG05-B85.5,2025-08-05,kalshi_candlesticks,0.35,0.63,0.62,0.72,0.84
KXHIGHNY-25AUG05-B87.5,2025-08-05,kalshi_candlesticks,0.35,0.3,0.22,0.07,0.12
KXHIGHNY-25AUG05-B89.5,2025-08-05,kalshi_candlesticks,0.09,0.02,0.01,0.01,0.01
KXHIGHNY-25AUG05-B91.5,2025-08-05,kalshi_candlesticks,,,,,
KXHIGHNY-25AUG05-T85,2025-08-05,kalshi_candlesticks,0.16,0.07,0.19,0.29,0.01
KXHIGHNY-25AUG05-T92,2025-08-05,kalshi_candlesticks,,,,,
KXHIGHNY-25AUG06-B79.5,2025-08-06,kalshi_candlesticks,0.31,0.34,0.37,0.53,0.92
KXHIGHNY-25AUG06-B81.5,2025-08-06,kalshi_candlesticks,0.34,0.58,0.6,0.35,0.01
KXHIGHNY-25AUG06-B83.5,2025-08-06,kalshi_candlesticks,0.11,0.26,0.09,0.07,0.01
KXHIGHNY-25AUG06-B85.5,2025-08-06,kalshi_candlesticks,0.03,0.03,0.04,0.03,0.03
KXHIGHNY-25AUG06-T79,2025-08-06,kalshi_candlesticks,0.16,0.03,0.03,0.02,0.01
KXHIGHNY-25AUG06-T86,2025-08-06,kalshi_candlesticks,0.05,0.05,0.03,0.03,0.03
KXHIGHNY-25AUG07-B78.5,2025-08-07,kalshi_candlesticks,0.33,0.15,0.11,0.18,0.01
KXHIGHNY-25AUG07-B80.5,2025-08-07,kalshi_candlesticks,0.34,0.63,0.5,0.66,0.96
KXHIGHNY-25AUG07-B82.5,2025-08-07,kalshi_candlesticks,0.28,0.25,0.26,0.13,0.03
KXHIGHNY-25AUG07-B84.5,2025-08-07,kalshi_candlesticks,0.01,0.04,0.01,0.02,0.01
KXHIGHNY-25AUG07-T78,2025-08-07,kalshi_candlesticks,0.05,0.02,0.01,0.01,0.01
KXHIGHNY-25AUG07-T85,2025-08-07,kalshi_candlesticks,0.01,0.03,0.03,0.02,0.02
KXHIGHNY-25AUG08-B79.5,2025-08-08,kalshi_candlesticks,0.32,0.26,0.21,0.14,0.01
KXHIGHNY-25AUG08-B81.5,2025-08-08,kalshi_candlesticks,0.39,0.71,0.73,0.82,0.88
KXHIGHNY-25AUG08-B83.5,2025-08-08,kalshi_candlesticks,0.2,0.08,0.1,0.1,0.17
KXHIGHNY-25AUG08-B85.5,2025-08-08,kalshi_candlesticks,0.04,0.03,0.03,0.03,0.01
KXHIGHNY-25AUG08-T79,2025-08-08,kalshi_candlesticks,0.09,0.03,0.1,0.1,0.01
KXHIGHNY-25AUG08-T86,2025-08-08,kalshi_candlesticks,0.02,0.02,0.02,0.02,0.01
KXHIGHNY-25AUG09-B81.5,2025-08-09,kalshi_candlesticks,0.32,0.12,0.1,0.04,0.01
KXHIGHNY-25AUG09-B83.5,2025-08-09,kalshi_candlesticks,0.39,0.64,0.68,0.87,0.01
KXHIGHNY-25AUG09-B85.5,2025-08-09,kalshi_candlesticks,0.12,0.27,0.27,0.11,0.96
KXHIGHNY-25AUG09-B87.5,2025-08-09,kalshi_candlesticks,0.03,0.03,0.02,0.02,0.03
KXHIGHNY-25AUG09-T81,2025-08-09,kalshi_candlesticks,0.09,0.01,0.01,0.01,0.01
KXHIGHNY-25AUG09-T88,2025-08-09,kalshi_candlesticks,0.05,0.05,0.05,0.05,0.01
KXHIGHNY-25AUG10-B85.5,2025-08-10,kalshi_candlesticks,0.23,0.04,0.06,0.02,0.02
KXHIGHNY-25AUG10-B87.5,2025-08-10,kalshi_candlesticks,0.39,0.47,0.5,0.41,0.01
KXHIGHNY-25AUG10-B89.5,2025-08-10,kalshi_candlesticks,0.27,0.42,0.41,0.5,0.95
KXHIGHNY-25AUG10-B91.5,2025-08-10,kalshi_candlesticks,0.02,0.06,0.06,0.03,0.04
KXHIGHNY-25AUG10-T85,2025-08-10,kalshi_candlesticks,0.01,0.02,0.01,0.01,0.01
KXHIGHNY-25AUG10-T92,2025-08-10,kalshi_candlesticks,0.02,0.02,0.02,0.02,0.01
KXHIGHNY-25AUG11-B86.5,2025-08-11,kalshi_candlesticks,0.18,0.05,0.13,0.02,0.01
KXHIGHNY-25AUG11-B88.5,2025-08-11,kalshi_candlesticks,0.4,0.54,0.53,0.69,0.77
KXHIGHNY-25AUG11-B90.5,2025-08-11,kalshi_candlesticks,0.27,0.45,0.38,0.25,0.25
KXHIGHNY-25AUG11-B92.5,2025-08-11,kalshi_candlesticks,0.04,0.02,0.02,0.02,0.05
KXHIGHNY-25AUG11-T86,2025-08-11,kalshi_candlesticks,0.03,0.02,0.01,0.01,0.01
KXHIGHNY-25AUG11-T93,2025-08-11,kalshi_candlesticks,0.01,0.02,0.02,0.02,0.02
KXHIGHNY-25AUG12-B86.5,2025-08-12,kalshi_candlesticks,0.13,0.01,0.02,0.01,0.01
KXHIGHNY-25AUG12-B88.5,2025-08-12,kalshi_candlesticks,0.3,0.37,0.32,0.38,0.01
KXHIGHNY-25AUG12-B90.5,2025-08-12,kalshi_candlesticks,0.34,0.54,0.62,0.53,0.94
KXHIGHNY-25AUG12-B92.5,2025-08-12,kalshi_candlesticks,0.13,0.07,0.07,0.06,0.03
KXHIGHNY-25AUG12-T86,2025-08-12,kalshi_candlesticks,0.01,0.01,0.01,0.01,0.01
KXHIGHNY-25AUG12-T93,2025-08-12,kalshi_candlesticks,0.01,0.03,0.03,0.01,0.01
KXHIGHNY-25AUG13-B84.5,2025-08-13,kalshi_candlesticks,0.1,0.02,0.02,0.02,0.02
KXHIGHNY-25AUG13-B86.5,2025-08-13,kalshi_candlesticks,0.13,0.04,0.01,0.01,0.01
KXHIGHNY-25AUG13-B88.5,2025-08-13,kalshi_candlesticks,0.3,0.47,0.4,0.06,0.91
KXHIGHNY-25AUG13-B90.5,2025-08-13,kalshi_candlesticks,0.2,0.4,0.5,0.75,0.1
KXHIGHNY-25AUG13-T84,2025-08-13,kalshi_candlesticks,0.05,0.01,0.01,0.01,0.01
KXHIGHNY-25AUG13-T91,2025-08-13,kalshi_candlesticks,0.05,0.09,0.15,0.1,0.01
KXHIGHNY-25AUG14-B84.5,2025-08-14,kalshi_candlesticks,0.2,0.02,0.15,0.1,0.01
KXHIGHNY-25AUG14-B86.5,2025-08-14,kalshi_candlesticks,0.41,0.2,0.42,0.7,0.01
KXHIGHNY-25AUG14-B88.5,2025-08-14,kalshi_candlesticks,0.33,0.52,0.35,0.19,0.86
KXHIGHNY-25AUG14-B90.5,2025-08-14,kalshi_candlesticks,0.09,0.29,0.09,0.03,0.13
KXHIGHNY-25AUG14-T84,2025-08-14,kalshi_candlesticks,0.05,0.01,0.03,0.02,0.01
KXHIGHNY-25AUG14-T91,2025-08-14,kalshi_candlesticks,0.01,0.03,0.03,0.03,0.01
KXHIGHNY-25AUG15-B83.5,2025-08-15,kalshi_candlesticks,0.14,0.01,0.01,0.01,0.01
KXHIGHNY-25AUG15-B85.5,2025-08-15,kalshi_candlesticks,0.39,0.27,0.18,0.13,0.01
KXHIGHNY-25AUG15-B87.5,2025-08-15,kalshi_candlesticks,0.31,0.59,0.61,0.73,0.64
KXHIGHNY-25AUG15-B89.5,2025-08-15,kalshi_candlesticks,0.13,0.16,0.25,0.15,0.4
KXHIGHNY-25AUG15-T83,2025-08-15,kalshi_candlesticks,0.16,0.01,0.01,0.01,0.01
KXHIGHNY-25AUG15-T90,2025-08-15,kalshi_candlesticks,0.1,0.01,0.03,0.03,0.04
KXHIGHNY-25AUG16-B83.5,2025-08-16,kalshi_candlesticks,0.33,0.31,0.3,0.56,0.83
KXHIGHNY-25AUG16-B85.5,2025-08-16,kalshi_candlesticks,0.37,0.52,0.53,0.27,0.39
KXHIGHNY-25AUG16-B87.5,2025-08-16,kalshi_candlesticks,0.12,0.1,0.12,0.03,0.01
KXHIGHNY-25AUG16-B89.5,2025-08-16,kalshi_candlesticks,0.03,0.02,0.01,0.01,0.01
KXHIGHNY-25AUG16-T83,2025-08-16,kalshi_candlesticks,0.12,0.02,0.02,0.1,0.02
KXHIGHNY-25AUG16-T90,2025-08-16,kalshi_candlesticks,0.05,0.01,0.01,0.01,0.01
KXHIGHNY-25AUG17-B86.5,2025-08-17,kalshi_candlesticks,0.13,0.03,0.01,0.01,0.01
KXHIGHNY-25AUG17-B88.5,2025-08-17,kalshi_candlesticks,0.33,0.14,0.19,0.35,0.55
KXHIGHNY-25AUG17-B90.5,2025-08-17,kalshi_candlesticks,0.34,0.46,0.51,0.6,0.33
KXHIGHNY-25AUG17-B92.5,2025-08-17,kalshi_candlesticks,0.13,0.34,0.28,0.21,0.08
KXHIGHNY-25AUG17-T86,2025-08-17,kalshi_candlesticks,0.16,0.01,0.01,0.01,0.01
KXHIGHNY-25AUG17-T93,2025-08-17,kalshi_candlesticks,0.1,0.01,0.02,0.02,0.02
KXHIGHNY-25AUG18-B75.5,2025-08-18,kalshi_candlesticks,0.27,0.51,0.55,0.55,0.61
KXHIGHNY-25AUG18-B77.5,2025-08-18,kalshi_candlesticks,0.39,0.37,0.42,0.36,0.22
KXHIGHNY-25AUG18-B79.5,2025-08-18,kalshi_candlesticks,0.33,0.1,0.03,0.06,0.02
KXHIGHNY-25AUG18-B81.5,2025-08-18,kalshi_candlesticks,0.09,0.03,0.03,0.03,0.02
KXHIGHNY-25AUG18-T75,2025-08-18,kalshi_candlesticks,0.16,0.01,0.01,0.01,0.01
KXHIGHNY-25AUG18-T82,2025-08-18,kalshi_candlesticks,0.1,0.01,0.01,0.01,0.01
KXHIGHNY-25AUG19-B75.5,2025-08-19,kalshi_candlesticks,0.37,0.57,0.55,0.62,0.01
KXHIGHNY-25AUG19-B77.5,2025-08-19,kalshi_candlesticks,0.37,0.37,0.41,0.35,0.94
KXHIGHNY-25AUG19-B79.5,2025-08-19,kalshi_candlesticks,0.12,0.03,0.03,0.04,0.05
KXHIGHNY-25AUG19-B81.5,2025-08-19,kalshi_candlesticks,0.06,0.06,0.06,0.02,0.02
KXHIGHNY-25AUG19-T75,2025-08-19,kalshi_candlesticks,0.08,0.05,0.04,0.03,0.01
KXHIGHNY-25AUG19-T82,2025-08-19,kalshi_candlesticks,0.05,0.05,0.01,0.01,0.01
KXHIGHNY-25AUG20-B70.5,2025-08-20,kalshi_candlesticks,0.11,0.42,0.51,0.66,0.97
KXHIGHNY-25AUG20-B72.5,2025-08-20,kalshi_candlesticks,0.52,0.4,0.52,0.08,0.02
KXHIGHNY-25AUG20-B74.5,2025-08-20,kalshi_candlesticks,0.27,0.08,0.03,0.01,0.01
KXHIGHNY-25AUG20-B76.5,2025-08-20,kalshi_candlesticks,0.09,0.01,0.01,0.01,0.01
KXHIGHNY-25AUG20-T70,2025-08-20,kalshi_candlesticks,0.01,0.07,0.07,0.25,0.01
KXHIGHNY-25AUG20-T77,2025-08-20,kalshi_candlesticks,0.05,0.01,0.01,0.01,0.01
KXHIGHNY-25AUG21-B69.5,2025-08-21,kalshi_candlesticks,0.1,0.19,0.21,0.21,0.22
KXHIGHNY-25AUG21-B71.5,2025-08-21,kalshi_candlesticks,0.35,0.37,0.46,0.44,0.45
KXHIGHNY-25AUG21-B73.5,2025-08-21,kalshi_candlesticks,0.37,0.3,0.22,0.23,0.37
KXHIGHNY-25AUG21-B75.5,2025-08-21,kalshi_candlesticks,0.12,0.02,0.03,0.01,0.01
KXHIGHNY-25AUG21-T69,2025-08-21,kalshi_candlesticks,0.07,0.09,0.15,0.11,0.02
KXHIGHNY-25AUG21-T76,2025-08-21,kalshi_candlesticks,,,,,
KXHIGHNY-25AUG22-B81.5,2025-08-22,kalshi_candlesticks,0.5,0.52,0.59,0.63,0.28
KXHIGHNY-25AUG22-B83.5,2025-08-22,kalshi_candlesticks,0.45,0.39,0.37,0.35,0.79
KXHIGHNY-25AUG22-B85.5,2025-08-22,kalshi_candlesticks,0.08,0.04,0.05,0.04,0.06
KXHIGHNY-25AUG22-B87.5,2025-08-22,kalshi_candlesticks,0.13,0.04,0.04,0.01,0.01
KXHIGHNY-25AUG22-T81,2025-08-22,kalshi_candlesticks,0.01,0.13,0.03,0.05,0.01
KXHIGHNY-25AUG22-T88,2025-08-22,kalshi_candlesticks,0.1,0.01,0.01,0.01,0.01
KXHIGHNY-25AUG23-B82.5,2025-08-23,kalshi_candlesticks,0.46,0.57,0.57,0.65,0.82
KXHIGHNY-25AUG23-B84.5,2025-08-23,kalshi_candlesticks,0.58,0.28,0.29,0.13,0.16
KXHIGHNY-25AUG23-B86.5,2025-08-23,kalshi_candlesticks,0.06,0.03,0.03,0.01,0.01
KXHIGHNY-25AUG23-B88.5,2025-08-23,kalshi_candlesticks,,,,,
KXHIGHNY-25AUG23-T82,2025-08-23,kalshi_candlesticks,0.12,0.16,0.22,0.36,0.01
KXHIGHNY-25AUG23-T89,2025-08-23,kalshi_candlesticks,,,,,
KXHIGHNY-25AUG24-B79.5,2025-08-24,kalshi_candlesticks,0.34,0.34,0.42,0.61,0.88
KXHIGHNY-25AUG24-B81.5,2025-08-24,kalshi_candlesticks,0.37,0.56,0.56,0.24,0.11
KXHIGHNY-25AUG24-B83.5,2025-08-24,kalshi_candlesticks,0.14,0.08,0.06,0.02,0.02
KXHIGHNY-25AUG24-B85.5,2025-08-24,kalshi_candlesticks,0.07,0.07,0.07,0.07,0.07
KXHIGHNY-25AUG24-T79,2025-08-24,kalshi_candlesticks,0.11,0.01,0.04,0.17,0.17
KXHIGHNY-25AUG24-T86,2025-08-24,kalshi_candlesticks,0.05,0.05,0.05,0.05,0.05
KXHIGHNY-25AUG25-B82.5,2025-08-25,kalshi_candlesticks,0.18,0.09,0.12,0.08,0.01
KXHIGHNY-25AUG25-B84.5,2025-08-25,kalshi_candlesticks,0.39,0.59,0.6,0.65,0.42
KXHIGHNY-25AUG25-B86.5,2025-08-25,kalshi_candlesticks,0.28,0.36,0.31,0.28,0.49
KXHIGHNY-25AUG25-B88.5,2025-08-25,kalshi_candlesticks,0.05,0.01,0.02,0.01,0.08
KXHIGHNY-25AUG25-T82,2025-08-25,kalshi_candlesticks,0.03,0.02,0.03,0.01,0.01
KXHIGHNY-25AUG25-T89,2025-08-25,kalshi_candlesticks,0.04,0.04,0.04,0.04,0.01
KXHIGHNY-25AUG26-B77.5,2025-08-26,kalshi_candlesticks,0.2,0.12,0.19,0.19,0.45
KXHIGHNY-25AUG26-B79.5,2025-08-26,kalshi_candlesticks,0.4,0.6,0.58,0.68,0.67
KXHIGHNY-25AUG26-B81.5,2025-08-26,kalshi_candlesticks,0.27,0.29,0.25,0.15,0.06
KXHIGHNY-25AUG26-B83.5,2025-08-26,kalshi_candlesticks,0.04,0.03,0.03,0.03,0.03
KXHIGHNY-25AUG26-T77,2025-08-26,kalshi_candlesticks,0.03,0.01,0.02,0.01,0.01
KXHIGHNY-25AUG26-T84,2025-08-26,kalshi_candlesticks,0.05,0.04,0.04,0.04,0.04
KXHIGHNY-25AUG27-B75.5,2025-08-27,kalshi_candlesticks,0.3,0.54,0.64,0.65,0.76
KXHIGHNY-25AUG27-B77.5,2025-08-27,kalshi_candlesticks,0.39,0.4,0.34,0.28,0.13
KXHIGHNY-25AUG27-B79.5,2025-08-27,kalshi_candlesticks,0.2,0.04,0.03,0.02,0.01
KXHIGHNY-25AUG27-B81.5,2025-08-27,kalshi_candlesticks,0.05,0.04,0.04,0.04,0.04
KXHIGHNY-25AUG27-T75,2025-08-27,kalshi_candlesticks,0.07,0.05,0.04,0.15,0.14
KXHIGHNY-25AUG27-T82,2025-08-27,kalshi_candlesticks,0.05,0.03,0.03,0.03,0.03
KXHIGHNY-25AUG28-B76.5,2025-08-28,kalshi_candlesticks,0.17,0.3,0.27,0.39,0.01
KXHIGHNY-25AUG28-B78.5,2025-08-28,kalshi_candlesticks,0.39,0.55,0.59,0.55,0.98
KXHIGHNY-25AUG28-B80.5,2025-08-28,kalshi_candlesticks,0.28,0.14,0.18,0.19,0.01
KXHIGHNY-25AUG28-B82.5,2025-08-28,kalshi_candlesticks,0.02,0.01,0.02,0.02,0.02
KXHIGHNY-25AUG28-T76,2025-08-28,kalshi_candlesticks,0.07,0.01,0.01,0.01,0.01
KXHIGHNY-25AUG28-T83,2025-08-28,kalshi_candlesticks,0.05,0.02,0.02,0.02,0.02
KXHIGHNY-25AUG29-B77.5,2025-08-29,kalshi_candlesticks,0.44,0.57,0.6,0.68,0.88
KXHIGHNY-25AUG29-B79.5,2025-08-29,kalshi_candlesticks,0.3,0.43,0.32,0.36,0.13
KXHIGHNY-25AUG29-B81.5,2025-08-29,kalshi_candlesticks,0.25,0.03,0.01,0.01,0.01
KXHIGHNY-25AUG29-B83.5,2025-08-29,kalshi_candlesticks,0.04,0.01,0.01,0.01,0.01
KXHIGHNY-25AUG29-T77,2025-08-29,kalshi_candlesticks,0.15,0.05,0.09,0.06,0.01
KXHIGHNY-25AUG29-T84,2025-08-29,kalshi_candlesticks,,,,,
KXHIGHNY-25AUG30-B73.5,2025-08-30,kalshi_candlesticks,0.22,0.07,0.03,0.13,0.01
KXHIGHNY-25AUG30-B75.5,2025-08-30,kalshi_candlesticks,0.41,0.57,0.58,0.68,0.87
KXHIGHNY-25AUG30-B77.5,2025-08-30,kalshi_candlesticks,0.27,0.34,0.35,0.14,0.1
KXHIGHNY-25AUG30-B79.5,2025-08-30,kalshi_candlesticks,0.04,0.03,0.03,0.03,0.03
KXHIGHNY-25AUG30-T73,2025-08-30,kalshi_candlesticks,0.04,0.02,0.02,0.03,0.06
KXHIGHNY-25AUG30-T80,2025-08-30,kalshi_candlesticks,0.05,0.01,0.01,0.02,0.02
KXHIGHNY-25AUG31-B76.5,2025-08-31,kalshi_candlesticks,0.25,0.23,0.22,0.3,0.01
KXHIGHNY-25AUG31-B78.5,2025-08-31,kalshi_candlesticks,0.4,0.72,0.73,0.65,0.88
KXHIGHNY-25AUG31-B80.5,2025-08-31,kalshi_candlesticks,0.2,0.1,0.09,0.12,0.09
KXHIGHNY-25AUG31-B82.5,2025-08-31,kalshi_candlesticks,0.03,0.01,0.01,0.01,0.01
KXHIGHNY-25AUG31-T76,2025-08-31,kalshi_candlesticks,0.07,0.03,0.03,0.02,0.02
KXHIGHNY-25AUG31-T83,2025-08-31,kalshi_candlesticks,0.01,0.01,0.01,0.01,0.01
KXHIGHNY-25SEP01-B75.5,2025-09-01,kalshi_candlesticks,0.24,0.15,0.14,0.13,0.01
KXHIGHNY-25SEP01-B77.5,2025-09-01,kalshi_candlesticks,0.42,0.66,0.67,0.68,0.87
KXHIGHNY-25SEP01-B79.5,2025-09-01,kalshi_candlesticks,0.23,0.23,0.26,0.25,0.12
KXHIGHNY-25SEP01-B81.5,2025-09-01,kalshi_candlesticks,0.01,0.03,0.03,0.03,0.01
KXHIGHNY-25SEP01-T75,2025-09-01,kalshi_candlesticks,0.04,0.01,0.02,0.01,0.01
KXHIGHNY-25SEP01-T82,2025-09-01,kalshi_candlesticks,0.01,0.01,0.01,0.01,0.01
KXHIGHNY-25SEP02-B74.5,2025-09-02,kalshi_candlesticks,0.13,0.05,0.01,0.01,0.01
KXHIGHNY-25SEP02-B76.5,2025-09-02,kalshi_candlesticks,0.4,0.55,0.57,0.53,0.01
KXHIGHNY-25SEP02-B78.5,2025-09-02,kalshi_candlesticks,0.34,0.41,0.54,0.46,0.98
KXHIGHNY-25SEP02-B80.5,2025-09-02,kalshi_candlesticks,0.13,0.03,0.06,0.01,0.05
KXHIGHNY-25SEP02-T74,2025-09-02,kalshi_candlesticks,0.02,0.02,0.02,0.02,0.02
KXHIGHNY-25SEP02-T81,2025-09-02,kalshi_candlesticks,0.03,0.03,0.03,0.03,0.01
KXHIGHNY-25SEP03-B76.5,2025-09-03,kalshi_candlesticks,0.41,0.18,0.17,0.15,0.01
KXHIGHNY-25SEP03-B78.5,2025-09-03,kalshi_candlesticks,0.4,0.72,0.71,0.74,0.95
KXHIGHNY-25SEP03-B80.5,2025-09-03,kalshi_candlesticks,0.19,0.16,0.19,0.1,0.01
KXHIGHNY-25SEP03-B82.5,2025-09-03,kalshi_candlesticks,0.01,0.01,0.01,0.01,0.01
KXHIGHNY-25SEP03-T76,2025-09-03,kalshi_candlesticks,0.07,0.01,0.01,0.01,0.01
KXHIGHNY-25SEP03-T83,2025-09-03,kalshi_candlesticks,,,,,
KXHIGHNY-25SEP04-B76.5,2025-09-04,kalshi_candlesticks,0.27,0.19,0.16,0.13,0.8
KXHIGHNY-25SEP04-B78.5,2025-09-04,kalshi_candlesticks,0.63,0.68,0.7,0.74,0.17
KXHIGHNY-25SEP04-B80.5,2025-09-04,kalshi_candlesticks,0.21,0.14,0.14,0.12,0.02
KXHIGHNY-25SEP04-B82.5,2025-09-04,kalshi_candlesticks,0.03,0.02,0.02,0.02,0.01
KXHIGHNY-25SEP04-T76,2025-09-04,kalshi_candlesticks,0.05,0.02,0.02,0.02,0.02
KXHIGHNY-25SEP04-T83,2025-09-04,kalshi_candlesticks,0.02,0.02,0.02,0.02,0.02
KXHIGHNY-25SEP05-B82.5,2025-09-05,kalshi_candlesticks,0.38,0.56,0.47,0.45,0.67
KXHIGHNY-25SEP05-B84.5,2025-09-05,kalshi_candlesticks,0.63,0.44,0.45,0.46,0.08
KXHIGHNY-25SEP05-B86.5,2025-09-05,kalshi_candlesticks,0.08,0.04,0.05,0.08,0.01
KXHIGHNY-25SEP05-B88.5,2025-09-05,kalshi_candlesticks,0.03,0.03,0.03,0.03,0.03
KXHIGHNY-25SEP05-T82,2025-09-05,kalshi_candlesticks,0.08,0.03,0.02,0.11,0.26
KXHIGHNY-25SEP05-T89,2025-09-05,kalshi_candlesticks,,,,,
KXHIGHNY-25SEP06-B81.5,2025-09-06,kalshi_candlesticks,0.14,0.01,0.04,0.01,0.01
KXHIGHNY-25SEP06-B83.5,2025-09-06,kalshi_candlesticks,0.39,0.2,0.28,0.34,0.01
KXHIGHNY-25SEP06-B85.5,2025-09-06,kalshi_candlesticks,0.34,0.5,0.49,0.53,0.83
KXHIGHNY-25SEP06-B87.5,2025-09-06,kalshi_candlesticks,0.1,0.25,0.2,0.11,0.17
KXHIGHNY-25SEP06-T81,2025-09-06,kalshi_candlesticks,0.01,0.01,0.02,0.02,0.02
KXHIGHNY-25SEP06-T88,2025-09-06,kalshi_candlesticks,0.02,0.07,0.08,0.02,0.02
KXHIGHNY-25SEP07-B69.5,2025-09-07,kalshi_candlesticks,0.12,0.43,0.49,0.56,0.48
KXHIGHNY-25SEP07-B71.5,2025-09-07,kalshi_candlesticks,0.36,0.26,0.15,0.11,0.07
KXHIGHNY-25SEP07-B73.5,2025-09-07,kalshi_candlesticks,0.36,0.05,0.05,0.05,0.01
KXHIGHNY-25SEP07-B75.5,2025-09-07,kalshi_candlesticks,0.13,0.05,0.05,0.05,0.05
KXHIGHNY-25SEP07-T69,2025-09-07,kalshi_candlesticks,0.01,0.24,0.36,0.45,0.45
KXHIGHNY-25SEP07-T76,2025-09-07,kalshi_candlesticks,0.01,0.04,0.04,0.04,0.04
KXHIGHNY-25SEP08-B72.5,2025-09-08,kalshi_candlesticks,0.37,0.6,0.58,0.58,0.55
KXHIGHNY-25SEP08-B74.5,2025-09-08,kalshi_candlesticks,0.37,0.17,0.16,0.23,0.45
KXHIGHNY-25SEP08-B76.5,2025-09-08,kalshi_candlesticks,0.1,0.03,0.03,0.02,0.01
KXHIGHNY-25SEP08-B78.5,2025-09-08,kalshi_candlesticks,0.03,0.03,0.03,0.03,0.01
KXHIGHNY-25SEP08-T72,2025-09-08,kalshi_candlesticks,0.12,0.26,0.29,0.14,0.01
KXHIGHNY-25SEP08-T79,2025-09-08,kalshi_candlesticks,0.01,0.01,0.01,0.01,0.01
KXHIGHNY-25SEP09-B72.5,2025-09-09,kalshi_candlesticks,0.32,0.54,0.58,0.57,0.7
KXHIGHNY-25SEP09-B74.5,2025-09-09,kalshi_candlesticks,0.46,0.4,0.37,0.47,0.48
KXHIGHNY-25SEP09-B76.5,2025-09-09,kalshi_candlesticks,0.09,0.03,0.03,0.01,0.01
KXHIGHNY-25SEP09-B78.5,2025-09-09,kalshi_candlesticks,0.05,0.05,0.05,0.05,0.05
KXHIGHNY-25SEP09-T72,2025-09-09,kalshi_candlesticks,0.08,0.06,0.06,0.11,0.01
KXHIGHNY-25SEP09-T79,2025-09-09,kalshi_candlesticks,0.04,0.04,0.04,0.04,0.04
KXHIGHNY-25SEP10-B67.5,2025-09-10,kalshi_candlesticks,0.11,0.31,0.28,0.4,0.01
KXHIGHNY-25SEP10-B69.5,2025-09-10,kalshi_candlesticks,0.42,0.42,0.34,0.42,0.21
KXHIGHNY-25SEP10-B71.5,2025-09-10,kalshi_candlesticks,0.2,0.25,0.27,0.08,0.69
KXHIGHNY-25SEP10-B73.5,2025-09-10,kalshi_candlesticks,0.01,0.01,0.07,0.03,0.14
KXHIGHNY-25SEP10-T67,2025-09-10,kalshi_candlesticks,0.08,0.05,0.1,0.05,0.01
KXHIGHNY-25SEP10-T74,2025-09-10,kalshi_candlesticks,0.02,0.01,0.01,0.04,0.05
KXHIGHNY-25SEP11-B78.5,2025-09-11,kalshi_candlesticks,0.39,0.29,0.25,0.35,0.27
KXHIGHNY-25SEP11-B80.5,2025-09-11,kalshi_candlesticks,0.33,0.48,0.54,0.55,0.53
KXHIGHNY-25SEP11-B82.5,2025-09-11,kalshi_candlesticks,0.09,0.24,0.22,0.08,0.09
KXHIGHNY-25SEP11-B84.5,2025-09-11,kalshi_candlesticks,0.01,0.03,0.01,0.02,0.02
KXHIGHNY-25SEP11-T78,2025-09-11,kalshi_candlesticks,0.16,0.01,0.03,0.01,0.01
KXHIGHNY-25SEP11-T85,2025-09-11,kalshi_candlesticks,0.01,0.01,0.01,0.01,0.01
KXHIGHNY-25SEP12-B75.5,2025-09-12,kalshi_candlesticks,0.31,0.07,0.07,0.17,0.16
KXHIGHNY-25SEP12-B77.5,2025-09-12,kalshi_candlesticks,0.39,0.49,0.48,0.68,0.9
KXHIGHNY-25SEP12-B79.5,2025-09-12,kalshi_candlesticks,0.12,0.44,0.51,0.2,0.21
KXHIGHNY-25SEP12-B81.5,2025-09-12,kalshi_candlesticks,0.06,0.03,0.03,0.01,0.02
KXHIGHNY-25SEP12-T75,2025-09-12,kalshi_candlesticks,0.11,0.02,0.01,0.1,0.1
KXHIGHNY-25SEP12-T82,2025-09-12,kalshi_candlesticks,0.02,0.02,0.02,0.02,0.02
KXHIGHNY-25SEP13-B77.5,2025-09-13,kalshi_candlesticks,0.43,0.57,0.61,0.62,0.9
KXHIGHNY-25SEP13-B79.5,2025-09-13,kalshi_candlesticks,0.4,0.31,0.43,0.18,0.08
KXHIGHNY-25SEP13-B81.5,2025-09-13,kalshi_candlesticks,0.15,0.03,0.03,0.01,0.01
KXHIGHNY-25SEP13-B83.5,2025-09-13,kalshi_candlesticks,,,,,
KXHIGHNY-25SEP13-T77,2025-09-13,kalshi_candlesticks,0.06,0.11,0.12,0.05,0.01
KXHIGHNY-25SEP13-T84,2025-09-13,kalshi_candlesticks,0.05,0.05,0.05,0.05,0.05
KXHIGHNY-25SEP14-B79.5,2025-09-14,kalshi_candlesticks,0.28,0.26,0.28,0.33,0.01
KXHIGHNY-25SEP14-B81.5,2025-09-14,kalshi_candlesticks,0.42,0.59,0.6,0.69,0.97
KXHIGHNY-25SEP14-B83.5,2025-09-14,kalshi_candlesticks,0.23,0.1,0.14,0.1,0.02
KXHIGHNY-25SEP14-B85.5,2025-09-14,kalshi_candlesticks,0.01,0.04,0.04,0.04,0.02
KXHIGHNY-25SEP14-T79,2025-09-14,kalshi_candlesticks,0.07,0.02,0.01,0.01,0.01
KXHIGHNY-25SEP14-T86,2025-09-14,kalshi_candlesticks,0.01,0.03,0.03,0.03,0.03
KXHIGHNY-25SEP15-B75.5,2025-09-15,kalshi_candlesticks,0.23,0.03,0.02,0.02,0.02
KXHIGHNY-25SEP15-B77.5,2025-09-15,kalshi_candlesticks,0.28,0.11,0.11,0.15,0.01
KXHIGHNY-25SEP15-B79.5,2025-09-15,kalshi_candlesticks,0.33,0.68,0.72,0.74,0.93
KXHIGHNY-25SEP15-B81.5,2025-09-15,kalshi_candlesticks,0.13,0.2,0.19,0.19,0.08
KXHIGHNY-25SEP15-T75,2025-09-15,kalshi_candlesticks,0.01,0.01,0.01,0.01,0.01
KXHIGHNY-25SEP15-T82,2025-09-15,kalshi_candlesticks,0.04,0.03,0.02,0.02,0.04
KXHIGHNY-25SEP16-B73.5,2025-09-16,kalshi_candlesticks,0.33,0.31,0.19,0.27,0.88
KXHIGHNY-25SEP16-B75.5,2025-09-16,kalshi_candlesticks,0.42,0.62,0.61,0.68,0.1
KXHIGHNY-25SEP16-B77.5,2025-09-16,kalshi_candlesticks,0.17,0.08,0.14,0.05,0.01
KXHIGHNY-25SEP16-B79.5,2025-09-16,kalshi_candlesticks,0.03,0.02,0.02,0.02,0.02
KXHIGHNY-25SEP16-T73,2025-09-16,kalshi_candlesticks,0.05,0.01,0.01,0.01,0.01
KXHIGHNY-25SEP16-T80,2025-09-16,kalshi_candlesticks,0.05,0.03,0.03,0.03,0.03
KXHIGHNY-25SEP17-B68.5,2025-09-17,kalshi_candlesticks,0.4,0.49,0.56,0.52,0.72
KXHIGHNY-25SEP17-B70.5,2025-09-17,kalshi_candlesticks,0.42,0.31,0.46,0.42,0.18
KXHIGHNY-25SEP17-B72.5,2025-09-17,kalshi_candlesticks,0.09,0.06,0.14,0.17,0.01
KXHIGHNY-25SEP17-B74.5,2025-09-17,kalshi_candlesticks,0.05,0.05,0.03,0.05,0.01
KXHIGHNY-25SEP17-T68,2025-09-17,kalshi_candlesticks,0.08,0.18,0.04,0.01,0.01
KXHIGHNY-25SEP17-T75,2025-09-17,kalshi_candlesticks,0.03,0.01,0.03,0.09,0.09
KXHIGHNY-25SEP18-B76.5,2025-09-18,kalshi_candlesticks,0.15,0.02,0.02,0.02,0.02
KXHIGHNY-25SEP18-B78.5,2025-09-18,kalshi_candlesticks,0.4,0.01,0.02,0.02,0.02
KXHIGHNY-25SEP18-B80.5,2025-09-18,kalshi_candlesticks,0.34,0.27,0.2,0.28,0.05
KXHIGHNY-25SEP18-B82.5,2025-09-18,kalshi_candlesticks,0.08,0.49,0.57,0.59,0.76
KXHIGHNY-25SEP18-T76,2025-09-18,kalshi_candlesticks,0.01,0.01,0.02,0.02,0.02
KXHIGHNY-25SEP18-T83,2025-09-18,kalshi_candlesticks,0.04,0.22,0.21,0.15,0.15
KXHIGHNY-25SEP19-B80.5,2025-09-19,kalshi_candlesticks,0.15,0.03,0.05,0.01,0.01
KXHIGHNY-25SEP19-B82.5,2025-09-19,kalshi_candlesticks,0.4,0.4,0.35,0.33,0.3
KXHIGHNY-25SEP19-B84.5,2025-09-19,kalshi_candlesticks,0.28,0.49,0.56,0.63,0.8
KXHIGHNY-25SEP19-B86.5,2025-09-19,kalshi_candlesticks,0.09,0.05,0.07,0.07,0.02
KXHIGHNY-25SEP19-T80,2025-09-19,kalshi_candlesticks,0.04,0.02,0.02,0.02,0.02
KXHIGHNY-25SEP19-T87,2025-09-19,kalshi_candlesticks,0.04,0.01,0.01,0.02,0.03
KXHIGHNY-25SEP20-B70.5,2025-09-20,kalshi_candlesticks,0.09,0.02,0.03,0.05,0.01
KXHIGHNY-25SEP20-B72.5,2025-09-20,kalshi_candlesticks,0.43,0.38,0.27,0.29,0.87
KXHIGHNY-25SEP20-B74.5,2025-09-20,kalshi_candlesticks,0.29,0.56,0.57,0.61,0.17
KXHIGHNY-25SEP20-B76.5,2025-09-20,kalshi_candlesticks,0.12,0.06,0.14,0.02,0.06
KXHIGHNY-25SEP20-T70,2025-09-20,kalshi_candlesticks,0.03,0.01,0.01,0.01,0.01
KXHIGHNY-25SEP20-T77,2025-09-20,kalshi_candlesticks,0.05,0.04,0.03,0.03,0.03
KXHIGHNY-25SEP21-B67.5,2025-09-21,kalshi_candlesticks,0.08,0.03,0.02,0.01,0.01
KXHIGHNY-25SEP21-B69.5,2025-09-21,kalshi_candlesticks,0.37,0.15,0.17,0.29,0.01
KXHIGHNY-25SEP21-B71.5,2025-09-21,kalshi_candlesticks,0.34,0.61,0.63,0.68,0.97
KXHIGHNY-25SEP21-B73.5,2025-09-21,kalshi_candlesticks,0.15,0.24,0.22,0.11,0.02
KXHIGHNY-25SEP21-T67,2025-09-21,kalshi_candlesticks,0.01,0.03,0.03,0.03,0.03
KXHIGHNY-25SEP21-T74,2025-09-21,kalshi_candlesticks,0.03,0.03,0.01,0.01,0.03
KXHIGHNY-25SEP22-B72.5,2025-09-22,kalshi_candlesticks,0.29,0.18,0.4,0.44,0.36
KXHIGHNY-25SEP22-B74.5,2025-09-22,kalshi_candlesticks,0.42,0.58,0.5,0.33,0.09
KXHIGHNY-25SEP22-B76.5,2025-09-22,kalshi_candlesticks,0.06,0.18,0.1,0.02,0.02
KXHIGHNY-25SEP22-B78.5,2025-09-22,kalshi_candlesticks,0.07,0.05,0.05,0.01,0.01
KXHIGHNY-25SEP22-T72,2025-09-22,kalshi_candlesticks,0.05,0.02,0.04,0.12,0.59
KXHIGHNY-25SEP22-T79,2025-09-22,kalshi_candlesticks,0.01,0.01,0.01,0.01,0.01
KXHIGHNY-25SEP23-B76.5,2025-09-23,kalshi_candlesticks,0.12,0.03,0.01,0.01,0.01
KXHIGHNY-25SEP23-B78.5,2025-09-23,kalshi_candlesticks,0.24,0.05,0.04,0.02,0.03
KXHIGHNY-25SEP23-B80.5,2025-09-23,kalshi_candlesticks,0.36,0.21,0.31,0.35,0.23
KXHIGHNY-25SEP23-B82.5,2025-09-23,kalshi_candlesticks,0.17,0.5,0.51,0.67,0.73
KXHIGHNY-25SEP23-T76,2025-09-23,kalshi_candlesticks,0.04,0.02,0.02,0.02,0.01
KXHIGHNY-25SEP23-T83,2025-09-23,kalshi_candlesticks,0.08,0.23,0.13,0.03,0.11
KXHIGHNY-25SEP24-B75.5,2025-09-24,kalshi_candlesticks,0.06,0.03,0.02,0.02,0.02
KXHIGHNY-25SEP24-B77.5,2025-09-24,kalshi_candlesticks,0.41,0.42,0.3,0.01,0.01
KXHIGHNY-25SEP24-B79.5,2025-09-24,kalshi_candlesticks,0.31,0.39,0.42,0.65,0.92
KXHIGHNY-25SEP24-B81.5,2025-09-24,kalshi_candlesticks,0.19,0.18,0.26,0.27,0.05
KXHIGHNY-25SEP24-T75,2025-09-24,kalshi_candlesticks,0.02,0.02,0.01,0.01,0.01
KXHIGHNY-25SEP24-T82,2025-09-24,kalshi_candlesticks,0.03,0.05,0.07,0.08,0.01
KXHIGHNY-25SEP25-B75.5,2025-09-25,kalshi_candlesticks,0.36,0.53,0.56,0.63,0.88
KXHIGHNY-25SEP25-B77.5,2025-09-25,kalshi_candlesticks,0.21,0.1,0.12,0.07,0.11
KXHIGHNY-25SEP25-B79.5,2025-09-25,kalshi_candlesticks,0.03,0.01,0.01,0.02,0.01
KXHIGHNY-25SEP25-B81.5,2025-09-25,kalshi_candlesticks,0.01,0.01,0.01,0.01,0.01
KXHIGHNY-25SEP25-T75,2025-09-25,kalshi_candlesticks,0.08,0.32,0.34,0.26,0.12
KXHIGHNY-25SEP25-T82,2025-09-25,kalshi_candlesticks,0.01,0.01,0.03,0.02,0.02
KXHIGHNY-25SEP26-B77.5,2025-09-26,kalshi_candlesticks,0.15,0.02,0.07,0.01,0.01
KXHIGHNY-25SEP26-B79.5,2025-09-26,kalshi_candlesticks,0.39,0.3,0.33,0.31,0.01
KXHIGHNY-25SEP26-B81.5,2025-09-26,kalshi_candlesticks,0.32,0.54,0.5,0.63,0.85
KXHIGHNY-25SEP26-B83.5,2025-09-26,kalshi_candlesticks,0.06,0.15,0.11,0.07,0.19
KXHIGHNY-25SEP26-T77,2025-09-26,kalshi_candlesticks,0.03,0.01,0.02,0.02,0.01
KXHIGHNY-25SEP26-T84,2025-09-26,kalshi_candlesticks,0.02,0.03,0.03,0.03,0.03
KXHIGHNY-25SEP27-B75.5,2025-09-27,kalshi_candlesticks,0.12,0.03,0.02,0.01,0.01
KXHIGHNY-25SEP27-B77.5,2025-09-27,kalshi_candlesticks,0.4,0.16,0.14,0.21,0.17
KXHIGHNY-25SEP27-B79.5,2025-09-27,kalshi_candlesticks,0.34,0.58,0.58,0.53,0.68
KXHIGHNY-25SEP27-B81.5,2025-09-27,kalshi_candlesticks,0.1,0.22,0.3,0.24,0.16
KXHIGHNY-25SEP27-T75,2025-09-27,kalshi_candlesticks,0.02,0.01,0.01,0.01,0.01
KXHIGHNY-25SEP27-T82,2025-09-27,kalshi_candlesticks,0.03,0.02,0.02,0.02,0.02
KXHIGHNY-25SEP28-B79.5,2025-09-28,kalshi_candlesticks,0.18,0.02,0.02,0.05,0.02
KXHIGHNY-25SEP28-B81.5,2025-09-28,kalshi_candlesticks,0.6,0.34,0.24,0.42,0.5
KXHIGHNY-25SEP28-B83.5,2025-09-28,kalshi_candlesticks,0.21,0.73,0.64,0.43,0.51
KXHIGHNY-25SEP28-B85.5,2025-09-28,kalshi_candlesticks,0.04,0.19,0.17,0.06,0.01
KXHIGHNY-25SEP28-T79,2025-09-28,kalshi_candlesticks,0.16,0.02,0.01,0.01,0.01
KXHIGHNY-25SEP28-T86,2025-09-28,kalshi_candlesticks,0.05,0.03,0.1,0.01,0.01
KXHIGHNY-25SEP29-B77.5,2025-09-29,kalshi_candlesticks,0.12,0.23,0.12,0.73,0.61
KXHIGHNY-25SEP29-B79.5,2025-09-29,kalshi_candlesticks,0.42,0.62,0.75,0.26,0.33
KXHIGHNY-25SEP29-B81.5,2025-09-29,kalshi_candlesticks,0.33,0.17,0.16,0.02,0.01
KXHIGHNY-25SEP29-B83.5,2025-09-29,kalshi_candlesticks,0.01,0.02,0.01,0.01,0.01
KXHIGHNY-25SEP29-T77,2025-09-29,kalshi_candlesticks,0.15,0.02,0.02,0.12,0.01
KXHIGHNY-25SEP29-T84,2025-09-29,kalshi_candlesticks,0.01,0.01,0.03,0.03,0.03
KXHIGHNY-25SEP30-B78.5,2025-09-30,kalshi_candlesticks,0.32,0.32,0.26,0.37,0.01
KXHIGHNY-25SEP30-B80.5,2025-09-30,kalshi_candlesticks,0.57,0.51,0.61,0.58,0.76
KXHIGHNY-25SEP30-B82.5,2025-09-30,kalshi_candlesticks,0.1,0.12,0.12,0.03,0.22
KXHIGHNY-25SEP30-B84.5,2025-09-30,kalshi_candlesticks,0.13,0.05,0.05,0.01,0.01
KXHIGHNY-25SEP30-T78,2025-09-30,kalshi_candlesticks,0.01,0.05,0.04,0.01,0.01
KXHIGHNY-25SEP30-T85,2025-09-30,kalshi_candlesticks,0.02,0.02,0.02,0.02,0.01
KXHIGHNY-25OCT01-B65.5,2025-10-01,kalshi_candlesticks,0.11,0.02,0.03,0.04,0.01
KXHIGHNY-25OCT01-B67.5,2025-10-01,kalshi_candlesticks,0.5,0.31,0.23,0.37,0.33
KXHIGHNY-25OCT01-B69.5,2025-10-01,kalshi_candlesticks,0.32,0.58,0.61,0.6,0.66
KXHIGHNY-25OCT01-B71.5,2025-10-01,kalshi_candlesticks,0.01,0.12,0.16,0.04,0.08
KXHIGHNY-25OCT01-T65,2025-10-01,kalshi_candlesticks,0.01,0.01,0.01,0.01,0.01
KXHIGHNY-25OCT01-T72,2025-10-01,kalshi_candlesticks,0.05,0.02,0.03,0.01,0.02
KXHIGHNY-25OCT02-B62.5,2025-10-02,kalshi_candlesticks,0.39,0.02,0.01,0.05,0.01
KXHIGHNY-25OCT02-B64.5,2025-10-02,kalshi_candlesticks,0.5,0.13,0.19,0.21,0.8
KXHIGHNY-25OCT02-B66.5,2025-10-02,kalshi_candlesticks,0.38,0.4,0.53,0.64,0.17
KXHIGHNY-25OCT02-B68.5,2025-10-02,kalshi_candlesticks,0.12,0.44,0.26,0.15,0.02
KXHIGHNY-25OCT02-T62,2025-10-02,kalshi_candlesticks,0.01,0.01,0.01,0.01,0.01
KXHIGHNY-25OCT02-T69,2025-10-02,kalshi_candlesticks,0.07,0.03,0.02,0.02,0.01
KXHIGHNY-25OCT03-B70.5,2025-10-03,kalshi_candlesticks,0.11,0.32,0.28,0.36,0.32
KXHIGHNY-25OCT03-B72.5,2025-10-03,kalshi_candlesticks,0.46,0.56,0.54,0.65,0.62
KXHIGHNY-25OCT03-B74.5,2025-10-03,kalshi_candlesticks,0.12,0.08,0.18,0.03,0.05
KXHIGHNY-25OCT03-B76.5,2025-10-03,kalshi_candlesticks,0.09,0.03,0.02,0.02,0.02
KXHIGHNY-25OCT03-T70,2025-10-03,kalshi_candlesticks,0.16,0.02,0.02,0.02,0.02
KXHIGHNY-25OCT03-T77,2025-10-03,kalshi_candlesticks,0.05,0.03,0.02,0.02,0.02
KXHIGHNY-25OCT04-B79.5,2025-10-04,kalshi_candlesticks,0.27,0.21,0.17,0.08,0.01
KXHIGHNY-25OCT04-B81.5,2025-10-04,kalshi_candlesticks,0.44,0.64,0.68,0.61,0.65
KXHIGHNY-25OCT04-B83.5,2025-10-04,kalshi_candlesticks,0.22,0.16,0.16,0.29,0.32
KXHIGHNY-25OCT04-B85.5,2025-10-04,kalshi_candlesticks,0.08,0.03,0.01,0.03,0.03
KXHIGHNY-25OCT04-T79,2025-10-04,kalshi_candlesticks,0.04,0.02,0.02,0.03,0.01
KXHIGHNY-25OCT04-T86,2025-10-04,kalshi_candlesticks,0.03,0.02,0.01,0.01,0.01
KXHIGHNY-25OCT05-B80.5,2025-10-05,kalshi_candlesticks,0.19,0.08,0.11,0.02,0.01
KXHIGHNY-25OCT05-B82.5,2025-10-05,kalshi_candlesticks,0.63,0.61,0.64,0.79,0.7
KXHIGHNY-25OCT05-B84.5,2025-10-05,kalshi_candlesticks,0.23,0.32,0.29,0.19,0.26
KXHIGHNY-25OCT05-B86.5,2025-10-05,kalshi_candlesticks,0.05,0.03,0.03,0.02,0.01
KXHIGHNY-25OCT05-T80,2025-10-05,kalshi_candlesticks,0.05,0.03,0.01,0.01,0.01
KXHIGHNY-25OCT05-T87,2025-10-05,kalshi_candlesticks,0.02,0.01,0.01,0.01,0.01
KXHIGHNY-25OCT06-B77.5,2025-10-06,kalshi_candlesticks,0.42,0.18,0.14,0.09,0.01
KXHIGHNY-25OCT06-B79.5,2025-10-06,kalshi_candlesticks,0.5,0.47,0.52,0.63,0.77
KXHIGHNY-25OCT06-B81.5,2025-10-06,kalshi_candlesticks,0.32,0.33,0.19,0.3,0.22
KXHIGHNY-25OCT06-B83.5,2025-10-06,kalshi_candlesticks,0.1,0.07,0.12,0.09,0.01
KXHIGHNY-25OCT06-T77,2025-10-06,kalshi_candlesticks,0.03,0.01,0.01,0.01,0.01
KXHIGHNY-25OCT06-T84,2025-10-06,kalshi_candlesticks,0.1,0.03,0.01,0.01,0.01
KXHIGHNY-25OCT07-B79.5,2025-10-07,kalshi_candlesticks,0.36,0.5,0.51,0.66,0.96
KXHIGHNY-25OCT07-B81.5,2025-10-07,kalshi_candlesticks,0.34,0.32,0.36,0.25,0.05
KXHIGHNY-25OCT07-B83.5,2025-10-07,kalshi_candlesticks,0.07,0.06,0.06,0.02,0.01
KXHIGHNY-25OCT07-B85.5,2025-10-07,kalshi_candlesticks,0.01,0.02,0.02,0.01,0.01
KXHIGHNY-25OCT07-T79,2025-10-07,kalshi_candlesticks,0.1,0.13,0.11,0.06,0.01
KXHIGHNY-25OCT07-T86,2025-10-07,kalshi_candlesticks,0.1,0.01,0.01,0.01,0.01
KXHIGHNY-25OCT08-B69.5,2025-10-08,kalshi_candlesticks,0.41,0.01,0.01,0.01,0.01
KXHIGHNY-25OCT08-B71.5,2025-10-08,kalshi_candlesticks,0.36,0.98,0.98,0.98,0.98
KXHIGHNY-25OCT08-B73.5,2025-10-08,kalshi_candlesticks,0.1,0.01,0.02,0.01,0.01
KXHIGHNY-25OCT08-B75.5,2025-10-08,kalshi_candlesticks,0.04,0.01,0.01,0.01,0.01
KXHIGHNY-25OCT08-T69,2025-10-08,kalshi_candlesticks,0.1,0.01,0.01,0.01,0.01
KXHIGHNY-25OCT08-T76,2025-10-08,kalshi_candlesticks,0.1,0.02,0.02,0.02,0.02
KXHIGHNY-25OCT09-B58.5,2025-10-09,kalshi_candlesticks,0.42,0.3,0.3,0.35,0.81
KXHIGHNY-25OCT09-B60.5,2025-10-09,kalshi_candlesticks,0.4,0.6,0.65,0.65,0.19
KXHIGHNY-25OCT09-B62.5,2025-10-09,kalshi_candlesticks,0.31,0.14,0.1,0.02,0.03
KXHIGHNY-25OCT09-B64.5,2025-10-09,kalshi_candlesticks,0.06,0.01,0.01,0.01,0.01
KXHIGHNY-25OCT09-T58,2025-10-09,kalshi_candlesticks,0.06,0.02,0.03,0.02,0.01
KXHIGHNY-25OCT09-T65,2025-10-09,kalshi_candlesticks,0.02,0.03,0.03,0.01,0.01
KXHIGHNY-25OCT10-B60.5,2025-10-10,kalshi_candlesticks,0.14,0.36,0.32,0.24,0.01
KXHIGHNY-25OCT10-B62.5,2025-10-10,kalshi_candlesticks,0.22,0.52,0.62,0.73,0.94
KXHIGHNY-25OCT10-B64.5,2025-10-10,kalshi_candlesticks,0.36,0.13,0.09,0.06,0.04
KXHIGHNY-25OCT10-B66.5,2025-10-10,kalshi_candlesticks,0.06,0.02,0.02,0.03,0.01
KXHIGHNY-25OCT10-T60,2025-10-10,kalshi_candlesticks,0.05,0.03,0.01,0.01,0.01
KXHIGHNY-25OCT10-T67,2025-10-10,kalshi_candlesticks,0.02,0.01,0.01,0.01,0.01
KXHIGHNY-25OCT11-B64.5,2025-10-11,kalshi_candlesticks,0.25,0.19,0.16,0.44,0.34
KXHIGHNY-25OCT11-B66.5,2025-10-11,kalshi_candlesticks,0.49,0.61,0.59,0.46,0.04
KXHIGHNY-25OCT11-B68.5,2025-10-11,kalshi_candlesticks,0.33,0.23,0.26,0.1,0.01
KXHIGHNY-25OCT11-B70.5,2025-10-11,kalshi_candlesticks,0.01,0.02,0.04,0.04,0.04
KXHIGHNY-25OCT11-T64,2025-10-11,kalshi_candlesticks,0.01,0.01,0.02,0.08,0.55
KXHIGHNY-25OCT11-T71,2025-10-11,kalshi_candlesticks,0.01,0.01,0.01,0.01,0.01
KXHIGHNY-25OCT12-B61.5,2025-10-12,kalshi_candlesticks,0.42,0.1,0.01,0.01,0.01
KXHIGHNY-25OCT12-B63.5,2025-10-12,kalshi_candlesticks,0.59,0.88,0.96,0.97,0.99
KXHIGHNY-25OCT12-B65.5,2025-10-12,kalshi_candlesticks,0.09,0.06,0.03,0.01,0.01
KXHIGHNY-25OCT12-B67.5,2025-10-12,kalshi_candlesticks,0.09,0.01,0.02,0.02,0.02
KXHIGHNY-25OCT12-T61,2025-10-12,kalshi_candlesticks,0.03,0.01,0.01,0.01,0.01
KXHIGHNY-25OCT12-T68,2025-10-12,kalshi_candlesticks,0.04,0.04,0.04,0.04,0.04
KXHIGHNY-25OCT13-B58.5,2025-10-13,kalshi_candlesticks,0.4,0.46,0.45,0.62,0.55
KXHIGHNY-25OCT13-B60.5,2025-10-13,kalshi_candlesticks,0.37,0.2,0.21,0.13,0.11
KXHIGHNY-25OCT13-B62.5,2025-10-13,kalshi_candlesticks,0.07,0.03,0.03,0.07,0.01
KXHIGHNY-25OCT13-B64.5,2025-10-13,kalshi_candlesticks,0.03,0.01,0.01,0.01,0.01
KXHIGHNY-25OCT13-T58,2025-10-13,kalshi_candlesticks,0.15,0.39,0.28,0.26,0.33
KXHIGHNY-25OCT13-T65,2025-10-13,kalshi_candlesticks,0.02,0.01,0.02,0.01,0.01
KXHIGHNY-25OCT14-B60.5,2025-10-14,kalshi_candlesticks,0.25,0.31,0.37,0.43,0.19
KXHIGHNY-25OCT14-B62.5,2025-10-14,kalshi_candlesticks,0.5,0.5,0.44,0.38,0.76
KXHIGHNY-25OCT14-B64.5,2025-10-14,kalshi_candlesticks,0.29,0.12,0.13,0.05,0.11
KXHIGHNY-25OCT14-B66.5,2025-10-14,kalshi_candlesticks,0.01,0.03,0.01,0.01,0.01
KXHIGHNY-25OCT14-T60,2025-10-14,kalshi_candlesticks,0.04,0.14,0.08,0.12,0.01
KXHIGHNY-25OCT14-T67,2025-10-14,kalshi_candlesticks,0.09,0.03,0.01,0.01,0.01
KXHIGHNY-25OCT15-B63.5,2025-10-15,kalshi_candlesticks,0.43,0.08,0.08,0.01,0.01
KXHIGHNY-25OCT15-B65.5,2025-10-15,kalshi_candlesticks,0.6,0.46,0.45,0.22,0.01
KXHIGHNY-25OCT15-B67.5,2025-10-15,kalshi_candlesticks,0.2,0.4,0.42,0.65,0.94
KXHIGHNY-25OCT15-B69.5,2025-10-15,kalshi_candlesticks,0.08,0.07,0.06,0.12,0.07
KXHIGHNY-25OCT15-T63,2025-10-15,kalshi_candlesticks,0.01,0.02,0.02,0.01,0.01
KXHIGHNY-25OCT15-T70,2025-10-15,kalshi_candlesticks,0.03,0.01,0.01,0.01,0.01
KXHIGHNY-25OCT16-B56.5,2025-10-16,kalshi_candlesticks,0.63,0.2,0.1,0.09,0.01
KXHIGHNY-25OCT16-B58.5,2025-10-16,kalshi_candlesticks,0.61,0.6,0.52,0.72,0.67
KXHIGHNY-25OCT16-B60.5,2025-10-16,kalshi_candlesticks,0.63,0.2,0.33,0.28,0.38
KXHIGHNY-25OCT16-B62.5,2025-10-16,kalshi_candlesticks,0.63,0.02,0.06,0.01,0.05
KXHIGHNY-25OCT16-T56,2025-10-16,kalshi_candlesticks,0.63,0.03,0.03,0.01,0.01
KXHIGHNY-25OCT16-T63,2025-10-16,kalshi_candlesticks,0.01,0.03,0.02,0.01,0.01
KXHIGHNY-25OCT17-B59.5,2025-10-17,kalshi_candlesticks,0.17,0.08,0.04,0.04,0.01
KXHIGHNY-25OCT17-B61.5,2025-10-17,kalshi_candlesticks,0.42,0.5,0.48,0.25,0.31
KXHIGHNY-25OCT17-B63.5,2025-10-17,kalshi_candlesticks,0.29,0.4,0.45,0.64,0.64
KXHIGHNY-25OCT17-B65.5,2025-10-17,kalshi_candlesticks,0.03,0.07,0.1,0.14,0.06
KXHIGHNY-25OCT17-T59,2025-10-17,kalshi_candlesticks,0.01,0.01,0.01,0.01,0.01
KXHIGHNY-25OCT17-T66,2025-10-17,kalshi_candlesticks,0.01,0.01,0.01,0.01,0.01
KXHIGHNY-25OCT18-B62.5,2025-10-18,kalshi_candlesticks,0.42,0.05,0.05,0.02,0.01
KXHIGHNY-25OCT18-B64.5,2025-10-18,kalshi_candlesticks,0.63,0.44,0.39,0.25,0.61
KXHIGHNY-25OCT18-B66.5,2025-10-18,kalshi_candlesticks,0.31,0.51,0.55,0.71,0.3
KXHIGHNY-25OCT18-B68.5,2025-10-18,kalshi_candlesticks,0.09,0.05,0.05,0.07,0.03
KXHIGHNY-25OCT18-T62,2025-10-18,kalshi_candlesticks,0.01,0.01,0.01,0.01,0.01
KXHIGHNY-25OCT18-T69,2025-10-18,kalshi_candlesticks,0.01,0.01,0.02,0.02,0.02
KXHIGHNY-25OCT19-B68.5,2025-10-19,kalshi_candlesticks,0.18,0.08,0.07,0.03,0.11
KXHIGHNY-25OCT19-B70.5,2025-10-19,kalshi_candlesticks,0.63,0.44,0.48,0.54,0.75
KXHIGHNY-25OCT19-B72.5,2025-10-19,kalshi_candlesticks,0.3,0.44,0.43,0.45,0.15
KXHIGHNY-25OCT19-B74.5,2025-10-19,kalshi_candlesticks,0.09,0.07,0.06,0.02,0.01
KXHIGHNY-25OCT19-T68,2025-10-19,kalshi_candlesticks,0.03,0.02,0.01,0.03,0.03
KXHIGHNY-25OCT19-T75,2025-10-19,kalshi_candlesticks,0.03,0.02,0.02,0.02,0.02
KXHIGHNY-25OCT20-B64.5,2025-10-20,kalshi_candlesticks,0.63,0.01,0.01,0.01,0.01
KXHIGHNY-25OCT20-B66.5,2025-10-20,kalshi_candlesticks,0.43,0.01,0.01,0.01,0.01
KXHIGHNY-25OCT20-B68.5,2025-10-20,kalshi_candlesticks,0.31,0.99,0.97,0.99,0.98
KXHIGHNY-25OCT20-B70.5,2025-10-20,kalshi_candlesticks,0.18,0.01,0.01,0.01,0.01
KXHIGHNY-25OCT20-T64,2025-10-20,kalshi_candlesticks,0.63,0.01,0.01,0.01,0.01
KXHIGHNY-25OCT20-T71,2025-10-20,kalshi_candlesticks,0.01,0.01,0.01,0.01,0.01
KXHIGHNY-25OCT21-B63.5,2025-10-21,kalshi_candlesticks,0.04,0.02,0.02,0.01,0.01
KXHIGHNY-25OCT21-B65.5,2025-10-21,kalshi_candlesticks,0.6,0.26,0.16,0.15,0.11
KXHIGHNY-25OCT21-B67.5,2025-10-21,kalshi_candlesticks,0.63,0.57,0.61,0.7,0.91
KXHIGHNY-25OCT21-B69.5,2025-10-21,kalshi_candlesticks,0.06,0.12,0.22,0.16,0.03
KXHIGHNY-25OCT21-T63,2025-10-21,kalshi_candlesticks,0.01,0.01,0.01,0.01,0.01
KXHIGHNY-25OCT21-T70,2025-10-21,kalshi_candlesticks,0.07,0.03,0.02,0.01,0.01
KXHIGHNY-25OCT22-B61.5,2025-10-22,kalshi_candlesticks,0.16,0.33,0.38,0.2,0.22
KXHIGHNY-25OCT22-B63.5,2025-10-22,kalshi_candlesticks,0.42,0.54,0.52,0.68,0.74
KXHIGHNY-25OCT22-B65.5,2025-10-22,kalshi_candlesticks,0.31,0.12,0.09,0.1,0.04
KXHIGHNY-25OCT22-B67.5,2025-10-22,kalshi_candlesticks,0.06,0.01,0.01,0.01,0.01
KXHIGHNY-25OCT22-T61,2025-10-22,kalshi_candlesticks,0.01,0.02,0.04,0.01,0.01
KXHIGHNY-25OCT22-T68,2025-10-22,kalshi_candlesticks,0.03,0.01,0.01,0.01,0.01
KXHIGHNY-25OCT23-B58.5,2025-10-23,kalshi_candlesticks,0.31,0.34,0.29,0.19,0.01
KXHIGHNY-25OCT23-B60.5,2025-10-23,kalshi_candlesticks,0.6,0.6,0.65,0.66,0.97
KXHIGHNY-25OCT23-B62.5,2025-10-23,kalshi_candlesticks,0.18,0.01,0.1,0.13,0.05
KXHIGHNY-25OCT23-B64.5,2025-10-23,kalshi_candlesticks,0.01,0.03,0.03,0.01,0.01
KXHIGHNY-25OCT23-T58,2025-10-23,kalshi_candlesticks,0.04,0.03,0.02,0.01,0.01
KXHIGHNY-25OCT23-T65,2025-10-23,kalshi_candlesticks,0.01,0.01,0.01,0.01,0.01
KXHIGHNY-25OCT24-B57.5,2025-10-24,kalshi_candlesticks,0.2,0.18,0.14,0.46,0.55
KXHIGHNY-25OCT24-B59.5,2025-10-24,kalshi_candlesticks,0.6,0.66,0.7,0.36,0.41
KXHIGHNY-25OCT24-B61.5,2025-10-24,kalshi_candlesticks,0.29,0.23,0.19,0.09,0.02
KXHIGHNY-25OCT24-B63.5,2025-10-24,kalshi_candlesticks,0.05,0.01,0.02,0.01,0.01
KXHIGHNY-25OCT24-T57,2025-10-24,kalshi_candlesticks,0.05,0.01,0.01,0.01,0.01
KXHIGHNY-25OCT24-T64,2025-10-24,kalshi_candlesticks,0.03,0.03,0.03,0.03,0.03
KXHIGHNY-25OCT25-B55.5,2025-10-25,kalshi_candlesticks,0.17,0.03,0.04,0.02,0.01
KXHIGHNY-25OCT25-B57.5,2025-10-25,kalshi_candlesticks,0.41,0.48,0.53,0.26,0.71
KXHIGHNY-25OCT25-B59.5,2025-10-25,kalshi_candlesticks,0.3,0.44,0.42,0.75,0.33
KXHIGHNY-25OCT25-B61.5,2025-10-25,kalshi_candlesticks,0.12,0.08,0.02,0.07,0.01
KXHIGHNY-25OCT25-T55,2025-10-25,kalshi_candlesticks,0.05,0.01,0.01,0.01,0.01
KXHIGHNY-25OCT25-T62,2025-10-25,kalshi_candlesticks,0.04,0.02,0.01,0.01,0.01
KXHIGHNY-25OCT26-B54.5,2025-10-26,kalshi_candlesticks,0.07,0.12,0.08,0.03,0.01
KXHIGHNY-25OCT26-B56.5,2025-10-26,kalshi_candlesticks,0.26,0.25,0.28,0.25,0.01
KXHIGHNY-25OCT26-B58.5,2025-10-26,kalshi_candlesticks,0.45,0.55,0.48,0.69,0.95
KXHIGHNY-25OCT26-B60.5,2025-10-26,kalshi_candlesticks,0.2,0.08,0.14,0.12,0.07
KXHIGHNY-25OCT26-T54,2025-10-26,kalshi_candlesticks,0.03,0.01,0.01,0.01,0.01
KXHIGHNY-25OCT26-T61,2025-10-26,kalshi_candlesticks,0.08,0.01,0.02,0.01,0.01
KXHIGHNY-25OCT27-B52.5,2025-10-27,kalshi_candlesticks,0.1,0.01,0.01,0.01,0.01
KXHIGHNY-25OCT27-B54.5,2025-10-27,kalshi_candlesticks,0.33,0.29,0.29,0.32,0.26
KXHIGHNY-25OCT27-B56.5,2025-10-27,kalshi_candlesticks,0.44,0.61,0.68,0.64,0.7
KXHIGHNY-25OCT27-B58.5,2025-10-27,kalshi_candlesticks,0.63,0.13,0.08,0.02,0.04
KXHIGHNY-25OCT27-T52,2025-10-27,kalshi_candlesticks,0.03,0.01,0.01,0.01,0.01
KXHIGHNY-25OCT27-T59,2025-10-27,kalshi_candlesticks,0.06,0.01,0.02,0.01,0.01
KXHIGHNY-25OCT28-B54.5,2025-10-28,kalshi_candlesticks,0.3,0.63,0.54,0.68,0.1
KXHIGHNY-25OCT28-B56.5,2025-10-28,kalshi_candlesticks,0.5,0.33,0.39,0.05,0.01
KXHIGHNY-25OCT28-B58.5,2025-10-28,kalshi_candlesticks,0.2,0.03,0.03,0.01,0.01
KXHIGHNY-25OCT28-B60.5,2025-10-28,kalshi_candlesticks,0.12,0.02,0.02,0.02,0.02
KXHIGHNY-25OCT28-T54,2025-10-28,kalshi_candlesticks,0.2,0.1,0.09,0.27,0.9
KXHIGHNY-25OCT28-T61,2025-10-28,kalshi_candlesticks,0.11,0.02,0.02,0.02,0.02
KXHIGHNY-25OCT29-B52.5,2025-10-29,kalshi_candlesticks,0.14,0.14,0.19,0.01,0.01
KXHIGHNY-25OCT29-B54.5,2025-10-29,kalshi_candlesticks,0.32,0.52,0.59,0.54,0.01
KXHIGHNY-25OCT29-B56.5,2025-10-29,kalshi_candlesticks,0.44,0.31,0.24,0.47,0.95
KXHIGHNY-25OCT29-B58.5,2025-10-29,kalshi_candlesticks,0.16,0.05,0.03,0.03,0.04
KXHIGHNY-25OCT29-T52,2025-10-29,kalshi_candlesticks,0.04,0.02,0.02,0.02,0.02
KXHIGHNY-25OCT29-T59,2025-10-29,kalshi_candlesticks,0.04,0.02,0.01,0.01,0.01
KXHIGHNY-25OCT30-B58.5,2025-10-30,kalshi_candlesticks,0.13,0.04,0.04,0.01,0.01
KXHIGHNY-25OCT30-B60.5,2025-10-30,kalshi_candlesticks,0.25,0.28,0.3,0.27,0.21
KXHIGHNY-25OCT30-B62.5,2025-10-30,kalshi_candlesticks,0.43,0.58,0.57,0.61,0.62
KXHIGHNY-25OCT30-B64.5,2025-10-30,kalshi_candlesticks,0.22,0.1,0.13,0.13,0.21
KXHIGHNY-25OCT30-T58,2025-10-30,kalshi_candlesticks,0.05,0.02,0.01,0.01,0.01
KXHIGHNY-25OCT30-T65,2025-10-30,kalshi_candlesticks,0.04,0.03,0.02,0.02,0.01
KXHIGHNY-25OCT31-B58.5,2025-10-31,kalshi_candlesticks,0.31,0.78,0.81,0.9,0.89
KXHIGHNY-25OCT31-B60.5,2025-10-31,kalshi_candlesticks,0.42,0.03,0.02,0.02,0.01
KXHIGHNY-25OCT31-B62.5,2025-10-31,kalshi_candlesticks,0.21,0.01,0.01,0.01,0.01
KXHIGHNY-25OCT31-B64.5,2025-10-31,kalshi_candlesticks,0.03,0.01,0.01,0.01,0.01
KXHIGHNY-25OCT31-T58,2025-10-31,kalshi_candlesticks,0.1,0.25,0.2,0.12,0.12
KXHIGHNY-25OCT31-T65,2025-10-31,kalshi_candlesticks,0.03,0.01,0.01,0.01,0.01
KXHIGHNY-25NOV01-B53.5,2025-11-01,kalshi_candlesticks,0.2,0.03,0.01,0.01,0.01
KXHIGHNY-25NOV01-B55.5,2025-11-01,kalshi_candlesticks,0.59,0.4,0.35,0.08,0.01
KXHIGHNY-25NOV01-B57.5,2025-11-01,kalshi_candlesticks,0.63,0.52,0.51,0.73,0.48
KXHIGHNY-25NOV01-B59.5,2025-11-01,kalshi_candlesticks,0.16,0.07,0.08,0.13,0.59
KXHIGHNY-25NOV01-T53,2025-11-01,kalshi_candlesticks,0.03,0.01,0.01,0.01,0.01
KXHIGHNY-25NOV01-T60,2025-11-01,kalshi_candlesticks,0.03,0.01,0.01,0.01,0.01
KXHIGHNY-25NOV02-B55.5,2025-11-02,kalshi_candlesticks,0.03,0.02,0.04,0.02,0.02
KXHIGHNY-25NOV02-B57.5,2025-11-02,kalshi_candlesticks,0.29,0.37,0.36,0.18,0.01
KXHIGHNY-25NOV02-B59.5,2025-11-02,kalshi_candlesticks,0.45,0.55,0.58,0.71,0.87
KXHIGHNY-25NOV02-B61.5,2025-11-02,kalshi_candlesticks,0.2,0.08,0.06,0.03,0.12
KXHIGHNY-25NOV02-T55,2025-11-02,kalshi_candlesticks,0.01,0.02,0.02,0.02,0.02
KXHIGHNY-25NOV02-T62,2025-11-02,kalshi_candlesticks,0.07,0.01,0.01,0.01,0.01
KXHIGHNY-25NOV03-B57.5,2025-11-03,kalshi_candlesticks,0.11,0.1,0.1,0.19,0.01
KXHIGHNY-25NOV03-B59.5,2025-11-03,kalshi_candlesticks,0.69,0.56,0.64,0.8,0.97
KXHIGHNY-25NOV03-B61.5,2025-11-03,kalshi_candlesticks,0.3,0.3,0.36,0.06,0.02
KXHIGHNY-25NOV03-B63.5,2025-11-03,kalshi_candlesticks,0.07,0.01,0.07,0.01,0.01
KXHIGHNY-25NOV03-T57,2025-11-03,kalshi_candlesticks,0.03,0.02,0.01,0.01,0.01
KXHIGHNY-25NOV03-T64,2025-11-03,kalshi_candlesticks,0.02,0.02,0.01,0.01,0.01
KXHIGHNY-25NOV04-B58.5,2025-11-04,kalshi_candlesticks,0.42,0.55,0.57,0.71,0.9
KXHIGHNY-25NOV04-B60.5,2025-11-04,kalshi_candlesticks,0.58,0.35,0.32,0.25,0.14
KXHIGHNY-25NOV04-B62.5,2025-11-04,kalshi_candlesticks,0.05,0.05,0.02,0.02,0.01
KXHIGHNY-25NOV04-B64.5,2025-11-04,kalshi_candlesticks,0.01,0.02,0.02,0.01,0.01
KXHIGHNY-25NOV04-T58,2025-11-04,kalshi_candlesticks,0.12,0.07,0.1,0.02,0.01
KXHIGHNY-25NOV04-T65,2025-11-04,kalshi_candlesticks,0.01,0.01,0.01,0.01,0.01
KXHIGHNY-25NOV05-B60.5,2025-11-05,kalshi_candlesticks,0.09,0.03,0.05,0.02,0.01
KXHIGHNY-25NOV05-B62.5,2025-11-05,kalshi_candlesticks,0.36,0.56,0.35,0.23,0.01
KXHIGHNY-25NOV05-B64.5,2025-11-05,kalshi_candlesticks,0.36,0.37,0.6,0.74,0.81
KXHIGHNY-25NOV05-B66.5,2025-11-05,kalshi_candlesticks,0.12,0.02,0.06,0.07,0.15
KXHIGHNY-25NOV05-T60,2025-11-05,kalshi_candlesticks,0.01,0.01,0.01,0.01,0.01
KXHIGHNY-25NOV05-T67,2025-11-05,kalshi_candlesticks,0.09,0.02,0.02,0.02,0.01
KXHIGHNY-25NOV06-B53.5,2025-11-06,kalshi_candlesticks,0.39,0.01,0.01,0.01,0.01
KXHIGHNY-25NOV06-B55.5,2025-11-06,kalshi_candlesticks,0.22,0.2,0.29,0.2,0.15
KXHIGHNY-25NOV06-B57.5,2025-11-06,kalshi_candlesticks,0.31,0.79,0.7,0.78,0.84
KXHIGHNY-25NOV06-B59.5,2025-11-06,kalshi_candlesticks,0.13,0.04,0.01,0.01,0.01
KXHIGHNY-25NOV06-T53,2025-11-06,kalshi_candlesticks,0.1,0.01,0.01,0.01,0.01
KXHIGHNY-25NOV06-T60,2025-11-06,kalshi_candlesticks,0.01,0.01,0.01,0.01,0.01
KXHIGHNY-25NOV07-B55.5,2025-11-07,kalshi_candlesticks,0.13,0.02,0.01,0.01,0.01
KXHIGHNY-25NOV07-B57.5,2025-11-07,kalshi_candlesticks,0.32,0.33,0.13,0.12,0.01
KXHIGHNY-25NOV07-B59.5,2025-11-07,kalshi_candlesticks,0.32,0.49,0.63,0.76,0.41
KXHIGHNY-25NOV07-B61.5,2025-11-07,kalshi_candlesticks,0.13,0.18,0.27,0.2,0.57
KXHIGHNY-25NOV07-T55,2025-11-07,kalshi_candlesticks,0.01,0.01,0.01,0.01,0.01
KXHIGHNY-25NOV07-T62,2025-11-07,kalshi_candlesticks,0.01,0.02,0.02,0.01,0.02
KXHIGHNY-25NOV08-B62.5,2025-11-08,kalshi_candlesticks,0.34,0.42,0.35,0.05,0.01
KXHIGHNY-25NOV08-B64.5,2025-11-08,kalshi_candlesticks,0.43,0.46,0.51,0.86,0.54
KXHIGHNY-25NOV08-B66.5,2025-11-08,kalshi_candlesticks,0.06,0.11,0.12,0.12,0.5
KXHIGHNY-25NOV08-B68.5,2025-11-08,kalshi_candlesticks,0.03,0.02,0.01,0.01,0.02
KXHIGHNY-25NOV08-T62,2025-11-08,kalshi_candlesticks,0.05,0.05,0.05,0.01,0.01
KXHIGHNY-25NOV08-T69,2025-11-08,kalshi_candlesticks,0.02,0.02,0.01,0.01,0.01
KXHIGHNY-25NOV09-B59.5,2025-11-09,kalshi_candlesticks,0.31,0.02,0.01,0.01,0.01
KXHIGHNY-25NOV09-B61.5,2025-11-09,kalshi_candlesticks,0.44,0.41,0.27,0.75,0.01
KXHIGHNY-25NOV09-B63.5,2025-11-09,kalshi_candlesticks,0.23,0.57,0.74,0.26,0.95
KXHIGHNY-25NOV09-B65.5,2025-11-09,kalshi_candlesticks,0.06,0.09,0.1,0.01,0.04
KXHIGHNY-25NOV09-T59,2025-11-09,kalshi_candlesticks,0.07,0.01,0.01,0.01,0.01
KXHIGHNY-25NOV09-T66,2025-11-09,kalshi_candlesticks,0.01,0.01,0.01,0.01,0.01
KXHIGHNY-25NOV10-B55.5,2025-11-10,kalshi_candlesticks,0.39,0.01,0.01,0.01,0.01
KXHIGHNY-25NOV10-B57.5,2025-11-10,kalshi_candlesticks,0.55,0.01,0.01,0.01,0.01
KXHIGHNY-25NOV10-B59.5,2025-11-10,kalshi_candlesticks,0.32,0.99,0.99,0.99,0.99
KXHIGHNY-25NOV10-B61.5,2025-11-10,kalshi_candlesticks,0.12,0.01,0.01,0.01,0.01
KXHIGHNY-25NOV10-T55,2025-11-10,kalshi_candlesticks,0.03,0.01,0.01,0.01,0.01
KXHIGHNY-25NOV10-T62,2025-11-10,kalshi_candlesticks,0.01,0.02,0.01,0.01,0.01
KXHIGHNY-25NOV11-B41.5,2025-11-11,kalshi_candlesticks,0.16,0.53,0.51,0.47,0.33
KXHIGHNY-25NOV11-B43.5,2025-11-11,kalshi_candlesticks,0.44,0.21,0.13,0.1,0.06
KXHIGHNY-25NOV11-B45.5,2025-11-11,kalshi_candlesticks,0.07,0.01,0.01,0.01,0.01
KXHIGHNY-25NOV11-B47.5,2025-11-11,kalshi_candlesticks,0.03,0.01,0.01,0.01,0.01
KXHIGHNY-25NOV11-T41,2025-11-11,kalshi_candlesticks,0.06,0.26,0.39,0.45,0.6
KXHIGHNY-25NOV11-T48,2025-11-11,kalshi_candlesticks,0.03,0.01,0.01,0.01,0.01
KXHIGHNY-25NOV12-B47.5,2025-11-12,kalshi_candlesticks,0.24,0.15,0.14,0.26,0.34
KXHIGHNY-25NOV12-B49.5,2025-11-12,kalshi_candlesticks,0.44,0.59,0.62,0.58,0.63
KXHIGHNY-25NOV12-B51.5,2025-11-12,kalshi_candlesticks,0.26,0.28,0.21,0.12,0.09
KXHIGHNY-25NOV12-B53.5,2025-11-12,kalshi_candlesticks,0.06,0.02,0.02,0.03,0.03
KXHIGHNY-25NOV12-T47,2025-11-12,kalshi_candlesticks,0.1,0.01,0.01,0.05,0.02
KXHIGHNY-25NOV12-T54,2025-11-12,kalshi_candlesticks,0.02,0.01,0.01,0.01,0.01
KXHIGHNY-25NOV13-B48.5,2025-11-13,kalshi_candlesticks,0.12,0.03,0.03,0.11,0.14
KXHIGHNY-25NOV13-B50.5,2025-11-13,kalshi_candlesticks,0.38,0.55,0.54,0.79,0.81
KXHIGHNY-25NOV13-B52.5,2025-11-13,kalshi_candlesticks,0.33,0.4,0.42,0.13,0.05
KXHIGHNY-25NOV13-B54.5,2025-11-13,kalshi_candlesticks,0.13,0.06,0.05,0.01,0.01
KXHIGHNY-25NOV13-T48,2025-11-13,kalshi_candlesticks,0.01,0.01,0.01,0.01,0.01
KXHIGHNY-25NOV13-T55,2025-11-13,kalshi_candlesticks,0.01,0.02,0.02,0.02,0.01
KXHIGHNY-25NOV14-B45.5,2025-11-14,kalshi_candlesticks,0.11,0.03,0.01,0.01,0.01
KXHIGHNY-25NOV14-B47.5,2025-11-14,kalshi_candlesticks,0.36,0.04,0.03,0.01,0.01
KXHIGHNY-25NOV14-B49.5,2025-11-14,kalshi_candlesticks,0.34,0.36,0.44,0.11,0.01
KXHIGHNY-25NOV14-B51.5,2025-11-14,kalshi_candlesticks,0.13,0.51,0.48,0.73,0.96
KXHIGHNY-25NOV14-T45,2025-11-14,kalshi_candlesticks,0.01,0.02,0.02,0.02,0.01
KXHIGHNY-25NOV14-T52,2025-11-14,kalshi_candlesticks,0.02,0.13,0.08,0.09,0.03
KXHIGHNY-25NOV15-B49.5,2025-11-15,kalshi_candlesticks,0.1,0.19,0.15,0.19,0.07
KXHIGHNY-25NOV15-B51.5,2025-11-15,kalshi_candlesticks,0.27,0.5,0.49,0.68,0.8
KXHIGHNY-25NOV15-B53.5,2025-11-15,kalshi_candlesticks,0.34,0.26,0.28,0.24,0.16
KXHIGHNY-25NOV15-B55.5,2025-11-15,kalshi_candlesticks,0.14,0.08,0.05,0.01,0.01
KXHIGHNY-25NOV15-T49,2025-11-15,kalshi_candlesticks,0.01,0.01,0.03,0.01,0.01
KXHIGHNY-25NOV15-T56,2025-11-15,kalshi_candlesticks,0.01,0.01,0.01,0.01,0.01
KXHIGHNY-25NOV16-B52.5,2025-11-16,kalshi_candlesticks,0.12,0.01,0.01,0.01,0.01
KXHIGHNY-25NOV16-B54.5,2025-11-16,kalshi_candlesticks,0.62,0.83,0.72,0.79,0.01
KXHIGHNY-25NOV16-B56.5,2025-11-16,kalshi_candlesticks,0.07,0.18,0.32,0.2,0.99
KXHIGHNY-25NOV16-B58.5,2025-11-16,kalshi_candlesticks,0.13,0.02,0.01,0.01,0.01
KXHIGHNY-25NOV16-T52,2025-11-16,kalshi_candlesticks,0.04,0.01,0.01,0.01,0.01
KXHIGHNY-25NOV16-T59,2025-11-16,kalshi_candlesticks,0.02,0.01,0.01,0.01,0.01
KXHIGHNY-25NOV17-B41.5,2025-11-17,kalshi_candlesticks,0.12,0.12,0.01,0.03,0.01
KXHIGHNY-25NOV17-B43.5,2025-11-17,kalshi_candlesticks,0.36,0.5,0.28,0.68,0.59
KXHIGHNY-25NOV17-B45.5,2025-11-17,kalshi_candlesticks,0.32,0.41,0.69,0.32,0.4
KXHIGHNY-25NOV17-B47.5,2025-11-17,kalshi_candlesticks,0.12,0.02,0.06,0.02,0.03
KXHIGHNY-25NOV17-T41,2025-11-17,kalshi_candlesticks,0.01,0.01,0.01,0.01,0.01
KXHIGHNY-25NOV17-T48,2025-11-17,kalshi_candlesticks,0.01,0.01,0.01,0.01,0.01
KXHIGHNY-25NOV18-B43.5,2025-11-18,kalshi_candlesticks,0.11,0.01,0.02,0.01,0.01
KXHIGHNY-25NOV18-B45.5,2025-11-18,kalshi_candlesticks,0.3,0.27,0.1,0.2,0.85
KXHIGHNY-25NOV18-B47.5,2025-11-18,kalshi_candlesticks,0.34,0.56,0.65,0.71,0.14
KXHIGHNY-25NOV18-B49.5,2025-11-18,kalshi_candlesticks,0.13,0.19,0.2,0.09,0.01
KXHIGHNY-25NOV18-T43,2025-11-18,kalshi_candlesticks,0.01,0.01,0.01,0.01,0.01
KXHIGHNY-25NOV18-T50,2025-11-18,kalshi_candlesticks,0.05,0.03,0.01,0.01,0.01
KXHIGHNY-25NOV19-B45.5,2025-11-19,kalshi_candlesticks,0.42,0.65,0.71,0.18,0.26
KXHIGHNY-25NOV19-B47.5,2025-11-19,kalshi_candlesticks,0.44,0.33,0.32,0.74,0.73
KXHIGHNY-25NOV19-B49.5,2025-11-19,kalshi_candlesticks,0.34,0.06,0.01,0.12,0.01
KXHIGHNY-25NOV19-B51.5,2025-11-19,kalshi_candlesticks,0.06,0.01,0.01,0.01,0.01
KXHIGHNY-25NOV19-T45,2025-11-19,kalshi_candlesticks,0.16,0.01,0.01,0.01,0.01
KXHIGHNY-25NOV19-T52,2025-11-19,kalshi_candlesticks,0.01,0.01,0.01,0.01,0.01
KXHIGHNY-25NOV20-B45.5,2025-11-20,kalshi_candlesticks,0.15,0.17,0.14,0.07,0.14
KXHIGHNY-25NOV20-B47.5,2025-11-20,kalshi_candlesticks,0.39,0.55,0.65,0.7,0.81
KXHIGHNY-25NOV20-B49.5,2025-11-20,kalshi_candlesticks,0.25,0.27,0.24,0.25,0.06
KXHIGHNY-25NOV20-B51.5,2025-11-20,kalshi_candlesticks,0.04,0.02,0.01,0.02,0.02
KXHIGHNY-25NOV20-T45,2025-11-20,kalshi_candlesticks,0.04,0.02,0.02,0.02,0.01
KXHIGHNY-25NOV20-T52,2025-11-20,kalshi_candlesticks,0.03,0.01,0.01,0.01,0.01
KXHIGHNY-25NOV21-B50.5,2025-11-21,kalshi_candlesticks,0.22,0.22,0.19,0.17,0.01
KXHIGHNY-25NOV21-B52.5,2025-11-21,kalshi_candlesticks,0.43,0.45,0.47,0.66,0.71
KXHIGHNY-25NOV21-B54.5,2025-11-21,kalshi_candlesticks,0.32,0.26,0.31,0.18,0.32
KXHIGHNY-25NOV21-B56.5,2025-11-21,kalshi_candlesticks,0.1,0.05,0.05,0.02,0.01
KXHIGHNY-25NOV21-T50,2025-11-21,kalshi_candlesticks,0.1,0.03,0.01,0.01,0.01
KXHIGHNY-25NOV21-T57,2025-11-21,kalshi_candlesticks,0.08,0.01,0.01,0.01,0.01
KXHIGHNY-25NOV22-B49.5,2025-11-22,kalshi_candlesticks,0.33,0.21,0.2,0.14,0.01
KXHIGHNY-25NOV22-B51.5,2025-11-22,kalshi_candlesticks,0.62,0.53,0.58,0.79,0.94
KXHIGHNY-25NOV22-B53.5,2025-11-22,kalshi_candlesticks,0.23,0.3,0.26,0.05,0.05
KXHIGHNY-25NOV22-B55.5,2025-11-22,kalshi_candlesticks,0.03,0.02,0.01,0.01,0.01
KXHIGHNY-25NOV22-T49,2025-11-22,kalshi_candlesticks,0.08,0.01,0.01,0.01,0.01
KXHIGHNY-25NOV22-T56,2025-11-22,kalshi_candlesticks,0.01,0.01,0.01,0.01,0.01
KXHIGHNY-25NOV23-B47.5,2025-11-23,kalshi_candlesticks,0.42,0.13,0.14,0.11,0.12
KXHIGHNY-25NOV23-B49.5,2025-11-23,kalshi_candlesticks,0.59,0.46,0.64,0.84,0.85
KXHIGHNY-25NOV23-B51.5,2025-11-23,kalshi_candlesticks,0.32,0.37,0.25,0.17,0.02
KXHIGHNY-25NOV23-B53.5,2025-11-23,kalshi_candlesticks,0.01,0.06,0.01,0.01,0.01
KXHIGHNY-25NOV23-T47,2025-11-23,kalshi_candlesticks,0.02,0.02,0.01,0.01,0.01
KXHIGHNY-25NOV23-T54,2025-11-23,kalshi_candlesticks,0.03,0.02,0.02,0.02,0.01
KXHIGHNY-25NOV24-B49.5,2025-11-24,kalshi_candlesticks,0.22,0.15,0.07,0.01,0.01
KXHIGHNY-25NOV24-B51.5,2025-11-24,kalshi_candlesticks,0.63,0.62,0.69,0.72,0.43
KXHIGHNY-25NOV24-B53.5,2025-11-24,kalshi_candlesticks,0.31,0.28,0.27,0.29,0.65
KXHIGHNY-25NOV24-B55.5,2025-11-24,kalshi_candlesticks,0.01,0.01,0.01,0.03,0.01
KXHIGHNY-25NOV24-T49,2025-11-24,kalshi_candlesticks,0.01,0.01,0.01,0.01,0.01
KXHIGHNY-25NOV24-T56,2025-11-24,kalshi_candlesticks,0.01,0.01,0.01,0.01,0.01
KXHIGHNY-25NOV25-B52.5,2025-11-25,kalshi_candlesticks,0.15,0.03,0.01,0.01,0.01
KXHIGHNY-25NOV25-B54.5,2025-11-25,kalshi_candlesticks,0.5,0.34,0.25,0.27,0.35
KXHIGHNY-25NOV25-B56.5,2025-11-25,kalshi_candlesticks,0.34,0.46,0.63,0.68,0.66
KXHIGHNY-25NOV25-B58.5,2025-11-25,kalshi_candlesticks,0.11,0.17,0.13,0.06,0.03
KXHIGHNY-25NOV25-T52,2025-11-25,kalshi_candlesticks,0.01,0.02,0.02,0.01,0.01
KXHIGHNY-25NOV25-T59,2025-11-25,kalshi_candlesticks,0.02,0.06,0.01,0.01,0.01
KXHIGHNY-25NOV26-B58.5,2025-11-26,kalshi_candlesticks,0.09,0.18,0.13,0.14,0.23
KXHIGHNY-25NOV26-B60.5,2025-11-26,kalshi_candlesticks,0.5,0.57,0.62,0.73,0.72
KXHIGHNY-25NOV26-B62.5,2025-11-26,kalshi_candlesticks,0.35,0.29,0.25,0.16,0.07
KXHIGHNY-25NOV26-B64.5,2025-11-26,kalshi_candlesticks,0.13,0.03,0.03,0.02,0.01
KXHIGHNY-25NOV26-T58,2025-11-26,kalshi_candlesticks,0.03,0.01,0.01,0.01,0.01
KXHIGHNY-25NOV26-T65,2025-11-26,kalshi_candlesticks,0.04,0.02,0.01,0.01,0.01
KXHIGHNY-25NOV27-B47.5,2025-11-27,kalshi_candlesticks,0.5,0.07,0.13,0.11,0.1
KXHIGHNY-25NOV27-B49.5,2025-11-27,kalshi_candlesticks,0.21,0.94,0.92,0.93,0.92
KXHIGHNY-25NOV27-B51.5,2025-11-27,kalshi_candlesticks,0.15,0.01,0.03,0.01,0.01
KXHIGHNY-25NOV27-B53.5,2025-11-27,kalshi_candlesticks,0.01,0.01,0.01,0.01,0.01
KXHIGHNY-25NOV27-T47,2025-11-27,kalshi_candlesticks,0.26,0.01,0.01,0.01,0.01
KXHIGHNY-25NOV27-T54,2025-11-27,kalshi_candlesticks,0.04,0.01,0.01,0.01,0.01
KXHIGHNY-25NOV28-B39.5,2025-11-28,kalshi_candlesticks,0.09,0.02,0.01,0.01,0.01
KXHIGHNY-25NOV28-B41.5,2025-11-28,kalshi_candlesticks,0.26,0.34,0.38,0.31,0.01
KXHIGHNY-25NOV28-B43.5,2025-11-28,kalshi_candlesticks,0.34,0.53,0.54,0.74,0.97
KXHIGHNY-25NOV28-B45.5,2025-11-28,kalshi_candlesticks,0.12,0.14,0.12,0.04,0.07
KXHIGHNY-25NOV28-T39,2025-11-28,kalshi_candlesticks,0.01,0.04,0.04,0.04,0.01
KXHIGHNY-25NOV28-T46,2025-11-28,kalshi_candlesticks,0.8,0.04,0.03,0.01,0.01
KXHIGHNY-25NOV29-B39.5,2025-11-29,kalshi_candlesticks,0.12,0.03,0.01,0.01,0.01
KXHIGHNY-25NOV29-B41.5,2025-11-29,kalshi_candlesticks,0.34,0.4,0.37,0.21,0.56
KXHIGHNY-25NOV29-B43.5,2025-11-29,kalshi_candlesticks,0.5,0.52,0.58,0.76,0.44
KXHIGHNY-25NOV29-B45.5,2025-11-29,kalshi_candlesticks,0.13,0.07,0.09,0.05,0.01
KXHIGHNY-25NOV29-T39,2025-11-29,kalshi_candlesticks,0.01,0.02,0.01,0.01,0.01
KXHIGHNY-25NOV29-T46,2025-11-29,kalshi_candlesticks,0.01,0.01,0.01,0.01,0.01
KXHIGHNY-25NOV30-B46.5,2025-11-30,kalshi_candlesticks,0.43,0.52,0.63,0.93,0.97
KXHIGHNY-25NOV30-B48.5,2025-11-30,kalshi_candlesticks,0.55,0.19,0.32,0.04,0.05
KXHIGHNY-25NOV30-B50.5,2025-11-30,kalshi_candlesticks,0.18,0.03,0.01,0.01,0.01
KXHIGHNY-25NOV30-B52.5,2025-11-30,kalshi_candlesticks,0.13,0.01,0.01,0.01,0.01
KXHIGHNY-25NOV30-T46,2025-11-30,kalshi_candlesticks,0.15,0.23,0.01,0.01,0.01
KXHIGHNY-25NOV30-T53,2025-11-30,kalshi_candlesticks,0.01,0.01,0.01,0.01,0.01
KXHIGHNY-25DEC01-B40.5,2025-12-01,kalshi_candlesticks,0.41,0.07,0.06,0.01,0.01
KXHIGHNY-25DEC01-B42.5,2025-12-01,kalshi_candlesticks,0.41,0.81,0.71,0.75,0.97
KXHIGHNY-25DEC01-B44.5,2025-12-01,kalshi_candlesticks,0.29,0.18,0.27,0.24,0.14
KXHIGHNY-25DEC01-B46.5,2025-12-01,kalshi_candlesticks,0.13,0.03,0.01,0.01,0.01
KXHIGHNY-25DEC01-T40,2025-12-01,kalshi_candlesticks,0.15,0.01,0.01,0.01,0.01
KXHIGHNY-25DEC01-T47,2025-12-01,kalshi_candlesticks,0.01,0.01,0.01,0.01,0.01
KXHIGHNY-25DEC02-B39.5,2025-12-02,kalshi_candlesticks,0.33,0.08,0.2,0.22,0.86
KXHIGHNY-25DEC02-B41.5,2025-12-02,kalshi_candlesticks,0.5,0.62,0.7,0.75,0.1
KXHIGHNY-25DEC02-B43.5,2025-12-02,kalshi_candlesticks,0.14,0.3,0.15,0.04,0.01
KXHIGHNY-25DEC02-B45.5,2025-12-02,kalshi_candlesticks,0.04,0.03,0.01,0.01,0.01
KXHIGHNY-25DEC02-T39,2025-12-02,kalshi_candlesticks,0.05,0.01,0.01,0.01,0.01
KXHIGHNY-25DEC02-T46,2025-12-02,kalshi_candlesticks,0.03,0.02,0.01,0.01,0.01
KXHIGHNY-25DEC03-B37.5,2025-12-03,kalshi_candlesticks,0.12,0.13,0.12,0.13,0.01
KXHIGHNY-25DEC03-B39.5,2025-12-03,kalshi_candlesticks,0.6,0.52,0.67,0.72,0.84
KXHIGHNY-25DEC03-B41.5,2025-12-03,kalshi_candlesticks,0.33,0.34,0.26,0.17,0.15
KXHIGHNY-25DEC03-B43.5,2025-12-03,kalshi_candlesticks,0.07,0.04,0.02,0.01,0.01
KXHIGHNY-25DEC03-T37,2025-12-03,kalshi_candlesticks,0.01,0.01,0.01,0.01,0.01
KXHIGHNY-25DEC03-T44,2025-12-03,kalshi_candlesticks,0.01,0.01,0.01,0.01,0.01
KXHIGHNY-25DEC04-B37.5,2025-12-04,kalshi_candlesticks,0.16,0.02,0.02,0.01,0.01
KXHIGHNY-25DEC04-B39.5,2025-12-04,kalshi_candlesticks,0.21,0.26,0.32,0.22,0.21
KXHIGHNY-25DEC04-B41.5,2025-12-04,kalshi_candlesticks,0.06,0.57,0.61,0.69,0.75
KXHIGHNY-25DEC04-B43.5,2025-12-04,kalshi_candlesticks,0.12,0.18,0.08,0.09,0.38
KXHIGHNY-25DEC04-T37,2025-12-04,kalshi_candlesticks,0.03,0.01,0.01,0.01,0.01
KXHIGHNY-25DEC04-T44,2025-12-04,kalshi_candlesticks,0.01,0.03,0.01,0.01,0.01
KXHIGHNY-25DEC05-B30.5,2025-12-05,kalshi_candlesticks,0.02,0.26,0.28,0.27,0.27
KXHIGHNY-25DEC05-B32.5,2025-12-05,kalshi_candlesticks,0.57,0.51,0.57,0.69,0.69
KXHIGHNY-25DEC05-B34.5,2025-12-05,kalshi_candlesticks,0.38,0.2,0.16,0.06,0.06
KXHIGHNY-25DEC05-B36.5,2025-12-05,kalshi_candlesticks,0.11,0.03,0.02,0.01,0.01
KXHIGHNY-25DEC05-T30,2025-12-05,kalshi_candlesticks,0.01,0.08,0.03,0.01,0.01
KXHIGHNY-25DEC05-T37,2025-12-05,kalshi_candlesticks,0.01,0.02,0.01,0.01,0.01
KXHIGHNY-25DEC06-B39.5,2025-12-06,kalshi_candlesticks,0.32,0.42,0.26,0.3,0.01
KXHIGHNY-25DEC06-B41.5,2025-12-06,kalshi_candlesticks,0.48,0.47,0.51,0.69,0.84
KXHIGHNY-25DEC06-B43.5,2025-12-06,kalshi_candlesticks,0.15,0.11,0.08,0.06,0.12
KXHIGHNY-25DEC06-B45.5,2025-12-06,kalshi_candlesticks,0.02,0.01,0.01,0.01,0.01
KXHIGHNY-25DEC06-T39,2025-12-06,kalshi_candlesticks,0.04,0.04,0.04,0.01,0.01
KXHIGHNY-25DEC06-T46,2025-12-06,kalshi_candlesticks,0.01,0.01,0.01,0.01,0.01
KXHIGHNY-25DEC07-B37.5,2025-12-07,kalshi_candlesticks,0.05,0.01,0.01,0.01,0.01
KXHIGHNY-25DEC07-B39.5,2025-12-07,kalshi_candlesticks,0.21,0.08,0.01,0.01,0.01
KXHIGHNY-25DEC07-B41.5,2025-12-07,kalshi_candlesticks,0.48,0.51,0.71,0.84,0.01
KXHIGHNY-25DEC07-B43.5,2025-12-07,kalshi_candlesticks,0.1,0.32,0.36,0.22,0.92
KXHIGHNY-25DEC07-T37,2025-12-07,kalshi_candlesticks,0.02,0.01,0.01,0.01,0.01
KXHIGHNY-25DEC07-T44,2025-12-07,kalshi_candlesticks,0.02,0.1,0.03,0.01,0.03
KXHIGHNY-25DEC08-B33.5,2025-12-08,kalshi_candlesticks,0.06,0.01,0.01,0.01,0.01
KXHIGHNY-25DEC08-B35.5,2025-12-08,kalshi_candlesticks,0.63,0.01,0.01,0.01,0.01
KXHIGHNY-25DEC08-B37.5,2025-12-08,kalshi_candlesticks,0.4,0.29,0.27,0.19,0.32
KXHIGHNY-25DEC08-B39.5,2025-12-08,kalshi_candlesticks,0.17,0.81,0.74,0.78,0.67
KXHIGHNY-25DEC08-T33,2025-12-08,kalshi_candlesticks,0.01,0.01,0.01,0.01,0.01
KXHIGHNY-25DEC08-T40,2025-12-08,kalshi_candlesticks,0.01,0.01,0.01,0.01,0.01
KXHIGHNY-25DEC09-B32.5,2025-12-09,kalshi_candlesticks,0.11,0.21,0.37,0.37,0.37
KXHIGHNY-25DEC09-B34.5,2025-12-09,kalshi_candlesticks,0.37,0.43,0.5,0.52,0.58
KXHIGHNY-25DEC09-B36.5,2025-12-09,kalshi_candlesticks,0.4,0.31,0.15,0.09,0.04
KXHIGHNY-25DEC09-B38.5,2025-12-09,kalshi_candlesticks,0.17,0.09,0.04,0.03,0.01
KXHIGHNY-25DEC09-T32,2025-12-09,kalshi_candlesticks,0.04,0.06,0.05,0.03,0.04
KXHIGHNY-25DEC09-T39,2025-12-09,kalshi_candlesticks,0.01,0.01,0.01,0.01,0.01
KXHIGHNY-25DEC10-B40.5,2025-12-10,kalshi_candlesticks,0.2,0.03,0.02,0.01,0.01
KXHIGHNY-25DEC10-B42.5,2025-12-10,kalshi_candlesticks,0.4,0.2,0.12,0.05,0.01
KXHIGHNY-25DEC10-B44.5,2025-12-10,kalshi_candlesticks,0.28,0.5,0.48,0.58,0.01
KXHIGHNY-25DEC10-B46.5,2025-12-10,kalshi_candlesticks,0.03,0.27,0.38,0.35,0.99
KXHIGHNY-25DEC10-T40,2025-12-10,kalshi_candlesticks,0.05,0.01,0.01,0.01,0.01
KXHIGHNY-25DEC10-T47,2025-12-10,kalshi_candlesticks,0.03,0.07,0.06,0.03,0.12
KXHIGHNY-25DEC11-B38.5,2025-12-11,kalshi_candlesticks,0.07,0.01,0.01,0.01,0.01
KXHIGHNY-25DEC11-B40.5,2025-12-11,kalshi_candlesticks,0.36,0.98,0.99,0.99,0.99
KXHIGHNY-25DEC11-B42.5,2025-12-11,kalshi_candlesticks,0.39,0.02,0.01,0.01,0.01
KXHIGHNY-25DEC11-B44.5,2025-12-11,kalshi_candlesticks,0.08,0.01,0.01,0.01,0.01
KXHIGHNY-25DEC11-T38,2025-12-11,kalshi_candlesticks,0.02,0.01,0.01,0.01,0.01
KXHIGHNY-25DEC11-T45,2025-12-11,kalshi_candlesticks,0.02,0.01,0.01,0.01,0.01
KXHIGHNY-25DEC12-B32.5,2025-12-12,kalshi_candlesticks,0.07,0.04,0.05,0.03,0.01
KXHIGHNY-25DEC12-B34.5,2025-12-12,kalshi_candlesticks,0.63,0.41,0.39,0.31,0.77
KXHIGHNY-25DEC12-B36.5,2025-12-12,kalshi_candlesticks,0.39,0.46,0.48,0.68,0.2
KXHIGHNY-25DEC12-B38.5,2025-12-12,kalshi_candlesticks,0.1,0.11,0.12,0.04,0.01
KXHIGHNY-25DEC12-T32,2025-12-12,kalshi_candlesticks,0.04,0.03,0.01,0.01,0.01
KXHIGHNY-25DEC12-T39,2025-12-12,kalshi_candlesticks,0.06,0.02,0.03,0.01,0.01
KXHIGHNY-25DEC13-B36.5,2025-12-13,kalshi_candlesticks,0.09,0.03,0.04,0.01,0.01
KXHIGHNY-25DEC13-B38.5,2025-12-13,kalshi_candlesticks,0.32,0.53,0.47,0.46,0.01
KXHIGHNY-25DEC13-B40.5,2025-12-13,kalshi_candlesticks,0.63,0.38,0.46,0.5,0.9
KXHIGHNY-25DEC13-B42.5,2025-12-13,kalshi_candlesticks,0.15,0.07,0.05,0.07,0.09
KXHIGHNY-25DEC13-T36,2025-12-13,kalshi_candlesticks,0.03,0.01,0.01,0.01,0.01
KXHIGHNY-25DEC13-T43,2025-12-13,kalshi_candlesticks,0.03,0.02,0.02,0.01,0.01
KXHIGHNY-25DEC14-B34.5,2025-12-14,kalshi_candlesticks,0.35,0.12,0.03,0.07,0.07
KXHIGHNY-25DEC14-B36.5,2025-12-14,kalshi_candlesticks,0.24,0.01,0.01,0.01,0.01
KXHIGHNY-25DEC14-B38.5,2025-12-14,kalshi_candlesticks,0.06,0.01,0.01,0.01,0.01
KXHIGHNY-25DEC14-B40.5,2025-12-14,kalshi_candlesticks,0.04,0.01,0.01,0.01,0.01
KXHIGHNY-25DEC14-T34,2025-12-14,kalshi_candlesticks,0.11,0.96,0.96,0.95,0.94
KXHIGHNY-25DEC14-T41,2025-12-14,kalshi_candlesticks,0.02,0.01,0.01,0.01,0.01
KXHIGHNY-25DEC15-B26.5,2025-12-15,kalshi_candlesticks,0.11,0.13,0.07,0.08,0.01
KXHIGHNY-25DEC15-B28.5,2025-12-15,kalshi_candlesticks,0.39,0.56,0.55,0.67,0.54
KXHIGHNY-25DEC15-B30.5,2025-12-15,kalshi_candlesticks,0.39,0.32,0.37,0.27,0.45
KXHIGHNY-25DEC15-B32.5,2025-12-15,kalshi_candlesticks,0.15,0.02,0.04,0.02,0.01
KXHIGHNY-25DEC15-T26,2025-12-15,kalshi_candlesticks,0.03,0.02,0.01,0.01,0.01
KXHIGHNY-25DEC15-T33,2025-12-15,kalshi_candlesticks,0.03,0.01,0.01,0.01,0.02
KXHIGHNY-25DEC16-B28.5,2025-12-16,kalshi_candlesticks,0.13,0.02,0.01,0.01,0.01
KXHIGHNY-25DEC16-B30.5,2025-12-16,kalshi_candlesticks,0.37,0.2,0.12,0.15,0.2
KXHIGHNY-25DEC16-B32.5,2025-12-16,kalshi_candlesticks,0.39,0.61,0.59,0.73,0.77
KXHIGHNY-25DEC16-B34.5,2025-12-16,kalshi_candlesticks,0.16,0.18,0.29,0.09,0.02
KXHIGHNY-25DEC16-T28,2025-12-16,kalshi_candlesticks,0.03,0.01,0.01,0.01,0.01
KXHIGHNY-25DEC16-T35,2025-12-16,kalshi_candlesticks,0.04,0.02,0.05,0.07,0.01
KXHIGHNY-25DEC17-B43.5,2025-12-17,kalshi_candlesticks,0.4,0.32,0.24,0.31,0.37
KXHIGHNY-25DEC17-B45.5,2025-12-17,kalshi_candlesticks,0.5,0.36,0.54,0.49,0.59
KXHIGHNY-25DEC17-B47.5,2025-12-17,kalshi_candlesticks,0.13,0.13,0.17,0.1,0.08
KXHIGHNY-25DEC17-B49.5,2025-12-17,kalshi_candlesticks,0.03,0.06,0.1,0.03,0.01
KXHIGHNY-25DEC17-T43,2025-12-17,kalshi_candlesticks,0.4,0.15,0.01,0.15,0.01
KXHIGHNY-25DEC17-T50,2025-12-17,kalshi_candlesticks,0.01,0.09,0.01,0.02,0.01
KXHIGHNY-25DEC18-B50.5,2025-12-18,kalshi_candlesticks,0.34,0.42,0.51,0.53,0.61
KXHIGHNY-25DEC18-B52.5,2025-12-18,kalshi_candlesticks,0.4,0.31,0.23,0.3,0.18
KXHIGHNY-25DEC18-B54.5,2025-12-18,kalshi_candlesticks,0.4,0.09,0.05,0.04,0.02
KXHIGHNY-25DEC18-B56.5,2025-12-18,kalshi_candlesticks,0.02,0.01,0.01,0.01,0.01
KXHIGHNY-25DEC18-T50,2025-12-18,kalshi_candlesticks,0.11,0.21,0.22,0.19,0.14
KXHIGHNY-25DEC18-T57,2025-12-18,kalshi_candlesticks,0.02,0.01,0.01,0.01,0.01
KXHIGHNY-25DEC19-B54.5,2025-12-19,kalshi_candlesticks,0.12,0.01,0.01,0.01,0.01
KXHIGHNY-25DEC19-B56.5,2025-12-19,kalshi_candlesticks,0.38,0.22,0.65,0.65,0.01
KXHIGHNY-25DEC19-B58.5,2025-12-19,kalshi_candlesticks,0.33,0.54,0.29,0.38,0.99
KXHIGHNY-25DEC19-B60.5,2025-12-19,kalshi_candlesticks,0.05,0.21,0.07,0.01,0.01
KXHIGHNY-25DEC19-T54,2025-12-19,kalshi_candlesticks,0.03,0.01,0.01,0.01,0.01
KXHIGHNY-25DEC19-T61,2025-12-19,kalshi_candlesticks,0.04,0.04,0.01,0.01,0.01
KXHIGHNY-25DEC20-B36.5,2025-12-20,kalshi_candlesticks,0.21,0.24,0.17,0.16,0.45
KXHIGHNY-25DEC20-B38.5,2025-12-20,kalshi_candlesticks,0.39,0.51,0.52,0.58,0.45
KXHIGHNY-25DEC20-B40.5,2025-12-20,kalshi_candlesticks,0.21,0.24,0.35,0.26,0.11
KXHIGHNY-25DEC20-B42.5,2025-12-20,kalshi_candlesticks,0.5,0.07,0.03,0.03,0.03
KXHIGHNY-25DEC20-T36,2025-12-20,kalshi_candlesticks,0.07,0.01,0.01,0.01,0.01
KXHIGHNY-25DEC20-T43,2025-12-20,kalshi_candlesticks,0.02,0.04,0.01,0.01,0.01
KXHIGHNY-25DEC21-B40.5,2025-12-21,kalshi_candlesticks,0.04,0.03,0.01,0.01,0.01
KXHIGHNY-25DEC21-B42.5,2025-12-21,kalshi_candlesticks,0.11,0.16,0.04,0.01,0.01
KXHIGHNY-25DEC21-B44.5,2025-12-21,kalshi_candlesticks,0.65,0.47,0.45,0.51,0.33
KXHIGHNY-25DEC21-B46.5,2025-12-21,kalshi_candlesticks,0.32,0.35,0.45,0.41,0.65
KXHIGHNY-25DEC21-T40,2025-12-21,kalshi_candlesticks,0.02,0.01,0.01,0.01,0.01
KXHIGHNY-25DEC21-T47,2025-12-21,kalshi_candlesticks,0.09,0.04,0.15,0.07,0.01
KXHIGHNY-25DEC22-B36.5,2025-12-22,kalshi_candlesticks,0.19,0.11,0.04,0.16,0.01
KXHIGHNY-25DEC22-B38.5,2025-12-22,kalshi_candlesticks,0.4,0.5,0.54,0.56,0.81
KXHIGHNY-25DEC22-B40.5,2025-12-22,kalshi_candlesticks,0.28,0.37,0.4,0.32,0.25
KXHIGHNY-25DEC22-B42.5,2025-12-22,kalshi_candlesticks,0.03,0.04,0.06,0.04,0.02
KXHIGHNY-25DEC22-T36,2025-12-22,kalshi_candlesticks,0.05,0.01,0.01,0.02,0.01
KXHIGHNY-25DEC22-T43,2025-12-22,kalshi_candlesticks,0.02,0.02,0.01,0.01,0.01
KXHIGHNY-25DEC23-B38.5,2025-12-23,kalshi_candlesticks,0.65,0.01,0.01,0.01,0.01
KXHIGHNY-25DEC23-B40.5,2025-12-23,kalshi_candlesticks,0.41,0.78,0.87,0.87,0.78
KXHIGHNY-25DEC23-B42.5,2025-12-23,kalshi_candlesticks,0.2,0.11,0.12,0.13,0.21
KXHIGHNY-25DEC23-B44.5,2025-12-23,kalshi_candlesticks,0.04,0.04,0.02,0.01,0.02
KXHIGHNY-25DEC23-T38,2025-12-23,kalshi_candlesticks,0.14,0.01,0.01,0.01,0.01
KXHIGHNY-25DEC23-T45,2025-12-23,kalshi_candlesticks,0.03,0.02,0.01,0.01,0.01
KXHIGHNY-25DEC24-B40.5,2025-12-24,kalshi_candlesticks,0.1,0.01,0.01,0.01,0.01
KXHIGHNY-25DEC24-B42.5,2025-12-24,kalshi_candlesticks,0.65,0.23,0.07,0.01,0.01
KXHIGHNY-25DEC24-B44.5,2025-12-24,kalshi_candlesticks,0.44,0.52,0.7,0.76,0.01
KXHIGHNY-25DEC24-B46.5,2025-12-24,kalshi_candlesticks,0.2,0.24,0.22,0.22,0.95
KXHIGHNY-25DEC24-T40,2025-12-24,kalshi_candlesticks,0.51,0.01,0.01,0.01,0.01
KXHIGHNY-25DEC24-T47,2025-12-24,kalshi_candlesticks,0.02,0.07,0.04,0.04,0.04
KXHIGHNY-25DEC25-B41.5,2025-12-25,kalshi_candlesticks,0.1,0.01,0.01,0.01,0.01
KXHIGHNY-25DEC25-B43.5,2025-12-25,kalshi_candlesticks,0.23,0.04,0.02,0.02,0.01
KXHIGHNY-25DEC25-B45.5,2025-12-25,kalshi_candlesticks,0.65,0.23,0.21,0.15,0.01
KXHIGHNY-25DEC25-B47.5,2025-12-25,kalshi_candlesticks,0.15,0.33,0.31,0.4,0.81
KXHIGHNY-25DEC25-T41,2025-12-25,kalshi_candlesticks,0.15,0.01,0.01,0.01,0.01
KXHIGHNY-25DEC25-T48,2025-12-25,kalshi_candlesticks,0.04,0.39,0.57,0.48,0.19
KXHIGHNY-25DEC26-B27.5,2025-12-26,kalshi_candlesticks,0.05,0.02,0.02,0.02,0.01
KXHIGHNY-25DEC26-B29.5,2025-12-26,kalshi_candlesticks,0.22,0.36,0.36,0.33,0.36
KXHIGHNY-25DEC26-B31.5,2025-12-26,kalshi_candlesticks,0.38,0.42,0.5,0.55,0.48
KXHIGHNY-25DEC26-B33.5,2025-12-26,kalshi_candlesticks,0.15,0.17,0.15,0.11,0.15
KXHIGHNY-25DEC26-T27,2025-12-26,kalshi_candlesticks,0.12,0.01,0.01,0.01,0.01
KXHIGHNY-25DEC26-T34,2025-12-26,kalshi_candlesticks,0.09,0.07,0.03,0.01,0.02
KXHIGHNY-25DEC27-B29.5,2025-12-27,kalshi_candlesticks,0.1,0.01,0.01,0.01,0.01
KXHIGHNY-25DEC27-B31.5,2025-12-27,kalshi_candlesticks,0.43,0.85,0.85,0.9,0.95
KXHIGHNY-25DEC27-B33.5,2025-12-27,kalshi_candlesticks,0.34,0.15,0.15,0.08,0.05
KXHIGHNY-25DEC27-B35.5,2025-12-27,kalshi_candlesticks,0.08,0.02,0.01,0.01,0.01
KXHIGHNY-25DEC27-T29,2025-12-27,kalshi_candlesticks,0.03,0.01,0.01,0.01,0.01
KXHIGHNY-25DEC27-T36,2025-12-27,kalshi_candlesticks,0.03,0.01,0.01,0.01,0.01
KXHIGHNY-25DEC28-B37.5,2025-12-28,kalshi_candlesticks,0.23,0.41,0.5,0.47,0.5
KXHIGHNY-25DEC28-B39.5,2025-12-28,kalshi_candlesticks,0.4,0.4,0.4,0.35,0.23
KXHIGHNY-25DEC28-B41.5,2025-12-28,kalshi_candlesticks,0.22,0.07,0.03,0.03,0.01
KXHIGHNY-25DEC28-B43.5,2025-12-28,kalshi_candlesticks,0.08,0.02,0.01,0.01,0.01
KXHIGHNY-25DEC28-T37,2025-12-28,kalshi_candlesticks,0.4,0.08,0.13,0.2,0.28
KXHIGHNY-25DEC28-T44,2025-12-28,kalshi_candlesticks,0.02,0.02,0.01,0.01,0.01
KXHIGHNY-25DEC29-B46.5,2025-12-29,kalshi_candlesticks,0.22,0.09,0.2,0.01,0.01
KXHIGHNY-25DEC29-B48.5,2025-12-29,kalshi_candlesticks,0.38,0.45,0.54,0.66,0.86
KXHIGHNY-25DEC29-B50.5,2025-12-29,kalshi_candlesticks,0.27,0.4,0.33,0.34,0.12
KXHIGHNY-25DEC29-B52.5,2025-12-29,kalshi_candlesticks,0.08,0.07,0.01,0.01,0.02
KXHIGHNY-25DEC29-T46,2025-12-29,kalshi_candlesticks,0.08,0.01,0.04,0.01,0.01
KXHIGHNY-25DEC29-T53,2025-12-29,kalshi_candlesticks,0.04,0.01,0.01,0.01,0.01
KXHIGHNY-25DEC30-B30.5,2025-12-30,kalshi_candlesticks,0.18,0.01,0.01,0.01,0.01
KXHIGHNY-25DEC30-B32.5,2025-12-30,kalshi_candlesticks,0.4,0.62,0.7,0.66,0.78
KXHIGHNY-25DEC30-B34.5,2025-12-30,kalshi_candlesticks,0.36,0.36,0.33,0.36,0.24
KXHIGHNY-25DEC30-B36.5,2025-12-30,kalshi_candlesticks,0.31,0.07,0.04,0.03,0.01
KXHIGHNY-25DEC30-T30,2025-12-30,kalshi_candlesticks,0.01,0.01,0.01,0.01,0.01
KXHIGHNY-25DEC30-T37,2025-12-30,kalshi_candlesticks,0.18,0.02,0.01,0.01,0.01
KXHIGHNY-25DEC31-B31.5,2025-12-31,kalshi_candlesticks,0.21,0.28,0.29,0.38,0.34
KXHIGHNY-25DEC31-B33.5,2025-12-31,kalshi_candlesticks,0.4,0.56,0.62,0.62,0.61
KXHIGHNY-25DEC31-B35.5,2025-12-31,kalshi_candlesticks,0.24,0.17,0.07,0.06,0.03
KXHIGHNY-25DEC31-B37.5,2025-12-31,kalshi_candlesticks,0.04,0.03,0.02,0.01,0.01
KXHIGHNY-25DEC31-T31,2025-12-31,kalshi_candlesticks,0.02,0.01,0.01,0.01,0.01
KXHIGHNY-25DEC31-T38,2025-12-31,kalshi_candlesticks,0.04,0.01,0.01,0.01,0.01
KXHIGHNY-26JAN01-B30.5,2026-01-01,kalshi_candlesticks,0.06,0.01,0.01,0.01,0.01
KXHIGHNY-26JAN01-B32.5,2026-01-01,kalshi_candlesticks,0.28,0.01,0.01,0.01,0.01
KXHIGHNY-26JAN01-B34.5,2026-01-01,kalshi_candlesticks,0.4,0.01,0.01,0.01,0.01
KXHIGHNY-26JAN01-B36.5,2026-01-01,kalshi_candlesticks,0.19,0.95,0.99,0.99,0.99
KXHIGHNY-26JAN01-T30,2026-01-01,kalshi_candlesticks,0.03,0.01,0.01,0.01,0.01
KXHIGHNY-26JAN01-T37,2026-01-01,kalshi_candlesticks,0.04,0.08,0.01,0.01,0.01
KXHIGHNY-26JAN02-B28.5,2026-01-02,kalshi_candlesticks,0.23,0.11,0.15,0.13,0.01
KXHIGHNY-26JAN02-B30.5,2026-01-02,kalshi_candlesticks,0.4,0.47,0.56,0.71,0.85
KXHIGHNY-26JAN02-B32.5,2026-01-02,kalshi_candlesticks,0.39,0.34,0.27,0.15,0.17
KXHIGHNY-26JAN02-B34.5,2026-01-02,kalshi_candlesticks,0.05,0.04,0.03,0.01,0.01
KXHIGHNY-26JAN02-T28,2026-01-02,kalshi_candlesticks,0.02,0.01,0.01,0.02,0.01
KXHIGHNY-26JAN02-T35,2026-01-02,kalshi_candlesticks,0.02,0.02,0.01,0.01,0.01
KXHIGHNY-26JAN03-B29.5,2026-01-03,kalshi_candlesticks,0.32,0.1,0.02,0.01,0.46
KXHIGHNY-26JAN03-B31.5,2026-01-03,kalshi_candlesticks,0.4,0.55,0.55,0.42,0.44
KXHIGHNY-26JAN03-B33.5,2026-01-03,kalshi_candlesticks,0.16,0.37,0.44,0.61,0.02
KXHIGHNY-26JAN03-B35.5,2026-01-03,kalshi_candlesticks,0.22,0.02,0.01,0.01,0.01
KXHIGHNY-26JAN03-T29,2026-01-03,kalshi_candlesticks,0.05,0.01,0.02,0.01,0.02
KXHIGHNY-26JAN03-T36,2026-01-03,kalshi_candlesticks,0.02,0.01,0.01,0.01,0.01
KXHIGHNY-26JAN04-B31.5,2026-01-04,kalshi_candlesticks,0.04,0.09,0.05,0.02,0.01
KXHIGHNY-26JAN04-B33.5,2026-01-04,kalshi_candlesticks,0.4,0.46,0.45,0.54,0.26
KXHIGHNY-26JAN04-B35.5,2026-01-04,kalshi_candlesticks,0.4,0.39,0.48,0.46,0.75
KXHIGHNY-26JAN04-B37.5,2026-01-04,kalshi_candlesticks,0.08,0.12,0.06,0.03,0.02
KXHIGHNY-26JAN04-T31,2026-01-04,kalshi_candlesticks,0.02,0.01,0.01,0.01,0.01
KXHIGHNY-26JAN04-T38,2026-01-04,kalshi_candlesticks,0.02,0.01,0.01,0.01,0.01
KXHIGHNY-26JAN05-B33.5,2026-01-05,kalshi_candlesticks,0.34,0.22,0.2,0.22,0.01
KXHIGHNY-26JAN05-B35.5,2026-01-05,kalshi_candlesticks,0.39,0.61,0.64,0.69,0.85
KXHIGHNY-26JAN05-B37.5,2026-01-05,kalshi_candlesticks,0.22,0.19,0.2,0.13,0.16
KXHIGHNY-26JAN05-B39.5,2026-01-05,kalshi_candlesticks,0.02,0.03,0.01,0.01,0.02
KXHIGHNY-26JAN05-T33,2026-01-05,kalshi_candlesticks,0.03,0.01,0.01,0.01,0.01
KXHIGHNY-26JAN05-T40,2026-01-05,kalshi_candlesticks,0.01,0.01,0.01,0.01,0.01
KXHIGHNY-26JAN06-B39.5,2026-01-06,kalshi_candlesticks,0.1,0.14,0.06,0.01,0.01
KXHIGHNY-26JAN06-B41.5,2026-01-06,kalshi_candlesticks,0.39,0.46,0.33,0.41,0.49
KXHIGHNY-26JAN06-B43.5,2026-01-06,kalshi_candlesticks,0.2,0.32,0.34,0.49,0.44
KXHIGHNY-26JAN06-B45.5,2026-01-06,kalshi_candlesticks,0.03,0.08,0.21,0.1,0.05
KXHIGHNY-26JAN06-T39,2026-01-06,kalshi_candlesticks,0.2,0.01,0.01,0.01,0.01
KXHIGHNY-26JAN06-T46,2026-01-06,kalshi_candlesticks,0.65,0.08,0.04,0.03,0.01
KXHIGHNY-26JAN07-B45.5,2026-01-07,kalshi_candlesticks,0.4,0.02,0.06,0.01,0.01
KXHIGHNY-26JAN07-B47.5,2026-01-07,kalshi_candlesticks,0.3,0.42,0.5,0.01,0.01
KXHIGHNY-26JAN07-B49.5,2026-01-07,kalshi_candlesticks,0.31,0.48,0.44,0.67,0.93
KXHIGHNY-26JAN07-B51.5,2026-01-07,kalshi_candlesticks,0.14,0.12,0.08,0.31,0.08
KXHIGHNY-26JAN07-T45,2026-01-07,kalshi_candlesticks,0.4,0.01,0.01,0.01,0.01
KXHIGHNY-26JAN07-T52,2026-01-07,kalshi_candlesticks,0.09,0.04,0.02,0.06,0.01
KXHIGHNY-26JAN08-B46.5,2026-01-08,kalshi_candlesticks,0.26,0.03,0.01,0.01,0.01
KXHIGHNY-26JAN08-B48.5,2026-01-08,kalshi_candlesticks,0.39,0.32,0.24,0.04,0.01
KXHIGHNY-26JAN08-B50.5,2026-01-08,kalshi_candlesticks,0.1,0.45,0.56,0.7,0.93
KXHIGHNY-26JAN08-B52.5,2026-01-08,kalshi_candlesticks,0.1,0.23,0.23,0.27,0.09
KXHIGHNY-26JAN08-T46,2026-01-08,kalshi_candlesticks,0.09,0.01,0.01,0.01,0.01
KXHIGHNY-26JAN08-T53,2026-01-08,kalshi_candlesticks,0.03,0.03,0.04,0.02,0.01
KXHIGHNY-26JAN09-B49.5,2026-01-09,kalshi_candlesticks,0.3,0.08,0.17,0.08,0.19
KXHIGHNY-26JAN09-B51.5,2026-01-09,kalshi_candlesticks,0.39,0.34,0.41,0.46,0.51
KXHIGHNY-26JAN09-B53.5,2026-01-09,kalshi_candlesticks,0.06,0.41,0.25,0.38,0.25
KXHIGHNY-26JAN09-B55.5,2026-01-09,kalshi_candlesticks,0.33,0.16,0.15,0.13,0.07
KXHIGHNY-26JAN09-T49,2026-01-09,kalshi_candlesticks,0.38,0.01,0.03,0.01,0.01
KXHIGHNY-26JAN09-T56,2026-01-09,kalshi_candlesticks,0.32,0.04,0.04,0.04,0.03
KXHIGHNY-26JAN10-B52.5,2026-01-10,kalshi_candlesticks,0.22,0.98,0.99,0.99,0.98
KXHIGHNY-26JAN10-B54.5,2026-01-10,kalshi_candlesticks,0.38,0.04,0.01,0.01,0.01
KXHIGHNY-26JAN10-B56.5,2026-01-10,kalshi_candlesticks,0.06,0.01,0.01,0.01,0.01
KXHIGHNY-26JAN10-B58.5,2026-01-10,kalshi_candlesticks,0.05,0.01,0.01,0.01,0.01
KXHIGHNY-26JAN10-T52,2026-01-10,kalshi_candlesticks,0.39,0.01,0.01,0.01,0.01
KXHIGHNY-26JAN10-T59,2026-01-10,kalshi_candlesticks,0.02,0.01,0.01,0.01,0.01
KXHIGHNY-26JAN11-B42.5,2026-01-11,kalshi_candlesticks,0.2,0.01,0.01,0.01,0.01
KXHIGHNY-26JAN11-B44.5,2026-01-11,kalshi_candlesticks,0.4,0.32,0.31,0.01,0.01
KXHIGHNY-26JAN11-B46.5,2026-01-11,kalshi_candlesticks,0.2,0.53,0.61,0.88,0.64
KXHIGHNY-26JAN11-B48.5,2026-01-11,kalshi_candlesticks,0.16,0.17,0.14,0.13,0.36
KXHIGHNY-26JAN11-T42,2026-01-11,kalshi_candlesticks,0.02,0.01,0.01,0.01,0.01
KXHIGHNY-26JAN11-T49,2026-01-11,kalshi_candlesticks,0.02,0.06,0.01,0.05,0.02
KXHIGHNY-26JAN12-B39.5,2026-01-12,kalshi_candlesticks,0.27,0.1,0.04,0.03,0.18
KXHIGHNY-26JAN12-B41.5,2026-01-12,kalshi_candlesticks,0.33,0.4,0.56,0.68,0.73
KXHIGHNY-26JAN12-B43.5,2026-01-12,kalshi_candlesticks,0.21,0.42,0.43,0.34,0.12
KXHIGHNY-26JAN12-B45.5,2026-01-12,kalshi_candlesticks,0.19,0.12,0.03,0.03,0.02
KXHIGHNY-26JAN12-T39,2026-01-12,kalshi_candlesticks,0.17,0.02,0.01,0.01,0.01
KXHIGHNY-26JAN12-T46,2026-01-12,kalshi_candlesticks,0.01,0.03,0.01,0.01,0.01
KXHIGHNY-26JAN13-B43.5,2026-01-13,kalshi_candlesticks,0.23,0.03,0.08,0.03,0.01
KXHIGHNY-26JAN13-B45.5,2026-01-13,kalshi_candlesticks,0.49,0.34,0.32,0.7,0.25
KXHIGHNY-26JAN13-B47.5,2026-01-13,kalshi_candlesticks,0.49,0.42,0.55,0.34,0.72
KXHIGHNY-26JAN13-B49.5,2026-01-13,kalshi_candlesticks,0.02,0.2,0.12,0.02,0.03
KXHIGHNY-26JAN13-T43,2026-01-13,kalshi_candlesticks,0.02,0.02,0.01,0.01,0.01
KXHIGHNY-26JAN13-T50,2026-01-13,kalshi_candlesticks,0.02,0.06,0.01,0.01,0.01
KXHIGHNY-26JAN14-B45.5,2026-01-14,kalshi_candlesticks,0.38,0.01,0.01,0.01,0.01
KXHIGHNY-26JAN14-B47.5,2026-01-14,kalshi_candlesticks,0.47,0.09,0.01,0.01,0.01
KXHIGHNY-26JAN14-B49.5,2026-01-14,kalshi_candlesticks,0.26,0.22,0.16,0.01,0.01
KXHIGHNY-26JAN14-B51.5,2026-01-14,kalshi_candlesticks,0.39,0.5,0.47,0.62,0.71
KXHIGHNY-26JAN14-T45,2026-01-14,kalshi_candlesticks,0.15,0.01,0.01,0.01,0.01
KXHIGHNY-26JAN14-T52,2026-01-14,kalshi_candlesticks,0.65,0.34,0.42,0.37,0.4
KXHIGHNY-26JAN15-B41.5,2026-01-15,kalshi_candlesticks,0.03,0.01,0.01,0.01,0.01
KXHIGHNY-26JAN15-B43.5,2026-01-15,kalshi_candlesticks,0.03,0.01,0.01,0.01,0.01
KXHIGHNY-26JAN15-B45.5,2026-01-15,kalshi_candlesticks,0.03,0.01,0.01,0.01,0.01
KXHIGHNY-26JAN15-B47.5,2026-01-15,kalshi_candlesticks,0.03,0.99,0.99,0.99,0.99
KXHIGHNY-26JAN15-T41,2026-01-15,kalshi_candlesticks,0.03,0.01,0.01,0.01,0.01
KXHIGHNY-26JAN15-T48,2026-01-15,kalshi_candlesticks,0.03,0.01,0.01,0.01,0.01
KXHIGHNY-26JAN16-B33.5,2026-01-16,kalshi_candlesticks,0.19,0.4,0.34,0.49,0.65
KXHIGHNY-26JAN16-B35.5,2026-01-16,kalshi_candlesticks,0.49,0.44,0.48,0.37,0.13
KXHIGHNY-26JAN16-B37.5,2026-01-16,kalshi_candlesticks,0.11,0.13,0.12,0.05,0.01
KXHIGHNY-26JAN16-B39.5,2026-01-16,kalshi_candlesticks,0.11,0.04,0.03,0.01,0.01
KXHIGHNY-26JAN16-T33,2026-01-16,kalshi_candlesticks,0.02,0.06,0.05,0.08,0.25
KXHIGHNY-26JAN16-T40,2026-01-16,kalshi_candlesticks,0.09,0.02,0.02,0.01,0.01
KXHIGHNY-26JAN17-B36.5,2026-01-17,kalshi_candlesticks,0.03,0.01,0.01,0.01,0.01
KXHIGHNY-26JAN17-B38.5,2026-01-17,kalshi_candlesticks,0.03,0.5,0.5,0.81,0.97
KXHIGHNY-26JAN17-B40.5,2026-01-17,kalshi_candlesticks,0.03,0.33,0.44,0.21,0.03
KXHIGHNY-26JAN17-B42.5,2026-01-17,kalshi_candlesticks,0.03,0.08,0.04,0.01,0.01
KXHIGHNY-26JAN17-T36,2026-01-17,kalshi_candlesticks,0.03,0.01,0.01,0.01,0.01
KXHIGHNY-26JAN17-T43,2026-01-17,kalshi_candlesticks,0.03,0.04,0.02,0.01,0.01
KXHIGHNY-26JAN18-B33.5,2026-01-18,kalshi_candlesticks,0.03,0.01,0.01,0.01,0.01
KXHIGHNY-26JAN18-B35.5,2026-01-18,kalshi_candlesticks,0.03,0.75,0.89,0.93,0.92
KXHIGHNY-26JAN18-B37.5,2026-01-18,kalshi_candlesticks,0.03,0.25,0.12,0.11,0.03
KXHIGHNY-26JAN18-B39.5,2026-01-18,kalshi_candlesticks,0.03,0.04,0.04,0.01,0.01
KXHIGHNY-26JAN18-T33,2026-01-18,kalshi_candlesticks,0.03,0.01,0.01,0.01,0.01
KXHIGHNY-26JAN18-T40,2026-01-18,kalshi_candlesticks,0.03,0.01,0.01,0.01,0.01
KXHIGHNY-26JAN19-B28.5,2026-01-19,kalshi_candlesticks,0.02,0.01,0.01,0.01,0.01
KXHIGHNY-26JAN19-B30.5,2026-01-19,kalshi_candlesticks,0.3,0.17,0.3,0.21,0.19
KXHIGHNY-26JAN19-B32.5,2026-01-19,kalshi_candlesticks,0.15,0.65,0.65,0.79,0.77
KXHIGHNY-26JAN19-B34.5,2026-01-19,kalshi_candlesticks,0.15,0.25,0.06,0.07,0.04
KXHIGHNY-26JAN19-T28,2026-01-19,kalshi_candlesticks,0.55,0.01,0.01,0.01,0.01
KXHIGHNY-26JAN19-T35,2026-01-19,kalshi_candlesticks,0.33,0.03,0.01,0.02,0.02
KXHIGHNY-26JAN20-B22.5,2026-01-20,kalshi_candlesticks,0.03,0.01,0.01,0.01,0.01
KXHIGHNY-26JAN20-B24.5,2026-01-20,kalshi_candlesticks,0.03,0.4,0.32,0.26,0.21
KXHIGHNY-26JAN20-B26.5,2026-01-20,kalshi_candlesticks,0.03,0.62,0.72,0.78,0.76
KXHIGHNY-26JAN20-B28.5,2026-01-20,kalshi_candlesticks,0.03,0.06,0.01,0.01,0.01
KXHIGHNY-26JAN20-T22,2026-01-20,kalshi_candlesticks,0.03,0.01,0.01,0.01,0.01
KXHIGHNY-26JAN20-T29,2026-01-20,kalshi_candlesticks,0.03,0.05,0.01,0.01,0.01
KXHIGHNY-26JAN21-B33.5,2026-01-21,kalshi_candlesticks,0.01,0.37,0.32,0.32,0.21
KXHIGHNY-26JAN21-B35.5,2026-01-21,kalshi_candlesticks,0.01,0.38,0.43,0.35,0.4
KXHIGHNY-26JAN21-B37.5,2026-01-21,kalshi_candlesticks,0.01,0.13,0.22,0.24,0.23
KXHIGHNY-26JAN21-B39.5,2026-01-21,kalshi_candlesticks,0.01,0.07,0.04,0.07,0.07
KXHIGHNY-26JAN21-T33,2026-01-21,kalshi_candlesticks,0.99,0.14,0.07,0.05,0.06
KXHIGHNY-26JAN21-T40,2026-01-21,kalshi_candlesticks,0.01,0.02,0.03,0.03,0.02
KXHIGHNY-26JAN22-B40.5,2026-01-22,kalshi_candlesticks,0.03,0.02,0.02,0.01,0.01
KXHIGHNY-26JAN22-B42.5,2026-01-22,kalshi_candlesticks,0.03,0.09,0.03,0.01,0.01
KXHIGHNY-26JAN22-B44.5,2026-01-22,kalshi_candlesticks,0.03,0.29,0.24,0.2,0.01
KXHIGHNY-26JAN22-B46.5,2026-01-22,kalshi_candlesticks,0.03,0.42,0.56,0.63,0.46
KXHIGHNY-26JAN22-T40,2026-01-22,kalshi_candlesticks,0.03,0.01,0.01,0.01,0.01
KXHIGHNY-26JAN22-T47,2026-01-22,kalshi_candlesticks,0.03,0.21,0.21,0.15,0.52
KXHIGHNY-26JAN23-B32.5,2026-01-23,kalshi_candlesticks,0.03,0.01,0.01,0.01,0.01
KXHIGHNY-26JAN23-B34.5,2026-01-23,kalshi_candlesticks,0.03,0.01,0.01,0.01,0.01
KXHIGHNY-26JAN23-B36.5,2026-01-23,kalshi_candlesticks,0.03,0.21,0.2,0.14,0.09
KXHIGHNY-26JAN23-B38.5,2026-01-23,kalshi_candlesticks,0.03,0.79,0.81,0.86,0.92
KXHIGHNY-26JAN23-T32,2026-01-23,kalshi_candlesticks,0.1,0.01,0.01,0.01,0.01
KXHIGHNY-26JAN23-T39,2026-01-23,kalshi_candlesticks,0.03,0.07,0.04,0.02,0.01
KXHIGHNY-26JAN24-B16.5,2026-01-24,kalshi_candlesticks,0.15,0.18,0.28,0.26,0.15
KXHIGHNY-26JAN24-B18.5,2026-01-24,kalshi_candlesticks,0.28,0.52,0.58,0.6,0.83
KXHIGHNY-26JAN24-B20.5,2026-01-24,kalshi_candlesticks,0.5,0.21,0.1,0.13,0.06
KXHIGHNY-26JAN24-B22.5,2026-01-24,kalshi_candlesticks,0.14,0.03,0.03,0.01,0.02
KXHIGHNY-26JAN24-T16,2026-01-24,kalshi_candlesticks,0.13,0.05,0.06,0.04,0.01
KXHIGHNY-26JAN24-T23,2026-01-24,kalshi_candlesticks,0.1,0.01,0.02,0.01,0.01
KXHIGHNY-26JAN25-B23.5,2026-01-25,kalshi_candlesticks,0.4,0.06,0.03,0.02,0.06
KXHIGHNY-26JAN25-B25.5,2026-01-25,kalshi_candlesticks,0.4,0.13,0.1,0.12,0.23
KXHIGHNY-26JAN25-B27.5,2026-01-25,kalshi_candlesticks,0.31,0.32,0.35,0.52,0.35
KXHIGHNY-26JAN25-B29.5,2026-01-25,kalshi_candlesticks,0.18,0.37,0.36,0.26,0.25
KXHIGHNY-26JAN25-T23,2026-01-25,kalshi_candlesticks,0.12,0.05,0.01,0.02,0.04
KXHIGHNY-26JAN25-T30,2026-01-25,kalshi_candlesticks,0.13,0.18,0.2,0.13,0.19
KXHIGHNY-26JAN26-B27.5,2026-01-26,kalshi_candlesticks,0.31,0.43,0.51,0.33,0.4
KXHIGHNY-26JAN26-B29.5,2026-01-26,kalshi_candlesticks,0.36,0.16,0.16,0.1,0.02
KXHIGHNY-26JAN26-B31.5,2026-01-26,kalshi_candlesticks,0.22,0.02,0.02,0.01,0.01
KXHIGHNY-26JAN26-B33.5,2026-01-26,kalshi_candlesticks,0.13,0.02,0.01,0.01,0.01
KXHIGHNY-26JAN26-T27,2026-01-26,kalshi_candlesticks,0.04,0.42,0.43,0.62,0.64
KXHIGHNY-26JAN26-T34,2026-01-26,kalshi_candlesticks,0.02,0.01,0.01,0.01,0.01
KXHIGHNY-26JAN27-B16.5,2026-01-27,kalshi_candlesticks,0.12,0.02,0.01,0.01,0.01
KXHIGHNY-26JAN27-B18.5,2026-01-27,kalshi_candlesticks,0.39,0.25,0.22,0.01,0.01
KXHIGHNY-26JAN27-B20.5,2026-01-27,kalshi_candlesticks,0.21,0.46,0.49,0.55,0.01
KXHIGHNY-26JAN27-B22.5,2026-01-27,kalshi_candlesticks,0.22,0.26,0.26,0.42,0.94
KXHIGHNY-26JAN27-T16,2026-01-27,kalshi_candlesticks,0.05,0.01,0.01,0.01,0.01
KXHIGHNY-26JAN27-T23,2026-01-27,kalshi_candlesticks,0.02,0.07,0.09,0.07,0.07
KXHIGHNY-26JAN28-B19.5,2026-01-28,kalshi_candlesticks,0.19,0.03,0.02,0.01,0.01
KXHIGHNY-26JAN28-B21.5,2026-01-28,kalshi_candlesticks,0.35,0.17,0.23,0.15,0.01
KXHIGHNY-26JAN28-B23.5,2026-01-28,kalshi_candlesticks,0.23,0.52,0.52,0.7,0.9
KXHIGHNY-26JAN28-B25.5,2026-01-28,kalshi_candlesticks,0.1,0.28,0.26,0.12,0.1
KXHIGHNY-26JAN28-T19,2026-01-28,kalshi_candlesticks,0.1,0.02,0.01,0.01,0.01
KXHIGHNY-26JAN28-T26,2026-01-28,kalshi_candlesticks,0.1,0.07,0.03,0.02,0.01
KXHIGHNY-26JAN29-B19.5,2026-01-29,kalshi_candlesticks,0.22,0.05,0.07,0.09,0.01
KXHIGHNY-26JAN29-B21.5,2026-01-29,kalshi_candlesticks,0.39,0.47,0.46,0.51,0.69
KXHIGHNY-26JAN29-B23.5,2026-01-29,kalshi_candlesticks,0.3,0.36,0.48,0.39,0.27
KXHIGHNY-26JAN29-B25.5,2026-01-29,kalshi_candlesticks,0.17,0.11,0.05,0.03,0.01
KXHIGHNY-26JAN29-T19,2026-01-29,kalshi_candlesticks,0.16,0.03,0.01,0.01,0.01
KXHIGHNY-26JAN29-T26,2026-01-29,kalshi_candlesticks,0.1,0.02,0.01,0.01,0.01
KXHIGHNY-26JAN30-B15.5,2026-01-30,kalshi_candlesticks,0.16,0.24,0.27,0.11,0.01
KXHIGHNY-26JAN30-B17.5,2026-01-30,kalshi_candlesticks,0.23,0.66,0.64,0.61,0.7
KXHIGHNY-26JAN30-B19.5,2026-01-30,kalshi_candlesticks,0.19,0.1,0.13,0.27,0.33
KXHIGHNY-26JAN30-B21.5,2026-01-30,kalshi_candlesticks,0.09,0.03,0.02,0.03,0.03
KXHIGHNY-26JAN30-T15,2026-01-30,kalshi_candlesticks,0.15,0.01,0.01,0.01,0.01
KXHIGHNY-26JAN30-T22,2026-01-30,kalshi_candlesticks,0.04,0.01,0.04,0.02,0.01
KXHIGHNY-26JAN31-B19.5,2026-01-31,kalshi_candlesticks,0.27,0.14,0.19,0.02,0.01
KXHIGHNY-26JAN31-B21.5,2026-01-31,kalshi_candlesticks,0.3,0.47,0.62,0.47,0.53
KXHIGHNY-26JAN31-B23.5,2026-01-31,kalshi_candlesticks,0.16,0.36,0.25,0.46,0.53
KXHIGHNY-26JAN31-B25.5,2026-01-31,kalshi_candlesticks,0.04,0.04,0.01,0.02,0.01
KXHIGHNY-26JAN31-T19,2026-01-31,kalshi_candlesticks,0.17,0.02,0.01,0.01,0.01
KXHIGHNY-26JAN31-T26,2026-01-31,kalshi_candlesticks,0.02,0.02,0.01,0.02,0.01
KXHIGHNY-26FEB01-B22.5,2026-02-01,kalshi_candlesticks,0.34,0.26,0.31,0.52,0.71
KXHIGHNY-26FEB01-B24.5,2026-02-01,kalshi_candlesticks,0.49,0.58,0.62,0.42,0.38
KXHIGHNY-26FEB01-B26.5,2026-02-01,kalshi_candlesticks,0.28,0.17,0.1,0.03,0.03
KXHIGHNY-26FEB01-B28.5,2026-02-01,kalshi_candlesticks,0.08,0.01,0.02,0.01,0.01
KXHIGHNY-26FEB01-T22,2026-02-01,kalshi_candlesticks,0.14,0.05,0.03,0.07,0.02
KXHIGHNY-26FEB01-T29,2026-02-01,kalshi_candlesticks,0.02,0.01,0.01,0.01,0.01
KXHIGHNY-26FEB02-B29.5,2026-02-02,kalshi_candlesticks,0.23,0.15,0.03,0.02,0.01
KXHIGHNY-26FEB02-B31.5,2026-02-02,kalshi_candlesticks,0.5,0.48,0.44,0.45,0.01
KXHIGHNY-26FEB02-B33.5,2026-02-02,kalshi_candlesticks,0.32,0.31,0.46,0.49,0.41
KXHIGHNY-26FEB02-B35.5,2026-02-02,kalshi_candlesticks,0.09,0.05,0.06,0.09,0.59
KXHIGHNY-26FEB02-T29,2026-02-02,kalshi_candlesticks,0.14,0.04,0.01,0.01,0.01
KXHIGHNY-26FEB02-T36,2026-02-02,kalshi_candlesticks,0.02,0.01,0.01,0.01,0.01
KXHIGHNY-26FEB03-B30.5,2026-02-03,kalshi_candlesticks,0.22,0.04,0.03,0.05,0.01
KXHIGHNY-26FEB03-B32.5,2026-02-03,kalshi_candlesticks,0.99,0.14,0.15,0.13,0.53
KXHIGHNY-26FEB03-B34.5,2026-02-03,kalshi_candlesticks,0.23,0.3,0.42,0.52,0.47
KXHIGHNY-26FEB03-B36.5,2026-02-03,kalshi_candlesticks,0.24,0.39,0.31,0.28,0.03
KXHIGHNY-26FEB03-T30,2026-02-03,kalshi_candlesticks,0.13,0.01,0.01,0.01,0.01
KXHIGHNY-26FEB03-T37,2026-02-03,kalshi_candlesticks,0.15,0.2,0.12,0.07,0.01
KXHIGHNY-26FEB04-B30.5,2026-02-04,kalshi_candlesticks,0.19,0.07,0.14,0.23,0.1
KXHIGHNY-26FEB04-B32.5,2026-02-04,kalshi_candlesticks,0.65,0.55,0.47,0.71,0.85
KXHIGHNY-26FEB04-B34.5,2026-02-04,kalshi_candlesticks,0.26,0.33,0.38,0.09,0.08
KXHIGHNY-26FEB04-B36.5,2026-02-04,kalshi_candlesticks,0.08,0.06,0.05,0.01,0.01
KXHIGHNY-26FEB04-T30,2026-02-04,kalshi_candlesticks,0.49,0.01,0.01,0.01,0.01
KXHIGHNY-26FEB04-T37,2026-02-04,kalshi_candlesticks,0.03,0.01,0.01,0.01,0.01
KXHIGHNY-26FEB05-B29.5,2026-02-05,kalshi_candlesticks,0.36,0.26,0.48,0.19,0.16
KXHIGHNY-26FEB05-B31.5,2026-02-05,kalshi_candlesticks,0.99,0.49,0.45,0.74,0.79
KXHIGHNY-26FEB05-B33.5,2026-02-05,kalshi_candlesticks,0.65,0.14,0.11,0.14,0.07
KXHIGHNY-26FEB05-B35.5,2026-02-05,kalshi_candlesticks,0.65,0.04,0.03,0.01,0.01
KXHIGHNY-26FEB05-T29,2026-02-05,kalshi_candlesticks,0.65,0.03,0.05,0.01,0.01
KXHIGHNY-26FEB05-T36,2026-02-05,kalshi_candlesticks,0.02,0.02,0.01,0.01,0.01
KXHIGHNY-26FEB06-B26.5,2026-02-06,kalshi_candlesticks,0.99,0.02,0.01,0.01,0.01
KXHIGHNY-26FEB06-B28.5,2026-02-06,kalshi_candlesticks,0.33,0.07,0.01,0.01,0.01
KXHIGHNY-26FEB06-B30.5,2026-02-06,kalshi_candlesticks,0.51,0.41,0.38,0.12,0.01
KXHIGHNY-26FEB06-B32.5,2026-02-06,kalshi_candlesticks,0.16,0.46,0.5,0.75,0.9
KXHIGHNY-26FEB06-T26,2026-02-06,kalshi_candlesticks,0.99,0.01,0.01,0.01,0.01
KXHIGHNY-26FEB06-T33,2026-02-06,kalshi_candlesticks,0.17,0.1,0.14,0.13,0.11
KXHIGHNY-26FEB07-B24.5,2026-02-07,kalshi_candlesticks,0.04,0.01,0.01,0.01,0.01
KXHIGHNY-26FEB07-B26.5,2026-02-07,kalshi_candlesticks,0.64,0.99,0.98,0.98,0.99
KXHIGHNY-26FEB07-B28.5,2026-02-07,kalshi_candlesticks,0.2,0.01,0.01,0.01,0.01
KXHIGHNY-26FEB07-B30.5,2026-02-07,kalshi_candlesticks,0.01,0.01,0.01,0.01,0.01
KXHIGHNY-26FEB07-T24,2026-02-07,kalshi_candlesticks,0.01,0.01,0.01,0.01,0.01
KXHIGHNY-26FEB07-T31,2026-02-07,kalshi_candlesticks,0.32,0.01,0.01,0.01,0.01
KXHIGHNY-26FEB08-B17.5,2026-02-08,kalshi_candlesticks,0.5,0.5,0.42,0.43,0.7
KXHIGHNY-26FEB08-B19.5,2026-02-08,kalshi_candlesticks,0.38,0.14,0.14,0.04,0.04
KXHIGHNY-26FEB08-B21.5,2026-02-08,kalshi_candlesticks,0.05,0.03,0.01,0.01,0.01
KXHIGHNY-26FEB08-B23.5,2026-02-08,kalshi_candlesticks,0.04,0.02,0.02,0.01,0.01
KXHIGHNY-26FEB08-T17,2026-02-08,kalshi_candlesticks,0.64,0.37,0.51,0.56,0.24
KXHIGHNY-26FEB08-T24,2026-02-08,kalshi_candlesticks,0.03,0.02,0.01,0.01,0.01
KXHIGHNY-26FEB09-B28.5,2026-02-09,kalshi_candlesticks,0.3,0.27,0.41,0.41,0.34
KXHIGHNY-26FEB09-B30.5,2026-02-09,kalshi_candlesticks,0.65,0.55,0.5,0.53,0.66
KXHIGHNY-26FEB09-B32.5,2026-02-09,kalshi_candlesticks,0.13,0.15,0.13,0.11,0.03
KXHIGHNY-26FEB09-B34.5,2026-02-09,kalshi_candlesticks,0.05,0.03,0.01,0.01,0.01
KXHIGHNY-26FEB09-T28,2026-02-09,kalshi_candlesticks,0.65,0.05,0.02,0.02,0.01
KXHIGHNY-26FEB09-T35,2026-02-09,kalshi_candlesticks,0.5,0.01,0.01,0.01,0.01
KXHIGHNY-26FEB10-B32.5,2026-02-10,kalshi_candlesticks,0.15,0.06,0.1,0.01,0.01
KXHIGHNY-26FEB10-B34.5,2026-02-10,kalshi_candlesticks,0.5,0.44,0.4,0.31,0.01
KXHIGHNY-26FEB10-B36.5,2026-02-10,kalshi_candlesticks,0.5,0.41,0.47,0.59,0.92
KXHIGHNY-26FEB10-B38.5,2026-02-10,kalshi_candlesticks,0.01,0.1,0.07,0.09,0.07
KXHIGHNY-26FEB10-T32,2026-02-10,kalshi_candlesticks,0.04,0.01,0.01,0.01,0.01
KXHIGHNY-26FEB10-T39,2026-02-10,kalshi_candlesticks,0.01,0.01,0.01,0.05,0.02
KXHIGHNY-26FEB11-B36.5,2026-02-11,kalshi_candlesticks,0.04,0.02,0.01,0.01,0.01
KXHIGHNY-26FEB11-B38.5,2026-02-11,kalshi_candlesticks,0.99,0.04,0.01,0.01,0.01
KXHIGHNY-26FEB11-B40.5,2026-02-11,kalshi_candlesticks,0.33,0.51,0.12,0.69,0.96
KXHIGHNY-26FEB11-B42.5,2026-02-11,kalshi_candlesticks,0.25,0.42,0.68,0.3,0.03
KXHIGHNY-26FEB11-T36,2026-02-11,kalshi_candlesticks,0.03,0.01,0.01,0.01,0.01
KXHIGHNY-26FEB11-T43,2026-02-11,kalshi_candlesticks,0.08,0.07,0.16,0.03,0.01
KXHIGHNY-26FEB12-B32.5,2026-02-12,kalshi_candlesticks,0.06,0.01,0.01,0.01,0.01
KXHIGHNY-26FEB12-B34.5,2026-02-12,kalshi_candlesticks,0.19,0.41,0.43,0.51,0.37
KXHIGHNY-26FEB12-B36.5,2026-02-12,kalshi_candlesticks,0.46,0.59,0.52,0.42,0.63
KXHIGHNY-26FEB12-B38.5,2026-02-12,kalshi_candlesticks,0.5,0.03,0.1,0.14,0.04
KXHIGHNY-26FEB12-T32,2026-02-12,kalshi_candlesticks,0.07,0.01,0.01,0.01,0.01
KXHIGHNY-26FEB12-T39,2026-02-12,kalshi_candlesticks,0.05,0.04,0.02,0.01,0.03
KXHIGHNY-26FEB13-B35.5,2026-02-13,kalshi_candlesticks,0.32,0.23,0.06,0.1,0.03
KXHIGHNY-26FEB13-B37.5,2026-02-13,kalshi_candlesticks,0.33,0.53,0.52,0.64,0.88
KXHIGHNY-26FEB13-B39.5,2026-02-13,kalshi_candlesticks,0.33,0.25,0.37,0.17,0.09
KXHIGHNY-26FEB13-B41.5,2026-02-13,kalshi_candlesticks,0.06,0.03,0.05,0.03,0.01
KXHIGHNY-26FEB13-T35,2026-02-13,kalshi_candlesticks,0.04,0.01,0.03,0.01,0.01
KXHIGHNY-26FEB13-T42,2026-02-13,kalshi_candlesticks,0.01,0.02,0.01,0.01,0.01
KXHIGHNY-26FEB14-B40.5,2026-02-14,kalshi_candlesticks,0.14,0.02,0.04,0.01,0.01
KXHIGHNY-26FEB14-B42.5,2026-02-14,kalshi_candlesticks,0.99,0.14,0.17,0.08,0.01
KXHIGHNY-26FEB14-B44.5,2026-02-14,kalshi_candlesticks,0.5,0.59,0.58,0.62,0.14
KXHIGHNY-26FEB14-B46.5,2026-02-14,kalshi_candlesticks,0.34,0.27,0.21,0.32,0.82
KXHIGHNY-26FEB14-T40,2026-02-14,kalshi_candlesticks,0.15,0.01,0.01,0.01,0.01
KXHIGHNY-26FEB14-T47,2026-02-14,kalshi_candlesticks,0.04,0.04,0.08,0.04,0.08
KXHIGHNY-26FEB15-B36.5,2026-02-15,kalshi_candlesticks,0.01,0.01,0.01,0.01,0.01
KXHIGHNY-26FEB15-B38.5,2026-02-15,kalshi_candlesticks,0.07,0.11,0.01,0.01,0.01
KXHIGHNY-26FEB15-B40.5,2026-02-15,kalshi_candlesticks,0.25,0.3,0.23,0.31,0.91
KXHIGHNY-26FEB15-B42.5,2026-02-15,kalshi_candlesticks,0.25,0.3,0.59,0.59,0.05
KXHIGHNY-26FEB15-T36,2026-02-15,kalshi_candlesticks,0.05,0.01,0.01,0.01,0.01
KXHIGHNY-26FEB15-T43,2026-02-15,kalshi_candlesticks,0.5,0.34,0.24,0.09,0.02
KXHIGHNY-26FEB16-B37.5,2026-02-16,kalshi_candlesticks,0.21,0.11,0.11,0.05,0.1
KXHIGHNY-26FEB16-B39.5,2026-02-16,kalshi_candlesticks,0.23,0.51,0.56,0.68,0.8
KXHIGHNY-26FEB16-B41.5,2026-02-16,kalshi_candlesticks,0.26,0.32,0.3,0.25,0.09
KXHIGHNY-26FEB16-B43.5,2026-02-16,kalshi_candlesticks,0.1,0.06,0.06,0.01,0.01
KXHIGHNY-26FEB16-T37,2026-02-16,kalshi_candlesticks,0.03,0.01,0.01,0.01,0.01
KXHIGHNY-26FEB16-T44,2026-02-16,kalshi_candlesticks,0.02,0.02,0.01,0.01,0.01
KXHIGHNY-26FEB17-B44.5,2026-02-17,kalshi_candlesticks,0.12,0.15,0.17,0.29,0.1
KXHIGHNY-26FEB17-B46.5,2026-02-17,kalshi_candlesticks,0.49,0.46,0.51,0.48,0.6
KXHIGHNY-26FEB17-B48.5,2026-02-17,kalshi_candlesticks,0.28,0.27,0.28,0.13,0.2
KXHIGHNY-26FEB17-B50.5,2026-02-17,kalshi_candlesticks,0.1,0.07,0.05,0.03,0.07
KXHIGHNY-26FEB17-T44,2026-02-17,kalshi_candlesticks,0.1,0.07,0.07,0.1,0.01
KXHIGHNY-26FEB17-T51,2026-02-17,kalshi_candlesticks,0.1,0.03,0.03,0.01,0.01
KXHIGHNY-26FEB18-B44.5,2026-02-18,kalshi_candlesticks,0.33,0.39,0.36,0.18,0.02
KXHIGHNY-26FEB18-B46.5,2026-02-18,kalshi_candlesticks,0.15,0.08,0.03,0.01,0.01
KXHIGHNY-26FEB18-B48.5,2026-02-18,kalshi_candlesticks,0.05,0.01,0.01,0.01,0.01
KXHIGHNY-26FEB18-B50.5,2026-02-18,kalshi_candlesticks,0.1,0.01,0.01,0.01,0.01
KXHIGHNY-26FEB18-T44,2026-02-18,kalshi_candlesticks,0.28,0.54,0.68,0.83,0.97
KXHIGHNY-26FEB18-T51,2026-02-18,kalshi_candlesticks,0.02,0.01,0.01,0.01,0.01
KXHIGHNY-26FEB19-B40.5,2026-02-19,kalshi_candlesticks,0.35,0.6,0.49,0.61,0.01
KXHIGHNY-26FEB19-B42.5,2026-02-19,kalshi_candlesticks,0.28,0.28,0.35,0.42,0.98
KXHIGHNY-26FEB19-B44.5,2026-02-19,kalshi_candlesticks,0.03,0.03,0.03,0.02,0.01
KXHIGHNY-26FEB19-B46.5,2026-02-19,kalshi_candlesticks,0.01,0.01,0.01,0.01,0.01
KXHIGHNY-26FEB19-T40,2026-02-19,kalshi_candlesticks,0.24,0.14,0.1,0.01,0.01
KXHIGHNY-26FEB19-T47,2026-02-19,kalshi_candlesticks,0.01,0.01,0.01,0.01,0.01
KXHIGHNY-26FEB20-B39.5,2026-02-20,kalshi_candlesticks,0.35,0.39,0.42,0.43,0.1
KXHIGHNY-26FEB20-B41.5,2026-02-20,kalshi_candlesticks,0.33,0.46,0.39,0.31,0.03
KXHIGHNY-26FEB20-B43.5,2026-02-20,kalshi_candlesticks,0.14,0.06,0.02,0.01,0.01
KXHIGHNY-26FEB20-B45.5,2026-02-20,kalshi_candlesticks,0.11,0.02,0.01,0.01,0.01
KXHIGHNY-26FEB20-T39,2026-02-20,kalshi_candlesticks,0.32,0.12,0.23,0.32,0.87
KXHIGHNY-26FEB20-T46,2026-02-20,kalshi_candlesticks,0.03,0.01,0.01,0.01,0.01
KXHIGHNY-26FEB21-B43.5,2026-02-21,kalshi_candlesticks,0.11,0.07,0.09,0.02,0.01
KXHIGHNY-26FEB21-B45.5,2026-02-21,kalshi_candlesticks,0.2,0.54,0.48,0.48,0.55
KXHIGHNY-26FEB21-B47.5,2026-02-21,kalshi_candlesticks,0.3,0.34,0.42,0.44,0.35
KXHIGHNY-26FEB21-B49.5,2026-02-21,kalshi_candlesticks,0.29,0.05,0.04,0.04,0.02
KXHIGHNY-26FEB21-T43,2026-02-21,kalshi_candlesticks,0.11,0.02,0.01,0.01,0.01
KXHIGHNY-26FEB21-T50,2026-02-21,kalshi_candlesticks,0.02,0.01,0.01,0.01,0.01
KXHIGHNY-26FEB22-B38.5,2026-02-22,kalshi_candlesticks,0.16,0.79,0.81,0.79,0.81
KXHIGHNY-26FEB22-B40.5,2026-02-22,kalshi_candlesticks,0.23,0.1,0.05,0.02,0.01
KXHIGHNY-26FEB22-B42.5,2026-02-22,kalshi_candlesticks,0.11,0.02,0.02,0.01,0.01
KXHIGHNY-26FEB22-B44.5,2026-02-22,kalshi_candlesticks,0.04,0.01,0.01,0.01,0.01
KXHIGHNY-26FEB22-T38,2026-02-22,kalshi_candlesticks,0.64,0.08,0.2,0.19,0.22
KXHIGHNY-26FEB22-T45,2026-02-22,kalshi_candlesticks,0.1,0.01,0.01,0.01,0.01
KXHIGHNY-26FEB23-B33.5,2026-02-23,kalshi_candlesticks,0.23,0.42,0.35,0.61,0.8
KXHIGHNY-26FEB23-B35.5,2026-02-23,kalshi_candlesticks,0.99,0.46,0.48,0.2,0.11
KXHIGHNY-26FEB23-B37.5,2026-02-23,kalshi_candlesticks,0.1,0.05,0.07,0.05,0.01
KXHIGHNY-26FEB23-B39.5,2026-02-23,kalshi_candlesticks,0.09,0.02,0.02,0.01,0.01
KXHIGHNY-26FEB23-T33,2026-02-23,kalshi_candlesticks,0.48,0.14,0.06,0.15,0.11
KXHIGHNY-26FEB23-T40,2026-02-23,kalshi_candlesticks,0.01,0.01,0.01,0.01,0.01
KXHIGHNY-26FEB24-B28.5,2026-02-24,kalshi_candlesticks,0.35,0.01,0.01,0.01,0.01
KXHIGHNY-26FEB24-B30.5,2026-02-24,kalshi_candlesticks,0.35,0.69,0.62,0.31,0.59
KXHIGHNY-26FEB24-B32.5,2026-02-24,kalshi_candlesticks,0.1,0.34,0.36,0.59,0.49
KXHIGHNY-26FEB24-B34.5,2026-02-24,kalshi_candlesticks,0.08,0.03,0.03,0.04,0.01
KXHIGHNY-26FEB24-T28,2026-02-24,kalshi_candlesticks,0.57,0.01,0.01,0.01,0.01
KXHIGHNY-26FEB24-T35,2026-02-24,kalshi_candlesticks,0.04,0.01,0.01,0.01,0.01
KXHIGHNY-26FEB25-B39.5,2026-02-25,kalshi_candlesticks,0.03,0.35,0.41,0.31,0.01
KXHIGHNY-26FEB25-B41.5,2026-02-25,kalshi_candlesticks,0.41,0.45,0.47,0.59,0.6
KXHIGHNY-26FEB25-B43.5,2026-02-25,kalshi_candlesticks,0.05,0.16,0.08,0.09,0.4
KXHIGHNY-26FEB25-B45.5,2026-02-25,kalshi_candlesticks,0.19,0.02,0.01,0.01,0.01
KXHIGHNY-26FEB25-T39,2026-02-25,kalshi_candlesticks,0.2,0.07,0.05,0.01,0.01
KXHIGHNY-26FEB25-T46,2026-02-25,kalshi_candlesticks,0.07,0.01,0.01,0.01,0.01
KXHIGHNY-26FEB26-B36.5,2026-02-26,kalshi_candlesticks,0.1,0.01,0.01,0.01,0.01
KXHIGHNY-26FEB26-B38.5,2026-02-26,kalshi_candlesticks,0.49,0.01,0.01,0.01,0.01
KXHIGHNY-26FEB26-B40.5,2026-02-26,kalshi_candlesticks,0.51,0.18,0.13,0.01,0.01
KXHIGHNY-26FEB26-B42.5,2026-02-26,kalshi_candlesticks,0.16,0.41,0.54,0.16,0.01
KXHIGHNY-26FEB26-T36,2026-02-26,kalshi_candlesticks,0.05,0.01,0.01,0.01,0.01
KXHIGHNY-26FEB26-T43,2026-02-26,kalshi_candlesticks,0.02,0.44,0.37,0.89,0.99
KXHIGHNY-26FEB27-B38.5,2026-02-27,kalshi_candlesticks,0.49,0.03,0.01,0.01,0.01
KXHIGHNY-26FEB27-B40.5,2026-02-27,kalshi_candlesticks,0.31,0.06,0.02,0.01,0.01
KXHIGHNY-26FEB27-B42.5,2026-02-27,kalshi_candlesticks,0.16,0.3,0.13,0.08,0.01
KXHIGHNY-26FEB27-B44.5,2026-02-27,kalshi_candlesticks,0.02,0.35,0.36,0.44,0.67
KXHIGHNY-26FEB27-T38,2026-02-27,kalshi_candlesticks,0.17,0.01,0.01,0.01,0.01
KXHIGHNY-26FEB27-T45,2026-02-27,kalshi_candlesticks,0.48,0.31,0.52,0.49,0.34
KXHIGHNY-26FEB28-B50.5,2026-02-28,kalshi_candlesticks,0.25,0.34,0.27,0.35,0.01
KXHIGHNY-26FEB28-B52.5,2026-02-28,kalshi_candlesticks,0.08,0.08,0.03,0.44,0.96
KXHIGHNY-26FEB28-B54.5,2026-02-28,kalshi_candlesticks,0.08,0.01,0.02,0.11,0.06
KXHIGHNY-26FEB28-B56.5,2026-02-28,kalshi_candlesticks,0.07,0.01,0.01,0.01,0.01
KXHIGHNY-26FEB28-T50,2026-02-28,kalshi_candlesticks,0.32,0.57,0.72,0.02,0.01
KXHIGHNY-26FEB28-T57,2026-02-28,kalshi_candlesticks,0.07,0.01,0.01,0.01,0.01
KXHIGHNY-26MAR01-B38.5,2026-03-01,kalshi_candlesticks,0.25,0.01,0.01,0.01,0.01
KXHIGHNY-26MAR01-B40.5,2026-03-01,kalshi_candlesticks,0.16,0.01,0.01,0.01,0.01
KXHIGHNY-26MAR01-B42.5,2026-03-01,kalshi_candlesticks,0.14,0.88,0.87,0.82,0.84
KXHIGHNY-26MAR01-B44.5,2026-03-01,kalshi_candlesticks,0.06,0.13,0.1,0.14,0.1
KXHIGHNY-26MAR01-T38,2026-03-01,kalshi_candlesticks,0.3,0.01,0.01,0.01,0.01
KXHIGHNY-26MAR01-T45,2026-03-01,kalshi_candlesticks,0.08,0.03,0.02,0.01,0.03
KXHIGHNY-26MAR02-B28.5,2026-03-02,kalshi_candlesticks,0.11,0.01,0.01,0.01,0.01
KXHIGHNY-26MAR02-B30.5,2026-03-02,kalshi_candlesticks,0.27,0.18,0.06,0.25,0.03
KXHIGHNY-26MAR02-B32.5,2026-03-02,kalshi_candlesticks,0.21,0.52,0.55,0.56,0.71
KXHIGHNY-26MAR02-B34.5,2026-03-02,kalshi_candlesticks,0.12,0.29,0.28,0.18,0.15
KXHIGHNY-26MAR02-T28,2026-03-02,kalshi_candlesticks,0.08,0.01,0.01,0.01,0.01
KXHIGHNY-26MAR02-T35,2026-03-02,kalshi_candlesticks,0.11,0.04,0.08,0.06,0.02
KXHIGHNY-26MAR03-B39.5,2026-03-03,kalshi_candlesticks,0.24,0.38,0.38,0.33,0.18
KXHIGHNY-26MAR03-B41.5,2026-03-03,kalshi_candlesticks,0.26,0.15,0.15,0.14,0.04
KXHIGHNY-26MAR03-B43.5,2026-03-03,kalshi_candlesticks,0.09,0.07,0.03,0.04,0.01
KXHIGHNY-26MAR03-B45.5,2026-03-03,kalshi_candlesticks,0.1,0.03,0.01,0.01,0.01
KXHIGHNY-26MAR03-T39,2026-03-03,kalshi_candlesticks,0.14,0.42,0.47,0.56,0.81
KXHIGHNY-26MAR03-T46,2026-03-03,kalshi_candlesticks,0.08,0.03,0.03,0.01,0.01
KXHIGHNY-26MAR04-B48.5,2026-03-04,kalshi_candlesticks,0.65,0.37,0.47,0.35,0.59
KXHIGHNY-26MAR04-B50.5,2026-03-04,kalshi_candlesticks,0.65,0.41,0.27,0.1,0.34
KXHIGHNY-26MAR04-B52.5,2026-03-04,kalshi_candlesticks,0.01,0.09,0.06,0.01,0.02
KXHIGHNY-26MAR04-B54.5,2026-03-04,kalshi_candlesticks,0.01,0.02,0.02,0.01,0.01
KXHIGHNY-26MAR04-T48,2026-03-04,kalshi_candlesticks,0.65,0.16,0.18,0.5,0.01
KXHIGHNY-26MAR04-T55,2026-03-04,kalshi_candlesticks,0.01,0.01,0.01,0.01,0.01
KXHIGHNY-26MAR05-B41.5,2026-03-05,kalshi_candlesticks,0.25,0.01,0.01,0.01,0.01
KXHIGHNY-26MAR05-B43.5,2026-03-05,kalshi_candlesticks,0.47,0.01,0.01,0.01,0.01
KXHIGHNY-26MAR05-B45.5,2026-03-05,kalshi_candlesticks,0.09,0.91,0.86,0.97,0.98
KXHIGHNY-26MAR05-B47.5,2026-03-05,kalshi_candlesticks,0.07,0.06,0.12,0.03,0.01
KXHIGHNY-26MAR05-T41,2026-03-05,kalshi_candlesticks,0.14,0.01,0.01,0.01,0.01
KXHIGHNY-26MAR05-T48,2026-03-05,kalshi_candlesticks,0.5,0.01,0.01,0.01,0.01
KXHIGHNY-26MAR06-B41.5,2026-03-06,kalshi_candlesticks,0.25,0.48,0.45,0.61,0.81
KXHIGHNY-26MAR06-B43.5,2026-03-06,kalshi_candlesticks,0.28,0.32,0.45,0.36,0.23
KXHIGHNY-26MAR06-B45.5,2026-03-06,kalshi_candlesticks,0.23,0.04,0.09,0.02,0.02
KXHIGHNY-26MAR06-B47.5,2026-03-06,kalshi_candlesticks,0.02,0.02,0.01,0.01,0.01
KXHIGHNY-26MAR06-T41,2026-03-06,kalshi_candlesticks,0.28,0.18,0.02,0.01,0.01
KXHIGHNY-26MAR06-T48,2026-03-06,kalshi_candlesticks,0.1,0.02,0.01,0.01,0.01
KXHIGHNY-26MAR07-B50.5,2026-03-07,kalshi_candlesticks,0.15,0.24,0.42,0.46,0.42
KXHIGHNY-26MAR07-B52.5,2026-03-07,kalshi_candlesticks,0.27,0.08,0.06,0.2,0.15
KXHIGHNY-26MAR07-B54.5,2026-03-07,kalshi_candlesticks,0.07,0.03,0.02,0.05,0.05
KXHIGHNY-26MAR07-B56.5,2026-03-07,kalshi_candlesticks,0.18,0.02,0.01,0.01,0.01
KXHIGHNY-26MAR07-T50,2026-03-07,kalshi_candlesticks,0.5,0.6,0.52,0.34,0.38
KXHIGHNY-26MAR07-T57,2026-03-07,kalshi_candlesticks,0.02,0.02,0.01,0.01,0.01
KXHIGHNY-26MAR08-B62.5,2026-03-08,kalshi_candlesticks,0.25,0.04,0.03,0.13,0.01
KXHIGHNY-26MAR08-B64.5,2026-03-08,kalshi_candlesticks,0.22,0.3,0.38,0.39,0.01
KXHIGHNY-26MAR08-B66.5,2026-03-08,kalshi_candlesticks,0.15,0.42,0.42,0.35,0.18
KXHIGHNY-26MAR08-B68.5,2026-03-08,kalshi_candlesticks,0.02,0.18,0.11,0.11,0.62
KXHIGHNY-26MAR08-T62,2026-03-08,kalshi_candlesticks,0.3,0.03,0.02,0.02,0.01
KXHIGHNY-26MAR08-T69,2026-03-08,kalshi_candlesticks,0.15,0.07,0.02,0.04,0.17
KXHIGHNY-26MAR09-B63.5,2026-03-09,kalshi_candlesticks,0.25,0.01,0.01,0.01,0.01
KXHIGHNY-26MAR09-B65.5,2026-03-09,kalshi_candlesticks,0.49,0.02,0.01,0.02,0.01
KXHIGHNY-26MAR09-B67.5,2026-03-09,kalshi_candlesticks,0.02,0.12,0.09,0.05,0.01
KXHIGHNY-26MAR09-B69.5,2026-03-09,kalshi_candlesticks,0.02,0.37,0.36,0.31,0.04
KXHIGHNY-26MAR09-T63,2026-03-09,kalshi_candlesticks,0.15,0.01,0.01,0.01,0.01
KXHIGHNY-26MAR09-T70,2026-03-09,kalshi_candlesticks,0.14,0.5,0.55,0.61,0.9
KXHIGHNY-26MAR10-B66.5,2026-03-10,kalshi_candlesticks,0.13,0.01,0.01,0.01,0.01
KXHIGHNY-26MAR10-B68.5,2026-03-10,kalshi_candlesticks,0.39,0.03,0.01,0.01,0.01
KXHIGHNY-26MAR10-B70.5,2026-03-10,kalshi_candlesticks,0.25,0.07,0.08,0.01,0.01
KXHIGHNY-26MAR10-B72.5,2026-03-10,kalshi_candlesticks,0.26,0.1,0.15,0.01,0.01
KXHIGHNY-26MAR10-T66,2026-03-10,kalshi_candlesticks,0.13,0.01,0.01,0.01,0.01
KXHIGHNY-26MAR10-T73,2026-03-10,kalshi_candlesticks,0.01,0.85,0.78,0.99,0.99
KXHIGHNY-26MAR11-B66.5,2026-03-11,kalshi_candlesticks,0.25,0.01,0.01,0.01,0.01
KXHIGHNY-26MAR11-B68.5,2026-03-11,kalshi_candlesticks,0.24,0.01,0.01,0.01,0.01
KXHIGHNY-26MAR11-B70.5,2026-03-11,kalshi_candlesticks,0.25,0.58,0.32,0.1,0.75
KXHIGHNY-26MAR11-B72.5,2026-03-11,kalshi_candlesticks,0.04,0.22,0.16,0.33,0.21
KXHIGHNY-26MAR11-T66,2026-03-11,kalshi_candlesticks,0.38,0.01,0.01,0.01,0.01
KXHIGHNY-26MAR11-T73,2026-03-11,kalshi_candlesticks,0.09,0.11,0.58,0.58,0.04
KXHIGHNY-26MAR12-B64.5,2026-03-12,kalshi_candlesticks,0.23,0.01,0.01,0.01,0.01
KXHIGHNY-26MAR12-B66.5,2026-03-12,kalshi_candlesticks,0.22,0.01,0.01,0.01,0.01
KXHIGHNY-26MAR12-B68.5,2026-03-12,kalshi_candlesticks,0.2,0.01,0.01,0.01,0.01
KXHIGHNY-26MAR12-B70.5,2026-03-12,kalshi_candlesticks,0.06,0.01,0.01,0.01,0.01
KXHIGHNY-26MAR12-T64,2026-03-12,kalshi_candlesticks,0.4,0.99,0.99,0.99,0.99
KXHIGHNY-26MAR12-T71,2026-03-12,kalshi_candlesticks,0.1,0.01,0.01,0.01,0.01
KXHIGHNY-26MAR13-B45.5,2026-03-13,kalshi_candlesticks,0.32,0.42,0.39,0.37,0.21
KXHIGHNY-26MAR13-B47.5,2026-03-13,kalshi_candlesticks,0.5,0.15,0.17,0.08,0.04
KXHIGHNY-26MAR13-B49.5,2026-03-13,kalshi_candlesticks,0.35,0.05,0.03,0.02,0.01
KXHIGHNY-26MAR13-B51.5,2026-03-13,kalshi_candlesticks,0.17,0.02,0.01,0.01,0.01
KXHIGHNY-26MAR13-T45,2026-03-13,kalshi_candlesticks,0.5,0.43,0.46,0.57,0.7
KXHIGHNY-26MAR13-T52,2026-03-13,kalshi_candlesticks,0.12,0.02,0.01,0.01,0.01
KXHIGHNY-26MAR14-B49.5,2026-03-14,kalshi_candlesticks,0.19,0.39,0.37,0.44,0.39
KXHIGHNY-26MAR14-B51.5,2026-03-14,kalshi_candlesticks,0.17,0.33,0.32,0.35,0.58
KXHIGHNY-26MAR14-B53.5,2026-03-14,kalshi_candlesticks,0.14,0.16,0.15,0.15,0.08
KXHIGHNY-26MAR14-B55.5,2026-03-14,kalshi_candlesticks,0.5,0.03,0.02,0.02,0.02
KXHIGHNY-26MAR14-T49,2026-03-14,kalshi_candlesticks,0.5,0.1,0.15,0.08,0.01
KXHIGHNY-26MAR14-T56,2026-03-14,kalshi_candlesticks,0.01,0.02,0.02,0.01,0.01
KXHIGHNY-26MAR15-B47.5,2026-03-15,kalshi_candlesticks,0.5,0.36,0.38,0.35,0.24
KXHIGHNY-26MAR15-B49.5,2026-03-15,kalshi_candlesticks,0.5,0.15,0.09,0.1,0.08
KXHIGHNY-26MAR15-B51.5,2026-03-15,kalshi_candlesticks,0.5,0.07,0.03,0.02,0.03
KXHIGHNY-26MAR15-B53.5,2026-03-15,kalshi_candlesticks,0.11,0.02,0.02,0.01,0.01
KXHIGHNY-26MAR15-T47,2026-03-15,kalshi_candlesticks,0.5,0.38,0.45,0.58,0.62
KXHIGHNY-26MAR15-T54,2026-03-15,kalshi_candlesticks,0.01,0.02,0.01,0.01,0.01
KXHIGHNY-26MAR16-B57.5,2026-03-16,kalshi_candlesticks,0.5,0.09,0.1,0.18,0.1
KXHIGHNY-26MAR16-B59.5,2026-03-16,kalshi_candlesticks,0.33,0.37,0.3,0.41,0.47
KXHIGHNY-26MAR16-B61.5,2026-03-16,kalshi_candlesticks,0.25,0.33,0.29,0.25,0.29
KXHIGHNY-26MAR16-B63.5,2026-03-16,kalshi_candlesticks,0.5,0.18,0.16,0.12,0.07
KXHIGHNY-26MAR16-T57,2026-03-16,kalshi_candlesticks,0.99,0.03,0.03,0.04,0.01
KXHIGHNY-26MAR16-T64,2026-03-16,kalshi_candlesticks,0.01,0.08,0.08,0.03,0.04
KXHIGHNY-26MAR17-B56.5,2026-03-17,kalshi_candlesticks,0.59,0.01,0.01,0.01,0.01
KXHIGHNY-26MAR17-B58.5,2026-03-17,kalshi_candlesticks,0.59,0.01,0.01,0.01,0.01
KXHIGHNY-26MAR17-B60.5,2026-03-17,kalshi_candlesticks,0.59,0.01,0.01,0.01,0.01
KXHIGHNY-26MAR17-B62.5,2026-03-17,kalshi_candlesticks,0.59,0.01,0.01,0.01,0.01
KXHIGHNY-26MAR17-T56,2026-03-17,kalshi_candlesticks,0.58,0.99,0.99,0.99,0.99
KXHIGHNY-26MAR17-T63,2026-03-17,kalshi_candlesticks,0.02,0.01,0.01,0.01,0.01
KXHIGHNY-26MAR18-B37.5,2026-03-18,kalshi_candlesticks,0.25,0.48,0.46,0.67,0.34
KXHIGHNY-26MAR18-B39.5,2026-03-18,kalshi_candlesticks,0.5,0.25,0.18,0.09,0.07
KXHIGHNY-26MAR18-B41.5,2026-03-18,kalshi_candlesticks,0.5,0.05,0.08,0.03,0.03
KXHIGHNY-26MAR18-B43.5,2026-03-18,kalshi_candlesticks,0.5,0.03,0.01,0.01,0.01
KXHIGHNY-26MAR18-T37,2026-03-18,kalshi_candlesticks,0.5,0.23,0.31,0.23,0.6
KXHIGHNY-26MAR18-T44,2026-03-18,kalshi_candlesticks,0.03,0.01,0.01,0.01,0.01
KXHIGHNY-26MAR19-B43.5,2026-03-19,kalshi_candlesticks,0.26,0.25,0.3,0.58,0.55
KXHIGHNY-26MAR19-B45.5,2026-03-19,kalshi_candlesticks,0.49,0.44,0.51,0.15,0.15
KXHIGHNY-26MAR19-B47.5,2026-03-19,kalshi_candlesticks,0.56,0.22,0.14,0.03,0.03
KXHIGHNY-26MAR19-B49.5,2026-03-19,kalshi_candlesticks,0.57,0.05,0.03,0.01,0.01
KXHIGHNY-26MAR19-T43,2026-03-19,kalshi_candlesticks,0.65,0.09,0.06,0.24,0.28
KXHIGHNY-26MAR19-T50,2026-03-19,kalshi_candlesticks,0.42,0.02,0.02,0.01,0.01
KXHIGHNY-26MAR20-B53.5,2026-03-20,kalshi_candlesticks,0.02,0.08,0.05,0.04,0.01
KXHIGHNY-26MAR20-B55.5,2026-03-20,kalshi_candlesticks,0.02,0.22,0.15,0.17,0.19
KXHIGHNY-26MAR20-B57.5,2026-03-20,kalshi_candlesticks,0.02,0.35,0.45,0.39,0.4
KXHIGHNY-26MAR20-B59.5,2026-03-20,kalshi_candlesticks,0.02,0.23,0.34,0.35,0.29
KXHIGHNY-26MAR20-T53,2026-03-20,kalshi_candlesticks,0.98,0.03,0.01,0.01,0.01
KXHIGHNY-26MAR20-T60,2026-03-20,kalshi_candlesticks,0.94,0.06,0.1,0.09,0.1
KXHIGHNY-26MAR21-B53.5,2026-03-21,kalshi_candlesticks,0.15,0.07,0.06,0.02,0.01
KXHIGHNY-26MAR21-B55.5,2026-03-21,kalshi_candlesticks,0.29,0.31,0.28,0.13,0.01
KXHIGHNY-26MAR21-B57.5,2026-03-21,kalshi_candlesticks,0.28,0.42,0.47,0.59,0.36
KXHIGHNY-26MAR21-B59.5,2026-03-21,kalshi_candlesticks,0.1,0.18,0.21,0.22,0.48
KXHIGHNY-26MAR21-T53,2026-03-21,kalshi_candlesticks,0.14,0.01,0.01,0.01,0.01
KXHIGHNY-26MAR21-T60,2026-03-21,kalshi_candlesticks,0.14,0.06,0.02,0.02,0.11
KXHIGHNY-26MAR22-B62.5,2026-03-22,kalshi_candlesticks,0.22,0.33,0.23,0.37,0.37
KXHIGHNY-26MAR22-B64.5,2026-03-22,kalshi_candlesticks,0.21,0.21,0.24,0.26,0.38
KXHIGHNY-26MAR22-B66.5,2026-03-22,kalshi_candlesticks,0.17,0.22,0.31,0.1,0.08
KXHIGHNY-26MAR22-B68.5,2026-03-22,kalshi_candlesticks,0.13,0.09,0.12,0.03,0.02
KXHIGHNY-26MAR22-T62,2026-03-22,kalshi_candlesticks,0.6,0.15,0.09,0.33,0.16
KXHIGHNY-26MAR22-T69,2026-03-22,kalshi_candlesticks,0.03,0.03,0.05,0.02,0.01
KXHIGHNY-26MAR23-B54.5,2026-03-23,kalshi_candlesticks,0.2,0.01,0.01,0.01,0.01
KXHIGHNY-26MAR23-B56.5,2026-03-23,kalshi_candlesticks,0.17,0.01,0.01,0.01,0.01
KXHIGHNY-26MAR23-B58.5,2026-03-23,kalshi_candlesticks,0.12,0.01,0.01,0.01,0.01
KXHIGHNY-26MAR23-B60.5,2026-03-23,kalshi_candlesticks,0.05,0.01,0.01,0.01,0.01
KXHIGHNY-26MAR23-T54,2026-03-23,kalshi_candlesticks,0.5,0.99,0.99,0.99,0.99
KXHIGHNY-26MAR23-T61,2026-03-23,kalshi_candlesticks,0.13,0.01,0.01,0.01,0.01
KXHIGHNY-26MAR24-B46.5,2026-03-24,kalshi_candlesticks,0.26,0.26,0.28,0.32,0.3
KXHIGHNY-26MAR24-B48.5,2026-03-24,kalshi_candlesticks,0.38,0.52,0.44,0.5,0.63
KXHIGHNY-26MAR24-B50.5,2026-03-24,kalshi_candlesticks,0.34,0.19,0.17,0.14,0.13
KXHIGHNY-26MAR24-B52.5,2026-03-24,kalshi_candlesticks,0.47,0.02,0.02,0.01,0.01
KXHIGHNY-26MAR24-T46,2026-03-24,kalshi_candlesticks,0.12,0.03,0.09,0.02,0.01
KXHIGHNY-26MAR24-T53,2026-03-24,kalshi_candlesticks,0.06,0.02,0.02,0.01,0.01
KXHIGHNY-26MAR25-B51.5,2026-03-25,kalshi_candlesticks,0.41,0.21,0.25,0.27,0.01
KXHIGHNY-26MAR25-B53.5,2026-03-25,kalshi_candlesticks,0.5,0.46,0.55,0.58,0.66
KXHIGHNY-26MAR25-B55.5,2026-03-25,kalshi_candlesticks,0.19,0.22,0.16,0.13,0.37
KXHIGHNY-26MAR25-B57.5,2026-03-25,kalshi_candlesticks,0.04,0.05,0.02,0.02,0.01
KXHIGHNY-26MAR25-T51,2026-03-25,kalshi_candlesticks,0.02,0.05,0.03,0.02,0.01
KXHIGHNY-26MAR25-T58,2026-03-25,kalshi_candlesticks,0.02,0.02,0.01,0.01,0.01
KXHIGHNY-26MAR26-B65.5,2026-03-26,kalshi_candlesticks,0.1,0.01,0.01,0.01,0.01
KXHIGHNY-26MAR26-B67.5,2026-03-26,kalshi_candlesticks,0.33,0.02,0.01,0.01,0.01
KXHIGHNY-26MAR26-B69.5,2026-03-26,kalshi_candlesticks,0.59,0.06,0.06,0.01,0.01
KXHIGHNY-26MAR26-B71.5,2026-03-26,kalshi_candlesticks,0.07,0.25,0.23,0.2,0.02
KXHIGHNY-26MAR26-T65,2026-03-26,kalshi_candlesticks,0.5,0.01,0.01,0.01,0.01
KXHIGHNY-26MAR26-T72,2026-03-26,kalshi_candlesticks,0.5,0.7,0.74,0.81,0.99
KXHIGHNY-26MAR27-B62.5,2026-03-27,kalshi_candlesticks,0.31,0.01,0.01,0.01,0.01
KXHIGHNY-26MAR27-B64.5,2026-03-27,kalshi_candlesticks,0.31,0.38,0.33,0.14,0.19
KXHIGHNY-26MAR27-B66.5,2026-03-27,kalshi_candlesticks,0.3,0.6,0.69,0.88,0.83
KXHIGHNY-26MAR27-B68.5,2026-03-27,kalshi_candlesticks,0.3,0.02,0.01,0.01,0.01
KXHIGHNY-26MAR27-T62,2026-03-27,kalshi_candlesticks,0.08,0.01,0.01,0.01,0.01
KXHIGHNY-26MAR27-T69,2026-03-27,kalshi_candlesticks,0.01,0.01,0.01,0.01,0.01
KXHIGHNY-26MAR28-B40.5,2026-03-28,kalshi_candlesticks,0.4,0.06,0.04,0.04,0.02
KXHIGHNY-26MAR28-B42.5,2026-03-28,kalshi_candlesticks,0.04,0.38,0.45,0.54,0.57
KXHIGHNY-26MAR28-B44.5,2026-03-28,kalshi_candlesticks,0.02,0.49,0.49,0.36,0.41
KXHIGHNY-26MAR28-B46.5,2026-03-28,kalshi_candlesticks,0.1,0.11,0.08,0.04,0.03
KXHIGHNY-26MAR28-T40,2026-03-28,kalshi_candlesticks,0.01,0.01,0.01,0.01,0.01
KXHIGHNY-26MAR28-T47,2026-03-28,kalshi_candlesticks,0.07,0.02,0.01,0.01,0.01
KXHIGHNY-26MAR29-B50.5,2026-03-29,kalshi_candlesticks,0.1,0.03,0.01,0.01,0.01
KXHIGHNY-26MAR29-B52.5,2026-03-29,kalshi_candlesticks,0.21,0.11,0.05,0.03,0.01
KXHIGHNY-26MAR29-B54.5,2026-03-29,kalshi_candlesticks,0.2,0.45,0.45,0.57,0.47
KXHIGHNY-26MAR29-B56.5,2026-03-29,kalshi_candlesticks,0.01,0.4,0.4,0.34,0.46
KXHIGHNY-26MAR29-T50,2026-03-29,kalshi_candlesticks,0.01,0.01,0.01,0.01,0.01
KXHIGHNY-26MAR29-T57,2026-03-29,kalshi_candlesticks,0.01,0.03,0.05,0.03,0.02
KXHIGHNY-26MAR30-B62.5,2026-03-30,kalshi_candlesticks,0.15,0.01,0.02,0.01,0.01
KXHIGHNY-26MAR30-B64.5,2026-03-30,kalshi_candlesticks,0.15,0.03,0.02,0.01,0.01
KXHIGHNY-26MAR30-B66.5,2026-03-30,kalshi_candlesticks,0.15,0.16,0.06,0.03,0.01
KXHIGHNY-26MAR30-B68.5,2026-03-30,kalshi_candlesticks,0.15,0.26,0.21,0.22,0.01
KXHIGHNY-26MAR30-T62,2026-03-30,kalshi_candlesticks,0.1,0.02,0.02,0.01,0.01
KXHIGHNY-26MAR30-T69,2026-03-30,kalshi_candlesticks,0.15,0.53,0.69,0.76,0.99
KXHIGHNY-26MAR31-B70.5,2026-03-31,kalshi_candlesticks,0.18,0.01,0.01,0.01,0.01
KXHIGHNY-26MAR31-B72.5,2026-03-31,kalshi_candlesticks,0.6,0.01,0.01,0.01,0.01
KXHIGHNY-26MAR31-B74.5,2026-03-31,kalshi_candlesticks,0.6,0.02,0.02,0.02,0.01
KXHIGHNY-26MAR31-B76.5,2026-03-31,kalshi_candlesticks,0.17,0.14,0.12,0.06,0.13
KXHIGHNY-26MAR31-T70,2026-03-31,kalshi_candlesticks,0.05,0.01,0.01,0.01,0.01
KXHIGHNY-26MAR31-T77,2026-03-31,kalshi_candlesticks,0.13,0.83,0.87,0.94,0.87
KXHIGHNY-26APR01-B72.5,2026-04-01,kalshi_candlesticks,0.17,0.02,0.01,0.01,0.01
KXHIGHNY-26APR01-B74.5,2026-04-01,kalshi_candlesticks,0.19,0.21,0.17,0.01,0.01
KXHIGHNY-26APR01-B76.5,2026-04-01,kalshi_candlesticks,0.18,0.35,0.41,0.58,0.01
KXHIGHNY-26APR01-B78.5,2026-04-01,kalshi_candlesticks,0.2,0.33,0.37,0.37,0.85
KXHIGHNY-26APR01-T72,2026-04-01,kalshi_candlesticks,0.05,0.01,0.01,0.01,0.01
KXHIGHNY-26APR01-T79,2026-04-01,kalshi_candlesticks,0.15,0.13,0.05,0.05,0.13
KXHIGHNY-26APR02-B54.5,2026-04-02,kalshi_candlesticks,0.5,0.01,0.01,0.01,0.01
KXHIGHNY-26APR02-B56.5,2026-04-02,kalshi_candlesticks,0.6,0.01,0.01,0.01,0.01
KXHIGHNY-26APR02-B58.5,2026-04-02,kalshi_candlesticks,0.01,0.01,0.01,0.01,0.01
KXHIGHNY-26APR02-B60.5,2026-04-02,kalshi_candlesticks,0.01,0.01,0.01,0.01,0.01
KXHIGHNY-26APR02-T54,2026-04-02,kalshi_candlesticks,0.52,0.99,0.99,0.99,0.99
KXHIGHNY-26APR02-T61,2026-04-02,kalshi_candlesticks,0.02,0.01,0.01,0.01,0.01
KXHIGHNY-26APR03-B65.5,2026-04-03,kalshi_candlesticks,0.02,0.2,0.2,0.3,0.44
KXHIGHNY-26APR03-B67.5,2026-04-03,kalshi_candlesticks,0.21,0.38,0.39,0.49,0.21
KXHIGHNY-26APR03-B69.5,2026-04-03,kalshi_candlesticks,0.02,0.29,0.29,0.14,0.09
KXHIGHNY-26APR03-B71.5,2026-04-03,kalshi_candlesticks,0.02,0.03,0.01,0.02,0.02
KXHIGHNY-26APR03-T65,2026-04-03,kalshi_candlesticks,0.01,0.11,0.11,0.1,0.34
KXHIGHNY-26APR03-T72,2026-04-03,kalshi_candlesticks,0.33,0.04,0.02,0.02,0.01
KXHIGHNY-26APR04-B68.5,2026-04-04,kalshi_candlesticks,0.03,0.25,0.19,0.21,0.01
KXHIGHNY-26APR04-B70.5,2026-04-04,kalshi_candlesticks,0.12,0.34,0.44,0.37,0.01
KXHIGHNY-26APR04-B72.5,2026-04-04,kalshi_candlesticks,0.1,0.19,0.22,0.24,0.72
KXHIGHNY-26APR04-B74.5,2026-04-04,kalshi_candlesticks,0.13,0.06,0.1,0.11,0.19
KXHIGHNY-26APR04-T68,2026-04-04,kalshi_candlesticks,0.14,0.19,0.04,0.01,0.01
KXHIGHNY-26APR04-T75,2026-04-04,kalshi_candlesticks,0.09,0.02,0.02,0.01,0.06
KXHIGHNY-26APR05-B60.5,2026-04-05,kalshi_candlesticks,0.13,0.28,0.24,0.09,0.22
KXHIGHNY-26APR05-B62.5,2026-04-05,kalshi_candlesticks,0.2,0.17,0.19,0.03,0.05
KXHIGHNY-26APR05-B64.5,2026-04-05,kalshi_candlesticks,0.2,0.11,0.12,0.01,0.01
KXHIGHNY-26APR05-B66.5,2026-04-05,kalshi_candlesticks,0.13,0.07,0.03,0.01,0.01
KXHIGHNY-26APR05-T60,2026-04-05,kalshi_candlesticks,0.52,0.33,0.44,0.84,0.71
KXHIGHNY-26APR05-T67,2026-04-05,kalshi_candlesticks,0.5,0.02,0.02,0.01,0.01
KXHIGHNY-26APR06-B54.5,2026-04-06,kalshi_candlesticks,0.24,0.31,0.3,0.37,0.64
KXHIGHNY-26APR06-B56.5,2026-04-06,kalshi_candlesticks,0.53,0.44,0.47,0.49,0.24
KXHIGHNY-26APR06-B58.5,2026-04-06,kalshi_candlesticks,0.07,0.15,0.13,0.05,0.01
KXHIGHNY-26APR06-B60.5,2026-04-06,kalshi_candlesticks,0.06,0.03,0.02,0.02,0.02
KXHIGHNY-26APR06-T54,2026-04-06,kalshi_candlesticks,0.76,0.09,0.06,0.06,0.12
KXHIGHNY-26APR06-T61,2026-04-06,kalshi_candlesticks,0.25,0.02,0.01,0.01,0.01
KXHIGHNY-26APR07-B48.5,2026-04-07,kalshi_candlesticks,0.35,0.01,0.01,0.01,0.01
KXHIGHNY-26APR07-B50.5,2026-04-07,kalshi_candlesticks,0.15,0.25,0.07,0.03,0.01
KXHIGHNY-26APR07-B52.5,2026-04-07,kalshi_candlesticks,0.05,0.45,0.5,0.77,0.01
KXHIGHNY-26APR07-B54.5,2026-04-07,kalshi_candlesticks,0.13,0.27,0.35,0.18,0.01
KXHIGHNY-26APR07-T48,2026-04-07,kalshi_candlesticks,0.1,0.01,0.01,0.01,0.01
KXHIGHNY-26APR07-T55,2026-04-07,kalshi_candlesticks,0.16,0.05,0.07,0.01,0.99
KXHIGHNY-26APR08-B46.5,2026-04-08,kalshi_candlesticks,0.11,0.04,0.04,0.08,0.05
KXHIGHNY-26APR08-B48.5,2026-04-08,kalshi_candlesticks,0.22,0.27,0.29,0.36,0.48
KXHIGHNY-26APR08-B50.5,2026-04-08,kalshi_candlesticks,0.32,0.45,0.39,0.42,0.4
KXHIGHNY-26APR08-B52.5,2026-04-08,kalshi_candlesticks,0.13,0.19,0.24,0.09,0.09
KXHIGHNY-26APR08-T46,2026-04-08,kalshi_candlesticks,0.06,0.01,0.01,0.03,0.01
KXHIGHNY-26APR08-T53,2026-04-08,kalshi_candlesticks,0.47,0.1,0.09,0.04,0.01
KXHIGHNY-26APR09-B53.5,2026-04-09,kalshi_candlesticks,0.15,0.31,0.31,0.29,0.11
KXHIGHNY-26APR09-B55.5,2026-04-09,kalshi_candlesticks,0.14,0.13,0.1,0.1,0.02
KXHIGHNY-26APR09-B57.5,2026-04-09,kalshi_candlesticks,0.17,0.07,0.03,0.02,0.01
KXHIGHNY-26APR09-B59.5,2026-04-09,kalshi_candlesticks,0.17,0.01,0.01,0.01,0.01
KXHIGHNY-26APR09-T53,2026-04-09,kalshi_candlesticks,0.45,0.55,0.56,0.66,0.88
KXHIGHNY-26APR09-T60,2026-04-09,kalshi_candlesticks,0.12,0.01,0.01,0.01,0.01
KXHIGHNY-26APR10-B61.5,2026-04-10,kalshi_candlesticks,0.28,0.1,0.13,0.09,0.01
KXHIGHNY-26APR10-B63.5,2026-04-10,kalshi_candlesticks,0.18,0.43,0.49,0.52,0.64
KXHIGHNY-26APR10-B65.5,2026-04-10,kalshi_candlesticks,0.13,0.37,0.33,0.28,0.31
KXHIGHNY-26APR10-B67.5,2026-04-10,kalshi_candlesticks,0.09,0.09,0.06,0.07,0.06
KXHIGHNY-26APR10-T61,2026-04-10,kalshi_candlesticks,0.1,0.04,0.01,0.04,0.01
KXHIGHNY-26APR10-T68,2026-04-10,kalshi_candlesticks,0.17,0.02,0.01,0.02,0.01
KXHIGHNY-26APR11-B61.5,2026-04-11,kalshi_candlesticks,0.21,0.35,0.47,0.61,0.01
KXHIGHNY-26APR11-B63.5,2026-04-11,kalshi_candlesticks,0.03,0.44,0.42,0.27,0.82
KXHIGHNY-26APR11-B65.5,2026-04-11,kalshi_candlesticks,0.04,0.15,0.07,0.04,0.17
KXHIGHNY-26APR11-B67.5,2026-04-11,kalshi_candlesticks,0.04,0.02,0.01,0.01,0.01
KXHIGHNY-26APR11-T61,2026-04-11,kalshi_candlesticks,0.17,0.05,0.06,0.07,0.01
KXHIGHNY-26APR11-T68,2026-04-11,kalshi_candlesticks,0.11,0.01,0.01,0.01,0.01
KXHIGHNY-26APR12-B56.5,2026-04-12,kalshi_candlesticks,0.3,0.44,0.5,0.59,0.25
KXHIGHNY-26APR12-B58.5,2026-04-12,kalshi_candlesticks,0.12,0.33,0.35,0.17,0.02
KXHIGHNY-26APR12-B60.5,2026-04-12,kalshi_candlesticks,0.11,0.08,0.07,0.02,0.01
KXHIGHNY-26APR12-B62.5,2026-04-12,kalshi_candlesticks,0.03,0.02,0.01,0.01,0.01
KXHIGHNY-26APR12-T56,2026-04-12,kalshi_candlesticks,0.22,0.18,0.11,0.22,0.74
KXHIGHNY-26APR12-T63,2026-04-12,kalshi_candlesticks,0.17,0.01,0.01,0.01,0.01
KXHIGHNY-26APR13-B74.5,2026-04-13,kalshi_candlesticks,0.01,0.03,0.03,0.01,0.02
KXHIGHNY-26APR13-B76.5,2026-04-13,kalshi_candlesticks,0.01,0.17,0.14,0.04,0.2
KXHIGHNY-26APR13-B78.5,2026-04-13,kalshi_candlesticks,0.01,0.4,0.39,0.21,0.54
KXHIGHNY-26APR13-B80.5,2026-04-13,kalshi_candlesticks,0.01,0.31,0.38,0.52,0.22
KXHIGHNY-26APR13-T74,2026-04-13,kalshi_candlesticks,0.01,0.01,0.02,0.01,0.01
KXHIGHNY-26APR13-T81,2026-04-13,kalshi_candlesticks,0.01,0.13,0.11,0.26,0.06
KXHIGHNY-26APR14-B79.5,2026-04-14,kalshi_candlesticks,0.01,0.01,0.01,0.01,0.01
KXHIGHNY-26APR14-B81.5,2026-04-14,kalshi_candlesticks,0.01,0.12,0.04,0.01,0.01
KXHIGHNY-26APR14-B83.5,2026-04-14,kalshi_candlesticks,0.01,0.25,0.2,0.08,0.01
KXHIGHNY-26APR14-B85.5,2026-04-14,kalshi_candlesticks,0.01,0.4,0.5,0.52,0.36
KXHIGHNY-26APR14-T79,2026-04-14,kalshi_candlesticks,0.01,0.01,0.01,0.01,0.01
KXHIGHNY-26APR14-T86,2026-04-14,kalshi_candlesticks,0.01,0.29,0.28,0.38,0.62
KXHIGHNY-26APR15-B83.5,2026-04-15,kalshi_candlesticks,0.6,0.01,0.01,0.03,0.01
KXHIGHNY-26APR15-B85.5,2026-04-15,kalshi_candlesticks,0.6,0.08,0.12,0.06,0.02
KXHIGHNY-26APR15-B87.5,2026-04-15,kalshi_candlesticks,0.6,0.37,0.38,0.45,0.31
KXHIGHNY-26APR15-B89.5,2026-04-15,kalshi_candlesticks,0.25,0.42,0.41,0.4,0.68
KXHIGHNY-26APR15-T83,2026-04-15,kalshi_candlesticks,0.01,0.01,0.01,0.01,0.01
KXHIGHNY-26APR15-T90,2026-04-15,kalshi_candlesticks,0.48,0.14,0.12,0.09,0.1
KXHIGHNY-26APR16-B84.5,2026-04-16,kalshi_candlesticks,0.06,0.03,0.03,0.01,0.01
KXHIGHNY-26APR16-B86.5,2026-04-16,kalshi_candlesticks,0.18,0.08,0.09,0.06,0.01
KXHIGHNY-26APR16-B88.5,2026-04-16,kalshi_candlesticks,0.22,0.43,0.39,0.34,0.29
KXHIGHNY-26APR16-B90.5,2026-04-16,kalshi_candlesticks,0.16,0.44,0.45,0.49,0.69
KXHIGHNY-26APR16-T84,2026-04-16,kalshi_candlesticks,0.08,0.01,0.01,0.01,0.01
KXHIGHNY-26APR16-T91,2026-04-16,kalshi_candlesticks,0.1,0.06,0.06,0.11,0.12
KXHIGHNY-26APR17-B77.5,2026-04-17,kalshi_candlesticks,0.2,0.39,0.55,0.09,0.01
KXHIGHNY-26APR17-B79.5,2026-04-17,kalshi_candlesticks,0.2,0.43,0.3,0.65,0.01
KXHIGHNY-26APR17-B81.5,2026-04-17,kalshi_candlesticks,0.03,0.09,0.03,0.21,0.97
KXHIGHNY-26APR17-B83.5,2026-04-17,kalshi_candlesticks,0.01,0.01,0.01,0.03,0.02
KXHIGHNY-26APR17-T77,2026-04-17,kalshi_candlesticks,0.1,0.13,0.17,0.01,0.01
KXHIGHNY-26APR17-T84,2026-04-17,kalshi_candlesticks,0.32,0.01,0.01,0.01,0.01
KXHIGHNY-26APR18-B61.5,2026-04-18,kalshi_candlesticks,0.02,0.03,0.02,0.01,0.01
KXHIGHNY-26APR18-B63.5,2026-04-18,kalshi_candlesticks,0.19,0.1,0.08,0.27,0.01
KXHIGHNY-26APR18-B65.5,2026-04-18,kalshi_candlesticks,0.11,0.27,0.39,0.59,0.84
KXHIGHNY-26APR18-B67.5,2026-04-18,kalshi_candlesticks,0.08,0.44,0.36,0.21,0.14
KXHIGHNY-26APR18-T61,2026-04-18,kalshi_candlesticks,0.07,0.01,0.01,0.01,0.01
KXHIGHNY-26APR18-T68,2026-04-18,kalshi_candlesticks,0.27,0.2,0.16,0.05,0.01
KXHIGHNY-26APR19-B54.5,2026-04-19,kalshi_candlesticks,0.03,0.25,0.18,0.12,0.01
KXHIGHNY-26APR19-B56.5,2026-04-19,kalshi_candlesticks,0.08,0.05,0.02,0.01,0.01
KXHIGHNY-26APR19-B58.5,2026-04-19,kalshi_candlesticks,0.08,0.03,0.01,0.01,0.01
KXHIGHNY-26APR19-B60.5,2026-04-19,kalshi_candlesticks,0.11,0.01,0.01,0.01,0.01
KXHIGHNY-26APR19-T54,2026-04-19,kalshi_candlesticks,0.5,0.7,0.83,0.92,0.99
KXHIGHNY-26APR19-T61,2026-04-19,kalshi_candlesticks,0.54,0.01,0.01,0.01,0.01
KXHIGHNY-26APR20-B51.5,2026-04-20,kalshi_candlesticks,0.09,0.37,0.5,0.51,0.88
KXHIGHNY-26APR20-B53.5,2026-04-20,kalshi_candlesticks,0.04,0.58,0.24,0.4,0.14
KXHIGHNY-26APR20-B55.5,2026-04-20,kalshi_candlesticks,0.09,0.03,0.02,0.04,0.01
KXHIGHNY-26APR20-B57.5,2026-04-20,kalshi_candlesticks,0.03,0.01,0.02,0.01,0.01
KXHIGHNY-26APR20-T51,2026-04-20,kalshi_candlesticks,0.52,0.12,0.27,0.04,0.01
KXHIGHNY-26APR20-T58,2026-04-20,kalshi_candlesticks,0.02,0.01,0.01,0.01,0.01
KXHIGHNY-26APR21-B51.5,2026-04-21,kalshi_candlesticks,0.08,0.26,0.26,0.2,0.19
KXHIGHNY-26APR21-B53.5,2026-04-21,kalshi_candlesticks,0.59,0.56,0.59,0.69,0.74
KXHIGHNY-26APR21-B55.5,2026-04-21,kalshi_candlesticks,0.02,0.1,0.09,0.13,0.08
KXHIGHNY-26APR21-B57.5,2026-04-21,kalshi_candlesticks,0.22,0.02,0.01,0.01,0.01
KXHIGHNY-26APR21-T51,2026-04-21,kalshi_candlesticks,0.48,0.03,0.02,0.01,0.01
KXHIGHNY-26APR21-T58,2026-04-21,kalshi_candlesticks,0.45,0.01,0.01,0.01,0.01
KXHIGHNY-26APR22-B57.5,2026-04-22,kalshi_candlesticks,0.12,0.18,0.27,0.29,0.55
KXHIGHNY-26APR22-B59.5,2026-04-22,kalshi_candlesticks,0.02,0.02,0.04,0.05,0.11
KXHIGHNY-26APR22-B61.5,2026-04-22,kalshi_candlesticks,0.02,0.01,0.02,0.01,0.01
KXHIGHNY-26APR22-B63.5,2026-04-22,kalshi_candlesticks,0.02,0.01,0.01,0.01,0.01
KXHIGHNY-26APR22-T57,2026-04-22,kalshi_candlesticks,0.99,0.78,0.66,0.69,0.42
KXHIGHNY-26APR22-T64,2026-04-22,kalshi_candlesticks,0.02,0.01,0.01,0.01,0.01
KXHIGHNY-26APR23-B68.5,2026-04-23,kalshi_candlesticks,0.2,0.01,0.01,0.01,0.01
KXHIGHNY-26APR23-B70.5,2026-04-23,kalshi_candlesticks,0.28,0.07,0.06,0.06,0.01
KXHIGHNY-26APR23-B72.5,2026-04-23,kalshi_candlesticks,0.17,0.29,0.32,0.36,0.44
KXHIGHNY-26APR23-B74.5,2026-04-23,kalshi_candlesticks,0.12,0.51,0.49,0.48,0.57
KXHIGHNY-26APR23-T68,2026-04-23,kalshi_candlesticks,0.08,0.01,0.01,0.01,0.01
KXHIGHNY-26APR23-T75,2026-04-23,kalshi_candlesticks,0.11,0.16,0.17,0.13,0.05
KXHIGHNY-26APR24-B60.5,2026-04-24,kalshi_candlesticks,0.01,0.01,0.01,0.01,0.01
KXHIGHNY-26APR24-B62.5,2026-04-24,kalshi_candlesticks,0.6,0.02,0.07,0.01,0.01
KXHIGHNY-26APR24-B64.5,2026-04-24,kalshi_candlesticks,0.6,0.25,0.44,0.09,0.01
KXHIGHNY-26APR24-B66.5,2026-04-24,kalshi_candlesticks,0.1,0.41,0.43,0.55,0.81
KXHIGHNY-26APR24-T60,2026-04-24,kalshi_candlesticks,0.08,0.01,0.01,0.01,0.01
KXHIGHNY-26APR24-T67,2026-04-24,kalshi_candlesticks,0.02,0.35,0.1,0.4,0.17
